mean_fit_time,std_fit_time,mean_score_time,std_score_time,param_n_estimators,param_min_samples_split,param_min_samples_leaf,param_max_features,param_max_depth,param_bootstrap,params,split0_test_score,split1_test_score,split2_test_score,split3_test_score,split4_test_score,split5_test_score,split6_test_score,split7_test_score,split8_test_score,split9_test_score,split10_test_score,split11_test_score,split12_test_score,split13_test_score,split14_test_score,mean_test_score,std_test_score,rank_test_score,split0_train_score,split1_train_score,split2_train_score,split3_train_score,split4_train_score,split5_train_score,split6_train_score,split7_train_score,split8_train_score,split9_train_score,split10_train_score,split11_train_score,split12_train_score,split13_train_score,split14_train_score,mean_train_score,std_train_score
1.1383098443349202,0.06635008825476656,0.13042445182800294,0.025631170292144012,200,4,8,0.5,8,True,"{'n_estimators': 200, 'min_samples_split': 4, 'min_samples_leaf': 8, 'max_features': 0.5, 'max_depth': 8, 'bootstrap': True}",-0.042960942684869316,-0.04895113619467752,-0.04205133913875355,-0.044789413214011434,-0.040517786838645604,-0.04662803775769863,-0.04698529036077171,-0.040416301192260314,-0.04083399920441506,-0.04279571012062112,-0.04232107369661308,-0.047481981793161196,-0.04126975791860549,-0.04704500955014293,-0.041224983247594806,-0.043751517527522786,0.002836885904187958,39,-0.04238616414384111,-0.03729926565258244,-0.041152890826640164,-0.04197560828901949,-0.039923406862672296,-0.04174032047728386,-0.03954727873567125,-0.04244335397801653,-0.03974632103960487,-0.03929028401675276,-0.04105750436251255,-0.03759601840127328,-0.04005376384201211,-0.042218667802778956,-0.042965387138391146,-0.04062641570460352,0.0016877576703063252
0.0018495877583821615,0.00035019241933844736,0.0,0.0,600,8,1,auto,,False,"{'n_estimators': 600, 'min_samples_split': 8, 'min_samples_leaf': 1, 'max_features': 'auto', 'max_depth': None, 'bootstrap': False}",,,,,,,,,,,,,,,,,,48,,,,,,,,,,,,,,,,,
2.3830127398173016,0.10845581538936354,0.19084121386210123,0.04015406784519182,400,4,4,0.5,16,False,"{'n_estimators': 400, 'min_samples_split': 4, 'min_samples_leaf': 4, 'max_features': 0.5, 'max_depth': 16, 'bootstrap': False}",-0.021018264821583015,-0.030726643420418948,-0.021146294285438363,-0.02288358676478932,-0.024730083908081398,-0.027453388392497117,-0.024615896188444987,-0.020458951789061777,-0.022131262688800016,-0.023672481391684718,-0.02075325889915868,-0.027546565653206324,-0.02368919600156396,-0.0287498061526563,-0.02141304393184909,-0.024065914952615602,0.0031081515034795796,2,-0.017504981770650584,-0.015152442926755142,-0.01788560364717808,-0.017525594107282997,-0.01645865845203415,-0.016323562114047663,-0.016582069693692723,-0.018223926103776187,-0.017342556874245723,-0.016871099863281887,-0.017811536925706084,-0.015803285885424772,-0.016921458094147593,-0.016564239006495108,-0.017336136787842616,-0.016953810150170754,0.0008022474946028206
1.0451613426208497,0.09794173173620384,0.11305276552836101,0.03117139209036887,200,8,4,0.3,,False,"{'n_estimators': 200, 'min_samples_split': 8, 'min_samples_leaf': 4, 'max_features': 0.3, 'max_depth': None, 'bootstrap': False}",-0.02384315949920096,-0.03386716815869499,-0.02411571521041172,-0.02556183632708524,-0.027443884197256307,-0.03000443250627507,-0.027408117492468693,-0.02342525717132782,-0.02565292380408111,-0.026885924642626267,-0.02423195362717545,-0.030265027491642386,-0.026353803767436727,-0.030209527666300535,-0.024290063982947654,-0.026903919702995396,0.002918379458914101,10,-0.02038387297882109,-0.018269302165856805,-0.020719960670332778,-0.02038593195497007,-0.019578982506924282,-0.019175992218513696,-0.019510115034596622,-0.020654860081157498,-0.019989714210275202,-0.019897097219851296,-0.02074680104665684,-0.018830933005250735,-0.019707004140472315,-0.019102548923928517,-0.020162830547453204,-0.019807729780337402,0.0007133685027968628
4.948221222559611,0.31439255039540714,0.3753880182902018,0.04412844330079119,1000,8,1,0.3,20,True,"{'n_estimators': 1000, 'min_samples_split': 8, 'min_samples_leaf': 1, 'max_features': 0.3, 'max_depth': 20, 'bootstrap': True}",-0.024246451570264126,-0.03430819613213372,-0.025441586255318657,-0.02667376783985494,-0.028092541430268615,-0.03064357842844605,-0.02854098464356725,-0.023759372485928177,-0.026661260662752494,-0.02794574834260215,-0.025370440310997767,-0.031209564882701026,-0.027061409613296797,-0.030891871491811874,-0.025456430835592684,-0.027753546995035756,0.0028433909502203576,17,-0.02227051524711688,-0.01994570187106859,-0.022508939882532768,-0.02199434770114374,-0.02145210067066532,-0.020885260159867008,-0.02156502993952277,-0.022661985286332148,-0.021955560281818408,-0.021580275622515202,-0.022510386232649945,-0.020666715006161504,-0.02169134047529897,-0.021070973584623606,-0.022064330763054155,-0.021654897514958072,0.0007355262464360831
0.0012825806935628256,0.0004909625840922516,0.0,0.0,100,8,8,auto,28,True,"{'n_estimators': 100, 'min_samples_split': 8, 'min_samples_leaf': 8, 'max_features': 'auto', 'max_depth': 28, 'bootstrap': True}",,,,,,,,,,,,,,,,,,48,,,,,,,,,,,,,,,,,
2.465770149230957,0.2170481363778415,0.2607786019643148,0.05185736705249794,600,2,8,0.3,20,True,"{'n_estimators': 600, 'min_samples_split': 2, 'min_samples_leaf': 8, 'max_features': 0.3, 'max_depth': 20, 'bootstrap': True}",-0.03417617358596063,-0.041878434226807745,-0.0331326465866273,-0.03664008710898132,-0.03556893574713297,-0.03867740892751024,-0.03834552601491279,-0.03217952010457629,-0.035130745510450756,-0.036692256405042666,-0.03456583533311714,-0.04227831029455383,-0.0343686505192479,-0.03914253135403338,-0.032954794148965426,-0.03638212372452802,0.003014346678482288,33,-0.033412416525534706,-0.030438388666624443,-0.03248060586482939,-0.03321376318594803,-0.03292313983239313,-0.03186757168189932,-0.03215394505159785,-0.03351290695521996,-0.0327294046589887,-0.03280674342630444,-0.03324726308828081,-0.03154699889521957,-0.03264313827331944,-0.03242289442719793,-0.03323220361700603,-0.03257542561002425,0.0007919544824572164
1.6614317735036215,0.11095982323904005,0.21427671114603677,0.028736028021239313,400,2,4,sqrt,16,False,"{'n_estimators': 400, 'min_samples_split': 2, 'min_samples_leaf': 4, 'max_features': 'sqrt', 'max_depth': 16, 'bootstrap': False}",-0.02714424154871071,-0.036596604850645,-0.027766176224899363,-0.02914377960344461,-0.030564737078234948,-0.03263637806483068,-0.03174376046876489,-0.026582297546564316,-0.028863346484226095,-0.029599074679260023,-0.02807125124019856,-0.03358898827315148,-0.029298522874239365,-0.03289930781071334,-0.027613759238777576,-0.030140815065777395,0.0027292592452132828,25,-0.023825465015658066,-0.02165363365887293,-0.024254097863917693,-0.024046718194217907,-0.023104323706924924,-0.02276560350091563,-0.023578556464350617,-0.02443661993423647,-0.023754757232508132,-0.022888799601379007,-0.02447920947536056,-0.021907057662908107,-0.023222265685565097,-0.023214127176123554,-0.023718607990952247,-0.023389989544259398,0.0008132971867684945
0.6254013538360595,0.07371157494313467,0.07985811233520508,0.017753651622019053,100,2,8,0.5,16,True,"{'n_estimators': 100, 'min_samples_split': 2, 'min_samples_leaf': 8, 'max_features': 0.5, 'max_depth': 16, 'bootstrap': True}",-0.029044483072814223,-0.0373320040863001,-0.028499724034748868,-0.030215765179136055,-0.029926374698807153,-0.03406124545472511,-0.032845946492112664,-0.026711479965348676,-0.029620723453698643,-0.030404939483038764,-0.028192238151877654,-0.036428360443562,-0.028829342271159603,-0.034425194003336775,-0.02763811522103724,-0.030945062400780234,0.0031666530652628352,29,-0.028746461686429615,-0.025685703605097067,-0.02808110444368969,-0.027728833708104503,-0.02736249200355062,-0.026768630005604803,-0.02694608371840144,-0.028415750037636387,-0.027822787861296806,-0.026994775092856464,-0.02791237186353897,-0.026741945967350987,-0.027560562335628837,-0.026990332645938152,-0.028192080484602648,-0.027463327697315125,0.0007642420689862766
0.44821049372355143,0.04991643794263076,0.07471268971761068,0.01614941411128067,100,2,1,0.3,8,False,"{'n_estimators': 100, 'min_samples_split': 2, 'min_samples_leaf': 1, 'max_features': 0.3, 'max_depth': 8, 'bootstrap': False}",-0.04843849068716766,-0.056264546217968316,-0.049543657124501136,-0.05146313082213498,-0.0480274571222456,-0.053157302899223276,-0.05404771665288359,-0.04958422192955888,-0.04855426142933534,-0.04755549382320805,-0.05067809437851109,-0.05244277448221104,-0.04840075582621388,-0.05310355822646994,-0.049226166222450095,-0.050699175189605525,0.002508608306389356,40,-0.04621331022239698,-0.042508553652719404,-0.047533288191530194,-0.04689416977032094,-0.04653231344579648,-0.04613533654573658,-0.045641582426144175,-0.04893099874502982,-0.045945334433637464,-0.04249948603465833,-0.0470496259473801,-0.04175695620923724,-0.04373850831747843,-0.0484110375450531,-0.04845219255068468,-0.04588284626918692,0.002198539562290633
4.731316502888998,0.16235014664982395,0.42673155466715496,0.07424251557575061,1000,8,1,0.3,28,False,"{'n_estimators': 1000, 'min_samples_split': 8, 'min_samples_leaf': 1, 'max_features': 0.3, 'max_depth': 28, 'bootstrap': False}",-0.023611083750827686,-0.03413364121544062,-0.025457212376430026,-0.026504463083489038,-0.027398516563437662,-0.030903371136162427,-0.028225839405142963,-0.022965854911877866,-0.026760303100440426,-0.027391549785572074,-0.02439229525296353,-0.031230021639218414,-0.02712008018471579,-0.03166453307054937,-0.025056792065727116,-0.027521037169466335,0.003104315205283831,16,-0.018412765283330752,-0.016162589625888308,-0.018576930228194326,-0.01797165128131958,-0.017513972952746044,-0.016946771283196018,-0.017470659445224853,-0.018767885607185928,-0.017790704336964055,-0.01767062185875794,-0.01870840245828499,-0.016762390168639837,-0.017761217635628133,-0.016955303455953277,-0.01808006855912818,-0.017703462278696146,0.0007356209748623992
1.7217277050018311,0.10844358103343987,0.19700485865275066,0.030473371971610097,400,8,2,sqrt,28,False,"{'n_estimators': 400, 'min_samples_split': 8, 'min_samples_leaf': 2, 'max_features': 'sqrt', 'max_depth': 28, 'bootstrap': False}",-0.02550399363224497,-0.03479494916081655,-0.0264621679329766,-0.028112629821009406,-0.029492991037805318,-0.03201720161263825,-0.029781491775617872,-0.024876543317043177,-0.02826357100816749,-0.028764978027200922,-0.026308548531737332,-0.03288227196215941,-0.027986104992198134,-0.03225210182607383,-0.026478937595843726,-0.028931898815568867,0.002837787071091087,20,-0.020547597420438386,-0.018384994236309505,-0.020841461483420313,-0.02026618940917803,-0.01979663786833773,-0.019118004704597256,-0.019797100544607774,-0.02085241543298082,-0.020078454144026897,-0.019867987448257882,-0.020897894646107463,-0.018988660504370106,-0.01990101948026719,-0.019181692731106887,-0.020206995762189806,-0.019915140387746402,0.0007183746239073633
2.8223026593526206,0.21587041395107182,0.25898426373799643,0.047135317882851004,600,4,1,0.3,8,True,"{'n_estimators': 600, 'min_samples_split': 4, 'min_samples_leaf': 1, 'max_features': 0.3, 'max_depth': 8, 'bootstrap': True}",-0.05081136898066126,-0.05938490777584714,-0.0518551148669354,-0.053402411932410056,-0.05101276968936937,-0.05489042354407023,-0.05566641430562994,-0.05216132969161352,-0.051091265507034106,-0.05160130509407928,-0.052541494059281456,-0.05485649935291247,-0.05185345024969094,-0.05535455346215873,-0.05081938530289758,-0.05315351292097275,0.0023506351891109797,43,-0.049330193760043224,-0.04662217313038066,-0.051049948201784136,-0.05025192112045602,-0.0497768590961384,-0.049046756687854826,-0.048126040669618675,-0.052375243008886484,-0.04883831452573026,-0.04796568340767219,-0.049273347908616774,-0.04468139278864678,-0.04888546267828294,-0.051889062327828236,-0.05100361489170174,-0.04927440094690943,0.0019211164095993434
0.39995037714640297,0.042014919663597515,0.09765194257100424,0.028937111552574946,100,4,2,sqrt,8,False,"{'n_estimators': 100, 'min_samples_split': 4, 'min_samples_leaf': 2, 'max_features': 'sqrt', 'max_depth': 8, 'bootstrap': False}",-0.06324121227629939,-0.0691592283075941,-0.06241702562229481,-0.06432925608924105,-0.06107694024923282,-0.06666896065301668,-0.06887417333779002,-0.06451549162259602,-0.06317456677969821,-0.06312540334943038,-0.06541576227001407,-0.06692874173843612,-0.060583736396664416,-0.06756991735995334,-0.06257150249301384,-0.06464346123635169,0.0026047629007331413,46,-0.06082668380717017,-0.05670707410750523,-0.06297023588143802,-0.06099887734918602,-0.06032298154206042,-0.060381376131889555,-0.06129775428525914,-0.06474645709497234,-0.06127533265751476,-0.05996404103466723,-0.062053950271055,-0.05586627037109552,-0.05743675742379429,-0.06585551438260576,-0.06315678338059665,-0.060924005981387336,0.0026678274014956104
2.1704716046651202,0.06591224681388451,0.18764632542928059,0.043674966454295555,400,4,4,sqrt,16,True,"{'n_estimators': 400, 'min_samples_split': 4, 'min_samples_leaf': 4, 'max_features': 'sqrt', 'max_depth': 16, 'bootstrap': True}",-0.0298170366922248,-0.038803306818688175,-0.030514594719102065,-0.03279181614542956,-0.0323146107876925,-0.035217350359885574,-0.03481940067864393,-0.02965019943361477,-0.031171173598133192,-0.03238541308662465,-0.030893682559445215,-0.03832625496927722,-0.031254127368185274,-0.03529481984626398,-0.02999426192507878,-0.03288320326588598,0.002870772089702086,31,-0.02832619705693546,-0.025712814815069023,-0.028310759444079868,-0.02875146234824327,-0.02753657850954799,-0.027056700500433007,-0.027677907667267868,-0.02916524802555847,-0.028002927295733615,-0.02736036576241664,-0.02865884865979298,-0.026732140591521843,-0.027480423077454096,-0.027818711440294307,-0.028351814537560197,-0.02779619331546057,0.0008492835734094023
1.5033849557240804,0.07702574942487853,0.14404587745666503,0.03062214809346926,200,2,1,sqrt,16,True,"{'n_estimators': 200, 'min_samples_split': 2, 'min_samples_leaf': 1, 'max_features': 'sqrt', 'max_depth': 16, 'bootstrap': True}",-0.02520045916870471,-0.03643132500416998,-0.027105468732547804,-0.028883609612417725,-0.030279591125108946,-0.03248865017918281,-0.031225474491741706,-0.026147747695887857,-0.027795991270880466,-0.028919407022207327,-0.026206282683141374,-0.03393786526414069,-0.029572782081146026,-0.03244821636440526,-0.027057008856100375,-0.029579991970118867,0.0031064571728953334,23,-0.01759859804279562,-0.014865610261163292,-0.018882311937177095,-0.01753633542586083,-0.016933604187152184,-0.01640819215468223,-0.016539664046298835,-0.01919129396739047,-0.016974368390595816,-0.016335031975026264,-0.018300216464354098,-0.014805230891174576,-0.016733306173649144,-0.01619369762012479,-0.01754839228119929,-0.016989723587909636,0.0012133652750806005
0.003911987940470377,0.004204099198838938,0.0,0.0,600,2,2,auto,12,True,"{'n_estimators': 600, 'min_samples_split': 2, 'min_samples_leaf': 2, 'max_features': 'auto', 'max_depth': 12, 'bootstrap': True}",,,,,,,,,,,,,,,,,,48,,,,,,,,,,,,,,,,,
6.1071325778961185,0.1524023608070783,0.4813452879587809,0.5333081061141971,1000,8,8,0.5,,True,"{'n_estimators': 1000, 'min_samples_split': 8, 'min_samples_leaf': 8, 'max_features': 0.5, 'max_depth': None, 'bootstrap': True}",-0.028511854241332128,-0.03728975948742947,-0.02804203348229235,-0.030769513291107543,-0.030030539148937798,-0.033810573303159654,-0.03258407898242747,-0.02657370873101106,-0.029631164798403224,-0.03064309316505714,-0.028695629934784795,-0.03623101601755802,-0.028894212850794364,-0.03396694190650696,-0.0272063649293881,-0.030858698951346006,0.0031358058437244295,27,-0.028309383844068624,-0.025461338604359472,-0.02761026992952816,-0.028033318132873578,-0.02735415981619467,-0.026516785243813287,-0.026874261259411024,-0.028116578866742393,-0.02786031642647696,-0.02731491842433927,-0.02805362892655362,-0.026525947785021153,-0.027467617498993763,-0.026805341819349966,-0.02774752014145437,-0.02733675911461202,0.0007497575663806101
0.8420591513315837,0.09778246653231927,0.12973507245381674,0.022803767751944003,200,2,4,sqrt,8,True,"{'n_estimators': 200, 'min_samples_split': 2, 'min_samples_leaf': 4, 'max_features': 'sqrt', 'max_depth': 8, 'bootstrap': True}",-0.06410935702188993,-0.07015986724270037,-0.06290029394704874,-0.06667871695496552,-0.06495209618122867,-0.06600477868701887,-0.06844238802845949,-0.06373310374091999,-0.06324980598773014,-0.06336362918143097,-0.06587986510102165,-0.06866669109621702,-0.06480779802150995,-0.06617922344645494,-0.06382094003826792,-0.06552990364512427,0.002124094568159607,47,-0.061930129792610714,-0.05863111932884158,-0.06408462929247574,-0.06359484367808152,-0.0636974323560163,-0.059984867597746364,-0.06145430349477307,-0.06470131338416263,-0.06138408544731596,-0.0607785111989437,-0.06246348184114814,-0.0578818615657756,-0.0619862893994554,-0.0646740661318196,-0.0643069961053636,-0.062103595374302,0.002067811922723049
3.362536970774333,0.14359458034525943,0.2239576021830241,0.03991833226883652,600,8,8,sqrt,16,True,"{'n_estimators': 600, 'min_samples_split': 8, 'min_samples_leaf': 8, 'max_features': 'sqrt', 'max_depth': 16, 'bootstrap': True}",-0.04288302538726678,-0.048823212586701886,-0.039340552195349814,-0.04402413790985784,-0.04226775907754038,-0.04560705156972415,-0.04554021715829843,-0.04053191843361814,-0.04214734704865387,-0.044399313265354075,-0.04191182860536584,-0.049531622098460154,-0.04149100636959424,-0.04555836693160063,-0.04125372232771955,-0.04368740539767371,0.002823191150579424,38,-0.040228116857693494,-0.036663675381772856,-0.03862456955858385,-0.039819364890531735,-0.03926176739431708,-0.03827017632942638,-0.03803909348055133,-0.040759995130860496,-0.03914634349421524,-0.03939960324072519,-0.03955969137538372,-0.03724901008102386,-0.03906136503311609,-0.03889443855969376,-0.04057200183365001,-0.03903661417610301,0.001108373839418704
4.104393720626831,0.5372748211319021,0.1757251262664795,0.03162733789217565,400,4,8,0.5,16,True,"{'n_estimators': 400, 'min_samples_split': 4, 'min_samples_leaf': 8, 'max_features': 0.5, 'max_depth': 16, 'bootstrap': True}",-0.028622972638621295,-0.037510859241914066,-0.028289389511794785,-0.03088962034211626,-0.030222935113991756,-0.033928124551347756,-0.03281070075266533,-0.026611166000792028,-0.02965503664789907,-0.03094519289433891,-0.02876781029238356,-0.0363427469444858,-0.029001904437240447,-0.0343333655742217,-0.02748180901347666,-0.031027575597152628,0.003161528152971958,30,-0.028515455055813092,-0.025670053011408143,-0.027853381562729148,-0.02813385839473541,-0.027555987607269253,-0.026681345695222642,-0.0269541023991256,-0.028298351106074145,-0.0280663054981674,-0.02754409282011925,-0.028194081712519244,-0.026696857694188284,-0.02757365386567118,-0.027148643810098887,-0.02807462769543125,-0.027530719861904862,0.0007487571298184099
0.0016669432322184246,0.0009595630538650543,0.0,0.0,200,4,2,auto,28,True,"{'n_estimators': 200, 'min_samples_split': 4, 'min_samples_leaf': 2, 'max_features': 'auto', 'max_depth': 28, 'bootstrap': True}",,,,,,,,,,,,,,,,,,48,,,,,,,,,,,,,,,,,
6.738240003585815,0.9687998532794097,0.5015770594278971,0.07901685114807556,1000,4,1,sqrt,28,True,"{'n_estimators': 1000, 'min_samples_split': 4, 'min_samples_leaf': 1, 'max_features': 'sqrt', 'max_depth': 28, 'bootstrap': True}",-0.024653097297406393,-0.034762843927834804,-0.0257122348657088,-0.027680305071599805,-0.028860268273092078,-0.03132095261478233,-0.02975247384713936,-0.023931452330506146,-0.02710502934710254,-0.02820651794111048,-0.025353395206346236,-0.03267385682073872,-0.027772040442433272,-0.03173265217888618,-0.025556013214181546,-0.028338208891924576,0.0030724794485682163,19,-0.018733869165590153,-0.016246950739063588,-0.01903038788672938,-0.018356646328541684,-0.017792559989849608,-0.017287222141869608,-0.017855700431217456,-0.01904794785462471,-0.018183195984798103,-0.01784765025433891,-0.019064302098761646,-0.016994981506578192,-0.01799036781335874,-0.01740538667783267,-0.018354963804303664,-0.018012808845163875,0.0007809187153020531
0.5985649108886719,0.060431204557312226,0.09917189280192057,0.02289964470731292,100,4,4,0.5,16,False,"{'n_estimators': 100, 'min_samples_split': 4, 'min_samples_leaf': 4, 'max_features': 0.5, 'max_depth': 16, 'bootstrap': False}",-0.021069758752136243,-0.030720269554749317,-0.021140544662897425,-0.022750547749452444,-0.024644932027177338,-0.0274444042622917,-0.024656721350482056,-0.020366372521558686,-0.02211102002013891,-0.02347834459258266,-0.020798737728259166,-0.027853347076255974,-0.02355777612943677,-0.02896013985167001,-0.02166967031215779,-0.024081505772749763,0.0031460707077924227,4,-0.017453194384539232,-0.01524954947088561,-0.017637651344487606,-0.017502802205234834,-0.016542888083123968,-0.0162745092298643,-0.01663892294479734,-0.018188698199922665,-0.017249974894531412,-0.016789487260977433,-0.017832399816618688,-0.01589601787718316,-0.01698727242404131,-0.01644307908761756,-0.017418565427800927,-0.016940334176775065,0.0007597424348567513
2.518742386500041,0.12553331619219335,0.2635567982991536,0.04053899719064462,600,4,4,sqrt,8,False,"{'n_estimators': 600, 'min_samples_split': 4, 'min_samples_leaf': 4, 'max_features': 'sqrt', 'max_depth': 8, 'bootstrap': False}",-0.06214490477486388,-0.06984083976246522,-0.06176223723986542,-0.06440442856750395,-0.061849737201731515,-0.0671225355049672,-0.06811002351962918,-0.06293163369230782,-0.06312773007961124,-0.06131437574534194,-0.06518499552374332,-0.06641407488156126,-0.062201627633503155,-0.06604228662939034,-0.061445284638209946,-0.06425978102631302,0.002623740969423097,45,-0.059806861060338834,-0.05767712515260305,-0.06319305031413716,-0.061389244538146,-0.06065953542956084,-0.06115392932329046,-0.06104919282501232,-0.06371993536986734,-0.061292985704664724,-0.05816722551468528,-0.06144631523638936,-0.056271325707486664,-0.05929780716977207,-0.06480336916914414,-0.0622225123061528,-0.06081002765475006,0.002220396641327335
2.065721289316813,0.10775478313825637,0.23347352345784506,0.044118118025668104,400,2,2,sqrt,,False,"{'n_estimators': 400, 'min_samples_split': 2, 'min_samples_leaf': 2, 'max_features': 'sqrt', 'max_depth': None, 'bootstrap': False}",-0.024675054378417893,-0.0339078355571688,-0.02524702750688434,-0.026594641660075115,-0.02881583180597087,-0.03135616279345501,-0.029409896715165553,-0.024382441438053078,-0.027685569492046636,-0.027641704052057302,-0.025249634281857235,-0.03264744200881614,-0.027835161257981855,-0.03198980996434015,-0.025415733182383327,-0.028190263072978217,0.0029887264180503744,18,-0.016454425996861363,-0.014144761238123811,-0.016958134672307307,-0.01613557789964,-0.01553490588607249,-0.015089755526729797,-0.015548473823206045,-0.016645270383254442,-0.015757876399607827,-0.01578835289361909,-0.016803884153175793,-0.014557560911829068,-0.015754675276449463,-0.014975578055722175,-0.016227828841715353,-0.01575847079722094,0.0007902188867022844
1.7618889172871908,0.12424382946316333,0.21449697812398275,0.03785822064004789,400,4,2,sqrt,12,False,"{'n_estimators': 400, 'min_samples_split': 4, 'min_samples_leaf': 2, 'max_features': 'sqrt', 'max_depth': 12, 'bootstrap': False}",-0.03312738700831517,-0.0437336862012109,-0.03592282916269778,-0.0359255917074918,-0.03499871328135568,-0.03875098082306569,-0.039856386891227134,-0.035380482989716605,-0.036071198438543325,-0.03481138617298484,-0.034886792631964945,-0.03924800694749157,-0.03685750870319026,-0.04074029845720233,-0.03460659282747525,-0.03699452281626222,0.0027738918854570247,34,-0.02853941645736876,-0.027230548114271575,-0.03138258100120675,-0.029832121669981834,-0.02764075034316133,-0.028166809285526687,-0.029714611292038944,-0.03224397594969335,-0.02943332550704702,-0.026507735259467476,-0.02965160650876709,-0.025167669034686892,-0.028773390588922827,-0.031726873279653435,-0.03036218636033197,-0.029091573376808393,0.0018976387762056407
0.0018733978271484376,0.0013415868592497777,0.0,0.0,100,4,8,auto,20,True,"{'n_estimators': 100, 'min_samples_split': 4, 'min_samples_leaf': 8, 'max_features': 'auto', 'max_depth': 20, 'bootstrap': True}",,,,,,,,,,,,,,,,,,48,,,,,,,,,,,,,,,,,
1.4095450083414713,0.050925217947487195,0.1546295960744222,0.0315751875249705,400,8,1,sqrt,8,False,"{'n_estimators': 400, 'min_samples_split': 8, 'min_samples_leaf': 1, 'max_features': 'sqrt', 'max_depth': 8, 'bootstrap': False}",-0.062489635175681034,-0.069193413177354,-0.06236013029891762,-0.06428751344265579,-0.06197522115296787,-0.0666068830315647,-0.06779975339707194,-0.06191218833677402,-0.06341864648026455,-0.061265366834329184,-0.06461895387537384,-0.0659537416609057,-0.0613390204657305,-0.06675072807409647,-0.061392823799618065,-0.06409093461355368,0.002517330331019016,44,-0.060141657766231926,-0.05696842412182719,-0.06317580424756104,-0.06100036936630301,-0.060546154055062626,-0.06029407330289354,-0.0607036952375625,-0.062408392688014236,-0.061289779644964765,-0.057909849456885376,-0.060797352164840925,-0.05569162027366977,-0.05785885576057547,-0.06483904637938935,-0.06215108208792026,-0.06038507710358013,0.0023467881682266373
4.639778025945028,0.15390003857147191,0.3640957514444987,0.04776982517414585,1000,4,8,0.5,8,False,"{'n_estimators': 1000, 'min_samples_split': 4, 'min_samples_leaf': 8, 'max_features': 0.5, 'max_depth': 8, 'bootstrap': False}",-0.03916133810322649,-0.04636461482291211,-0.041459487232844434,-0.040633758515831224,-0.03726624098779802,-0.04374181546180306,-0.04532290976818615,-0.04080659016845315,-0.039001846527602926,-0.03799186825398346,-0.040350515224394784,-0.043935474069313134,-0.037379897507199965,-0.04689803087737033,-0.038775119525353896,-0.04127263380308488,0.0031251226500497603,37,-0.039770140585236737,-0.03374299230436354,-0.040076088498960126,-0.037799222699467665,-0.03577112419438435,-0.03853773445491077,-0.038191819614929096,-0.041438755614052435,-0.037800303363352106,-0.034191539146590684,-0.03932878352479162,-0.03417860363735187,-0.03508973605884922,-0.04254994312548112,-0.04070456656538046,-0.03794475689254013,0.0027089771551973775
5.655570109685262,0.24371003182961046,0.41340980529785154,0.0684377018018993,1000,2,8,0.5,28,True,"{'n_estimators': 1000, 'min_samples_split': 2, 'min_samples_leaf': 8, 'max_features': 0.5, 'max_depth': 28, 'bootstrap': True}",-0.028511854241332128,-0.03728975948742947,-0.02804203348229235,-0.030769513291107543,-0.030030539148937798,-0.03381269812838231,-0.03258407898242747,-0.026573708731011062,-0.02963116479840322,-0.03064309316505714,-0.0286956299347848,-0.03623101601755802,-0.028894212850794364,-0.03396694190650697,-0.027206364929388098,-0.03085884060636085,0.0031359392318845293,28,-0.028309383844068628,-0.025461338604359472,-0.027610269929528163,-0.028033318132873578,-0.027354159816194663,-0.026516134833756772,-0.026874261259411024,-0.02811657886674239,-0.02786031642647696,-0.027314918424339273,-0.028053628926553623,-0.026525947785021153,-0.027467617498993766,-0.026805341819349963,-0.027747520141454367,-0.027336715753941587,0.0007498050039180832
6.543914842605591,0.36089607514831107,0.5475385189056396,0.07246220001333395,1000,2,1,0.3,,False,"{'n_estimators': 1000, 'min_samples_split': 2, 'min_samples_leaf': 1, 'max_features': 0.3, 'max_depth': None, 'bootstrap': False}",-0.023174040192463063,-0.03721323148091852,-0.025100745183355738,-0.028517956744240822,-0.029914458954434963,-0.032727319084274335,-0.03163669040517254,-0.024252767811410003,-0.027595002798675817,-0.029223124349112974,-0.023808235878877478,-0.035011680633383994,-0.03023656411933301,-0.033671245338063975,-0.026198906939635974,-0.02921879799422355,0.004136417156675136,21,-0.009645285646230886,-0.006303993354858156,-0.010014467349974809,-0.008160117700490278,-0.0077844888573772595,-0.007792661916442536,-0.007785917845905383,-0.009270804093870605,-0.008162391999459357,-0.008156886406184161,-0.010011129218124538,-0.0066719123228451286,-0.0077948499332629395,-0.007786114606079013,-0.008530183709871818,-0.008258080330731792,0.0010534583258543894
2.7047768433888755,0.20396204490172004,0.23496065139770508,0.05272634642919654,400,2,4,0.5,16,False,"{'n_estimators': 400, 'min_samples_split': 2, 'min_samples_leaf': 4, 'max_features': 0.5, 'max_depth': 16, 'bootstrap': False}",-0.02101826482158302,-0.03072664342041894,-0.021146294285438367,-0.02288358676478932,-0.024730083908081398,-0.027453388392497117,-0.02461589618844499,-0.020458951789061774,-0.022131262688800016,-0.023672481391684718,-0.020753258899158685,-0.027546565653206324,-0.023689196001563963,-0.0287498061526563,-0.021413043931849098,-0.024065914952615605,0.0031081515034795787,3,-0.017504981770650588,-0.015152442926755138,-0.01788560364717808,-0.017525594107282997,-0.016458658452034154,-0.016323562114047653,-0.016582069693692726,-0.018223926103776187,-0.017342556874245723,-0.016871099863281887,-0.01781153692570608,-0.01580328588542477,-0.016921458094147593,-0.016564239006495115,-0.017336136787842623,-0.016953810150170754,0.0008022474946028216
1.8953548590342204,0.1671033343492599,0.19702467918395997,0.038483284919112896,400,2,8,0.3,20,False,"{'n_estimators': 400, 'min_samples_split': 2, 'min_samples_leaf': 8, 'max_features': 0.3, 'max_depth': 20, 'bootstrap': False}",-0.025367109865408785,-0.03558771828735706,-0.02737718636388363,-0.029854609993348765,-0.029686493103302104,-0.03245122960857564,-0.030177775878511597,-0.026050523320442512,-0.02982780130574407,-0.02889689711027733,-0.027351989321012286,-0.035221224614494145,-0.028130726138788587,-0.032381262453132456,-0.026707316654721463,-0.029671324267933362,0.00300254245998911,24,-0.02585287605740732,-0.023515654785703992,-0.0260107233624157,-0.026398320682356733,-0.025350944558551046,-0.024424818642823837,-0.025025057926688285,-0.026160678940824675,-0.02633222460825049,-0.025282416829674026,-0.026123886604711714,-0.025182536738192485,-0.025294634358126605,-0.024769825538755577,-0.025911969773107713,-0.025442437960506013,0.0007700896339814761
0.0029746055603027343,0.003598283794727262,0.0,0.0,400,2,4,auto,12,False,"{'n_estimators': 400, 'min_samples_split': 2, 'min_samples_leaf': 4, 'max_features': 'auto', 'max_depth': 12, 'bootstrap': False}",,,,,,,,,,,,,,,,,,48,,,,,,,,,,,,,,,,,
2.5665155251820884,0.17737136441573048,0.23817049662272136,0.045923030468150834,400,2,2,0.3,16,True,"{'n_estimators': 400, 'min_samples_split': 2, 'min_samples_leaf': 2, 'max_features': 0.3, 'max_depth': 16, 'bootstrap': True}",-0.023617317255818768,-0.03373906462753559,-0.024563794243664592,-0.02616966833965722,-0.027070267568421343,-0.030074884215929402,-0.028260632112106936,-0.023417737331095173,-0.02585829152291166,-0.026923999435171042,-0.024393370426500145,-0.03057850623753047,-0.026444936351689263,-0.030163789635044597,-0.024527722429373233,-0.027053598782163294,0.002882822191185499,11,-0.019900751636388506,-0.01749287587650238,-0.020293297634762706,-0.019817291725846835,-0.01896375243649793,-0.01854490902859974,-0.019125592617168723,-0.020382447857276654,-0.019531456574488813,-0.01906729849848366,-0.020234664399861192,-0.018031112226793326,-0.019491065662033676,-0.018866516334704837,-0.019687879456740782,-0.01929539413107665,0.0008054857515407832
5.679669936498006,0.2062425063062792,0.5799185911814372,0.09202231751035937,1000,2,2,0.3,16,False,"{'n_estimators': 1000, 'min_samples_split': 2, 'min_samples_leaf': 2, 'max_features': 0.3, 'max_depth': 16, 'bootstrap': False}",-0.02344970978002629,-0.03335197734408205,-0.024503736325147053,-0.02577448964682644,-0.027296056893675275,-0.030513580258678563,-0.028394166816653202,-0.02356086853213756,-0.026545883430047615,-0.02665119254515847,-0.024167735133754406,-0.031225350355964007,-0.0270284576604424,-0.03127780022167658,-0.024639335072306957,-0.027225356001105126,0.003013349731229139,14,-0.016297019444891973,-0.013916172853769795,-0.017054564645791602,-0.015990117072673126,-0.015113048037072162,-0.015054406111085475,-0.015508591714583611,-0.01687792303117875,-0.015681013757727593,-0.015370430773204774,-0.01664915833833184,-0.014081424353086609,-0.01552294416573112,-0.0153392168173271,-0.016325248277638572,-0.015652085292939603,0.0008865891607498873
8.301942030588785,0.9444036850921417,1.0245247522989909,0.9472210552816125,1000,2,1,0.3,,True,"{'n_estimators': 1000, 'min_samples_split': 2, 'min_samples_leaf': 1, 'max_features': 0.3, 'max_depth': None, 'bootstrap': True}",-0.022145291496523306,-0.03391576261799286,-0.023534506182188268,-0.02595228563948988,-0.02718011329781288,-0.03013578281407493,-0.028588557815229156,-0.022536673930231437,-0.02530292736081865,-0.02671728404738913,-0.02302020015470211,-0.031475473644655035,-0.026874892935605535,-0.0307077509870252,-0.023975119726132955,-0.026804174843324757,0.0034446103086328253,8,-0.01410443115181722,-0.011313149521536189,-0.014448039246110335,-0.013376138689582928,-0.012849472676569754,-0.012511102191801283,-0.01287997088205063,-0.01413515863743281,-0.013190799149011747,-0.013048421395349043,-0.014473583600853736,-0.011880149467106508,-0.013034726744353006,-0.012544144958447348,-0.013463880189352889,-0.01315021123342503,0.0008724757306537868
0.5670502185821533,0.07238175236086579,0.13253086407979328,0.032907443076743995,100,8,8,sqrt,16,False,"{'n_estimators': 100, 'min_samples_split': 8, 'min_samples_leaf': 8, 'max_features': 'sqrt', 'max_depth': 16, 'bootstrap': False}",-0.030141030722947434,-0.039641821719733565,-0.03130661583863455,-0.03477541188721097,-0.03353160780094565,-0.035565393452044396,-0.03642846643818845,-0.03085535269579299,-0.03345250353062783,-0.03274763047864986,-0.03176747446486584,-0.04007791937879136,-0.03161481306171671,-0.03687871842275243,-0.03075139324531553,-0.03396907687588117,0.003069659879506386,32,-0.029967871421420062,-0.027539298623896175,-0.02961476825210993,-0.0309569921827341,-0.02924993508585712,-0.028171047512231425,-0.029840074690595318,-0.030644480401918188,-0.030056382017950693,-0.029228449471996085,-0.02988247552663465,-0.028622558343615264,-0.029147924269579246,-0.029884554130900395,-0.029878356306543615,-0.02951234454919882,0.000862770104213967
1.106162691116333,0.09666389637283081,0.13512377738952636,0.025719327632234536,200,8,1,0.3,28,False,"{'n_estimators': 200, 'min_samples_split': 8, 'min_samples_leaf': 1, 'max_features': 0.3, 'max_depth': 28, 'bootstrap': False}",-0.023474994109143655,-0.03419638088187327,-0.025336402629592737,-0.026572264674226787,-0.027458049960194075,-0.03086387191236434,-0.02828507535937714,-0.022892608381239448,-0.026731857167947987,-0.02731804058452864,-0.024336258964957447,-0.03140040822625733,-0.026825515886836182,-0.03132095007366511,-0.025192454547512393,-0.027480342223981102,0.0031194548971947415,15,-0.018461284591126316,-0.016186083216589067,-0.01859891029084898,-0.017911553727849482,-0.017496487339301172,-0.016964047017454593,-0.01748331043997079,-0.01881340898154685,-0.017815882465698027,-0.017680784015899943,-0.01873376306301327,-0.016705100129699453,-0.017726588867418555,-0.016916356963865595,-0.018018581354116596,-0.01770080949762658,0.0007475537222996501
0.0021425406138102215,0.0020589426795361208,0.0,0.0,1000,8,2,auto,28,False,"{'n_estimators': 1000, 'min_samples_split': 8, 'min_samples_leaf': 2, 'max_features': 'auto', 'max_depth': 28, 'bootstrap': False}",,,,,,,,,,,,,,,,,,48,,,,,,,,,,,,,,,,,
0.0017873128255208334,0.001043219952645259,0.0,0.0,400,2,4,auto,,False,"{'n_estimators': 400, 'min_samples_split': 2, 'min_samples_leaf': 4, 'max_features': 'auto', 'max_depth': None, 'bootstrap': False}",,,,,,,,,,,,,,,,,,48,,,,,,,,,,,,,,,,,
3.4533530871073403,0.0859828237933438,0.13505729039510092,0.0281701500256811,200,2,1,0.3,28,True,"{'n_estimators': 200, 'min_samples_split': 2, 'min_samples_leaf': 1, 'max_features': 0.3, 'max_depth': 28, 'bootstrap': True}",-0.022261287262320063,-0.033784160143972834,-0.023342077226185386,-0.026114997951393337,-0.027201502067766007,-0.030152322556779073,-0.02879414365848415,-0.022607137441402782,-0.025246585415408435,-0.02667918835849412,-0.02294923676112248,-0.03156354211717371,-0.026985082631799988,-0.03083982632579273,-0.023972620516585323,-0.026832914028978697,0.0034548566797512983,9,-0.014230275272843672,-0.011381561493623696,-0.014629521722180107,-0.013469421227465955,-0.012869362981679611,-0.012686334434036701,-0.012963543076560299,-0.014292278781339407,-0.01330056669871864,-0.013183237248915406,-0.014483624566441002,-0.011966378574802658,-0.013123360665541553,-0.012587966627531342,-0.013683296443097669,-0.013256715320985182,0.0008889003254446406
0.9088423411051433,0.7209877144007313,0.09438659350077311,0.030970703988399205,100,2,4,0.5,16,False,"{'n_estimators': 100, 'min_samples_split': 2, 'min_samples_leaf': 4, 'max_features': 0.5, 'max_depth': 16, 'bootstrap': False}",-0.021069758752136254,-0.030720269554749317,-0.021140544662897432,-0.02275054774945244,-0.024644932027177338,-0.027444404262291697,-0.024656721350482056,-0.02036637252155869,-0.02211102002013891,-0.02347834459258266,-0.020798737728259166,-0.02785334707625597,-0.02355777612943677,-0.02896013985167001,-0.02166967031215779,-0.024081505772749767,0.0031460707077924205,5,-0.01745319438453923,-0.015249549470885611,-0.017637651344487606,-0.017502802205234834,-0.016542888083123968,-0.0162745092298643,-0.016638922944797338,-0.018188698199922665,-0.017249974894531412,-0.01678948726097743,-0.01783239981661869,-0.015896017877183158,-0.01698727242404131,-0.016443079087617555,-0.017418565427800924,-0.016940334176775065,0.0007597424348567517
0.6993430455525717,0.06521343652634178,0.085649045308431,0.014966979046908144,100,8,2,0.5,28,True,"{'n_estimators': 100, 'min_samples_split': 8, 'min_samples_leaf': 2, 'max_features': 0.5, 'max_depth': 28, 'bootstrap': True}",-0.020924692391836402,-0.031665507553143755,-0.021477726920186742,-0.023104901858557403,-0.025074817658212945,-0.02811362580593167,-0.025031198382425564,-0.020725724818611374,-0.022923844663767408,-0.02469133325729383,-0.0217502384613789,-0.027882103115935426,-0.02369831745232758,-0.028142780113692988,-0.02223354003268563,-0.02449602349906584,0.0030950887717649707,6,-0.01919219275571961,-0.016770842145768586,-0.019414613148295224,-0.01911361728296206,-0.018329891287702522,-0.01793083058810233,-0.018421908726009566,-0.01952450813235856,-0.018611728749069974,-0.018368958611348008,-0.01948541623849085,-0.017662497272415416,-0.018631576368189084,-0.01786272054891738,-0.01901570873905052,-0.01855580070629331,0.0007499140098267759
3.7212678750356036,0.1833687806976694,0.33144550323486327,0.04144463528338575,1000,2,8,sqrt,12,False,"{'n_estimators': 1000, 'min_samples_split': 2, 'min_samples_leaf': 8, 'max_features': 'sqrt', 'max_depth': 12, 'bootstrap': False}",-0.037164621315269285,-0.046356492491762734,-0.039011648925335145,-0.04121649652760424,-0.03851538030650488,-0.04227481145668091,-0.04403015081334027,-0.0385334152992166,-0.039434813965246826,-0.03825176866855289,-0.038878810608104414,-0.045810590963852274,-0.03820243129484257,-0.043525766621240226,-0.03782472031659397,-0.04060212797160981,0.0029441971700492164,36,-0.03625315208489107,-0.0337963967257447,-0.03780546274792153,-0.03777893079112766,-0.03564407998044358,-0.03549073185376156,-0.036828022987992884,-0.03857308306898092,-0.03649686398538981,-0.034316426496123834,-0.03680629651249204,-0.03430165639266728,-0.035333737869242314,-0.03839847670079305,-0.03770660772836935,-0.036368661728396104,0.001476998482355749
2.3598679383595784,0.14747816078876638,0.2504180590311686,0.03157006490758196,600,2,1,0.3,8,False,"{'n_estimators': 600, 'min_samples_split': 2, 'min_samples_leaf': 1, 'max_features': 0.3, 'max_depth': 8, 'bootstrap': False}",-0.050093605205258546,-0.058094912410645703,-0.05171129376280639,-0.05271793704529209,-0.04904727795273545,-0.055426379515108176,-0.057245845264987216,-0.05294757399473841,-0.05133666826951088,-0.04932867540904449,-0.05236562124361266,-0.05387257746754445,-0.050402423653898666,-0.05685930826793816,-0.05066439454733734,-0.052807632934030575,0.0028241533281941765,42,-0.04812493919039908,-0.044639677910885356,-0.05015525203911732,-0.048620579884426335,-0.04729886241841473,-0.048722043619847305,-0.04943256580714145,-0.05265110440918313,-0.048497131384109674,-0.04455268392186164,-0.048626743842052095,-0.042831029223945515,-0.04620461440883187,-0.05284581420149111,-0.050563444925681024,-0.048251099145825836,0.002739933945114904
0.0019765377044677736,0.0017308418337344076,0.0,0.0,200,8,8,auto,8,True,"{'n_estimators': 200, 'min_samples_split': 8, 'min_samples_leaf': 8, 'max_features': 'auto', 'max_depth': 8, 'bootstrap': True}",,,,,,,,,,,,,,,,,,48,,,,,,,,,,,,,,,,,
0.0034307003021240234,0.003918908813674098,0.0,0.0,200,8,8,auto,28,False,"{'n_estimators': 200, 'min_samples_split': 8, 'min_samples_leaf': 8, 'max_features': 'auto', 'max_depth': 28, 'bootstrap': False}",,,,,,,,,,,,,,,,,,48,,,,,,,,,,,,,,,,,
0.0013955275217692057,0.0005521252304035152,0.0,0.0,600,8,1,auto,28,True,"{'n_estimators': 600, 'min_samples_split': 8, 'min_samples_leaf': 1, 'max_features': 'auto', 'max_depth': 28, 'bootstrap': True}",,,,,,,,,,,,,,,,,,48,,,,,,,,,,,,,,,,,
0.47371978759765626,0.10269476407372317,0.0930940310160319,0.021736207578282905,100,4,8,0.3,8,False,"{'n_estimators': 100, 'min_samples_split': 4, 'min_samples_leaf': 8, 'max_features': 0.3, 'max_depth': 8, 'bootstrap': False}",-0.04767534589033473,-0.055574613014788214,-0.05159460532676812,-0.053250043208594076,-0.048511618591491355,-0.054551655380865954,-0.055639180064291596,-0.049866588628638006,-0.04951137416039007,-0.047469535877033064,-0.05250205579495326,-0.05645731824988099,-0.04790926840886954,-0.053278612477829126,-0.050020996566994665,-0.05158752077611485,0.0030138976136984655,41,-0.04720553342683845,-0.0438561050949973,-0.05104832832110933,-0.049868019120936434,-0.048615138770083985,-0.049110304164999646,-0.04851190283994632,-0.050811452889368655,-0.048112223254130594,-0.04464061793879655,-0.049673369864234776,-0.04521582904684657,-0.04602686605703234,-0.05123806118545928,-0.051411348157065884,-0.04835634000878974,0.0023989311999338043
0.0020175933837890624,0.0018461826265944782,0.0,0.0,400,8,2,auto,28,False,"{'n_estimators': 400, 'min_samples_split': 8, 'min_samples_leaf': 2, 'max_features': 'auto', 'max_depth': 28, 'bootstrap': False}",,,,,,,,,,,,,,,,,,48,,,,,,,,,,,,,,,,,
1.0746150811513264,0.07783903168560401,0.1282540003458659,0.027737954461902442,200,8,2,0.3,,False,"{'n_estimators': 200, 'min_samples_split': 8, 'min_samples_leaf': 2, 'max_features': 0.3, 'max_depth': None, 'bootstrap': False}",-0.023692701856352315,-0.0334947219285521,-0.024524898522703526,-0.025872405274574566,-0.027343327686653256,-0.030462617545679686,-0.02786907958302985,-0.022816703067133237,-0.026538907387318896,-0.0269836940104877,-0.02415543429993924,-0.030554402130982546,-0.02647806514863213,-0.030610765606165106,-0.024660074115744154,-0.027070519877596552,0.002949903956155403,12,-0.018749956650963392,-0.01665406927849092,-0.018997457607655668,-0.018390014076121057,-0.01781697343935199,-0.017296156236891135,-0.017914746939382067,-0.019057207966819003,-0.01821163903468803,-0.018047563622079075,-0.019051985376435054,-0.016940237844278425,-0.0182318390695029,-0.01725464177096066,-0.01831368098647014,-0.0180618779933393,0.0007349350007763921
2.95235702196757,0.17137897561487286,0.3071855862935384,0.039675675046999995,600,8,1,sqrt,28,False,"{'n_estimators': 600, 'min_samples_split': 8, 'min_samples_leaf': 1, 'max_features': 'sqrt', 'max_depth': 28, 'bootstrap': False}",-0.02559640730271865,-0.03559486564339044,-0.027248357897484296,-0.028516461776437584,-0.029444253084052425,-0.03240291160535503,-0.030298941202878092,-0.02477613617304399,-0.028510953741466664,-0.028973561744394822,-0.02652625539538306,-0.033313786930892084,-0.028648761346557094,-0.03300203729559318,-0.02650559701137666,-0.029290619210068272,0.003008289184039629,22,-0.02023198880316831,-0.01796670033389979,-0.020399148814831007,-0.019830316191763307,-0.019446473790901846,-0.018796502538440597,-0.01943171604104556,-0.020600053529910085,-0.019725157917409548,-0.019459804274501502,-0.020639491676833977,-0.018703562343313808,-0.019530470907585622,-0.018745828003852424,-0.01993846010019183,-0.019563045017843284,0.0007395649207915325
2.193226703008016,0.17034794531370323,0.22842659950256347,0.03880769972581549,400,8,2,0.3,28,False,"{'n_estimators': 400, 'min_samples_split': 8, 'min_samples_leaf': 2, 'max_features': 0.3, 'max_depth': 28, 'bootstrap': False}",-0.023771893863279384,-0.03347471929341839,-0.024603481604272708,-0.025930514364420322,-0.02747582047627736,-0.030459777612866633,-0.027786044567549083,-0.02295717540820958,-0.026455927804614865,-0.027046366520113288,-0.024134057598094467,-0.03063574862804235,-0.02657857570963942,-0.03068175177803447,-0.024733827725819207,-0.027115045530310095,0.0029301749629338076,13,-0.01874098651554585,-0.016637235946755556,-0.019037661989741588,-0.018390535055012983,-0.01788052732330739,-0.017262164141809703,-0.017962230968433735,-0.019049615633375858,-0.018204621121312936,-0.018037992514886813,-0.018995868617878286,-0.016996617759756614,-0.01823764291921346,-0.017266773458978892,-0.018338024569540895,-0.018069233235703367,0.0007291795681304605
1.4707582473754883,0.0624199532949818,0.12949762344360352,0.02555120002840087,200,8,1,0.5,16,True,"{'n_estimators': 200, 'min_samples_split': 8, 'min_samples_leaf': 1, 'max_features': 0.5, 'max_depth': 16, 'bootstrap': True}",-0.02152286348151631,-0.03155511289012724,-0.02199823446251297,-0.023172636396395323,-0.024735716456536234,-0.028046810275070243,-0.02537950291035638,-0.020661649378269056,-0.022971020913296378,-0.024878282612963515,-0.022104677302455505,-0.02790962952005439,-0.02387031534120925,-0.02842584599366946,-0.022656905942355504,-0.024659280258452522,0.0029829493483783357,7,-0.0191366018493102,-0.016683657445007622,-0.01932318985978259,-0.018979620209502317,-0.01815449325067697,-0.01807307693505316,-0.018173898644874124,-0.019612539165838907,-0.018722191049423954,-0.018252715315082095,-0.019298385543169636,-0.017418598903461258,-0.01858959141018449,-0.01774696467908848,-0.018955806929188475,-0.01847475541264295,0.0007723737785949096
5.331754732131958,0.143880793181305,0.3665724436442057,0.022905486736922796,1000,4,2,sqrt,12,True,"{'n_estimators': 1000, 'min_samples_split': 4, 'min_samples_leaf': 2, 'max_features': 'sqrt', 'max_depth': 12, 'bootstrap': True}",-0.035253912837033524,-0.04377361369225924,-0.03594276123242629,-0.036804757991409386,-0.03656387855056308,-0.03934988272857579,-0.04045471110099812,-0.03538737235852456,-0.035559045045803005,-0.036682849497190244,-0.03580554912308425,-0.04062459022716858,-0.03740795028215857,-0.03980850857311942,-0.03533417102114,-0.03765023695076361,0.0024706624620505686,35,-0.03201135454735057,-0.0289440218847632,-0.032799801980423995,-0.032170339849306555,-0.03112512525476454,-0.03026857582830456,-0.03162611987685527,-0.033594639324241636,-0.03078209842896139,-0.029949765869876112,-0.03200539514972594,-0.028405919559580557,-0.031538587276813045,-0.032257144458540506,-0.032503074424797045,-0.03133213091428699,0.0013880270435043297
1.2178247610727946,0.06548905904843758,0.14754241307576496,0.02636529647245701,200,2,1,sqrt,20,False,"{'n_estimators': 200, 'min_samples_split': 2, 'min_samples_leaf': 1, 'max_features': 'sqrt', 'max_depth': 20, 'bootstrap': False}",-0.024684626191602704,-0.03826723680027633,-0.026607019233790146,-0.030127085520780434,-0.03158647495807198,-0.034141002209309455,-0.03289119304829485,-0.025852889473782847,-0.02924988774168051,-0.03084733700867303,-0.025608700374791224,-0.036332724260439576,-0.03178061542703962,-0.03493222454421407,-0.02760891550859006,-0.030701195486755796,0.003998819353225423,26,-0.010336276661890291,-0.007185439127749029,-0.010868569171272094,-0.008972073313112101,-0.008659197812390747,-0.008679489299740188,-0.009007208342546385,-0.01067750930558587,-0.009169154486281953,-0.008848086941186092,-0.010871042203153606,-0.007285363613749298,-0.008789995215506576,-0.009076470425677942,-0.00949338911226392,-0.009194617668807074,0.00108999295017951
0.7986875534057617,0.07076132495290875,0.1018037478129069,0.019820158192100274,100,2,2,0.5,28,True,"{'n_estimators': 100, 'min_samples_split': 2, 'min_samples_leaf': 2, 'max_features': 0.5, 'max_depth': 28, 'bootstrap': True}",-0.020423456140510953,-0.030829349387931335,-0.02062830530254867,-0.022279778171642842,-0.023615861940119495,-0.02705675086036353,-0.024840773150421814,-0.01982485369069859,-0.021905808955798668,-0.023822016864231906,-0.020274619864943322,-0.027386630704940462,-0.022898676027593486,-0.027612436146372807,-0.021610855029085826,-0.02366734481581358,0.003156632923540657,1,-0.016463161187466442,-0.014019362616246735,-0.01679083230992491,-0.016284981490556214,-0.015504856698855608,-0.015076469046007523,-0.015542737356324422,-0.01672939609230433,-0.015954101146017946,-0.015645504816712306,-0.01672986988346232,-0.01472509996471189,-0.01584535505045241,-0.015019493799178931,-0.016179425129151413,-0.015767376439158227,0.0007820871962550408
0.0029028574625651043,0.002330252626014111,0.0,0.0,100,2,8,auto,20,True,"{'n_estimators': 100, 'min_samples_split': 2, 'min_samples_leaf': 8, 'max_features': 'auto', 'max_depth': 20, 'bootstrap': True}",,,,,,,,,,,,,,,,,,48,,,,,,,,,,,,,,,,,
