BCC_Name,B2_Name,Misfit,a_BCC,a_B2,B2_Formation_Energy,B2_VEC,B2_delta_r,B2_chi_avg,B2_delta_chi,B2_Hmix,BCC_Mo,BCC_Ta,BCC_V,BCC_Nb,B2_Name.1,B2_Ru,B2_Hf,B2_Ti,B2_Zr,B2_Al,B2_Mo,B2_Nb,B2_Ta,B2_W,B2_V,B2_Cr,B2_Cu,B2_Si,BCC_formation_energy_per_atom_from_BCC,BCC_formation_energy_eV_per_atom_calc,DeltaE_B2_minus_BCC_eV_per_atom,lattice_misfit_delta,S_conf_eV_per_K,Ts_star_K_simple,S_conf_eV_per_K_fixed,lattice_misfit_delta_fixed,DeltaE_B2_minus_BCC_eV_per_atom_fixed,Ts_star_K_simple_fixed,DeltaS_Exact_eV_K,DeltaH_eV,Term_Thermo_Ratio,T_Base_K,Misfit_Abs,Ts_Target_K,Ts_Target_C,Misfit_Sq,Misfit_Cub,Strain_Energy_Term,Predicted_Solvus_K,Predicted_Solvus_C
Nb75-V25,B2_PENALTY_118_Ru75Cu25_Hf,-0.003673178,3.24817106,3.236261822,-0.923389889,6.375,0.088438935,1.714,0.423797121,-13.5888,0.0,0.0,0.25,0.75,B2_PENALTY_118_Ru75Cu25_Hf,0.375,0.5,0.0,0.0,0.0,0.0,0.0,0.0,0.0,0.0,0.0,0.125,0.0,0.046009832,0.046009832,,-0.0036731779684415,0.0001190396708748,,8.39599492769963e-05,-0.0036731779684415,-0.969399721,-11545.977925758469,4.8458293461967755e-05,0.9693997209999999,20004.82583566069,2243.157997763173,0.0036731779684415,2169.6944383943433,1896.5444383943432,1.3492236387844024e-05,4.9559385444833395e-08,0.2784298708008225,2169.69453630034,1896.54453630034
Ta25-V75,B2_TERN_SOL_097_Ru_Ti75_V25,-0.006158852,3.07386981,3.05499642,-0.905306641,6.125,0.045415458,1.8808,0.320355053,-8.08,0.0,0.25,0.75,0.0,B2_TERN_SOL_097_Ru_Ti75_V25,0.5,0.0,0.375,0.0,0.0,0.0,0.0,0.0,0.0,0.125,0.0,0.0,0.0,0.054791781,0.054791781,,-0.0061588519937397,0.000118642165659,,8.39599492769963e-05,-0.0061588519937397,-0.960098422,-11435.195355257938,4.8458293461967755e-05,0.9600984220000001,19812.88141633647,2221.635108092941,0.0061588519937397,2098.458068218147,1825.3080682181471,3.7931457880791476e-05,2.3361423499456601e-07,0.7827650371254157,2098.4581450174023,1825.3081450174022
Ta75-V25,B2_TERN_SOL_103_Ru_Zr75_Ta25,0.001953767,3.23816412,3.244496924,-0.863325979,6.125,0.083152864,1.7854,0.41776649,-14.64,0.0,0.75,0.25,0.0,B2_TERN_SOL_103_Ru_Zr75_Ta25,0.5,0.0,0.0,0.375,0.0,0.0,0.0,0.125,0.0,0.0,0.0,0.0,0.0,0.057672619,0.057672619,,0.0019537668118129,0.0001211851085101,,8.39599492769963e-05,0.0019537668118129,-0.920998598,-10969.49921874642,4.8458293461967755e-05,0.920998598,19006.005622604953,2131.1594446315808,0.0019537668118129,2092.084108395323,1818.9341083953227,3.817204754941544e-06,7.457927964099182e-09,0.07877299182930281,2092.0842137010804,1818.9342137010804
Ta75-V25,B2_PENALTY_114_Ru75Cr25_Hf,-0.003941913,3.23816412,3.225424668,-0.878162691,5.75,0.088438935,1.6852,0.418297693,-10.488,0.0,0.75,0.25,0.0,B2_PENALTY_114_Ru75Cr25_Hf,0.375,0.5,0.0,0.0,0.0,0.0,0.0,0.0,0.0,0.0,0.125,0.0,0.0,0.057672619,0.057672619,,-0.0039419128963313,0.0001238139099006,,8.39599492769963e-05,-0.0039419128963313,-0.93583531,-11146.2109977287,4.8458293461967755e-05,0.93583531,19312.180498772323,2165.4910917966713,0.0039419128963313,2086.6528338700455,1813.5028338700454,1.5538677282263014e-05,6.125211237088277e-08,0.32066084404021505,2086.6529252188357,1813.5029252188356
Mo25-Ta75,B2_PENALTY_122_Ru75Si25_Hf,-0.004899929,3.26436851,3.248412429,-1.009713639,5.5,0.103842692,1.714,0.423797121,-9.9408,0.25,0.75,0.0,0.0,B2_PENALTY_122_Ru75Si25_Hf,0.375,0.5,0.0,0.0,0.0,0.0,0.0,0.0,0.0,0.0,0.0,0.0,0.125,-0.066412535,-0.066412535,,-0.0048999286631772,0.0001242053485864,,8.39599492769963e-05,-0.0048999286631772,-0.943301104,-11235.13189470744,4.8458293461967755e-05,0.9433011040000001,19466.24688177154,2182.7666852984694,0.0048999286631772,2084.7681120349253,1811.6181120349252,2.4009300904225504e-05,1.1764386168346082e-07,0.4954631950270614,2084.7681966999194,1811.6181966999193
Nb25-V75,B2_TERN_SOL_097_Ru_Ti75_V25,-0.007164623,3.07696301,3.05499642,-0.905306641,6.125,0.045415458,1.8808,0.320355053,-8.08,0.0,0.0,0.75,0.25,B2_TERN_SOL_097_Ru_Ti75_V25,0.5,0.0,0.375,0.0,0.0,0.0,0.0,0.0,0.0,0.125,0.0,0.0,0.0,0.056214818,0.056214818,,-0.0071646233967336,0.0001186875459583,,8.39599492769963e-05,-0.0071646233967336,-0.961521459,-11452.144353110534,4.8458293461967755e-05,0.9615214590000001,19842.24763826331,2224.927967332028,0.0071646233967336,2081.635499397356,1808.4854993973559,5.133182841702251e-05,3.6777321887371416e-07,1.0592991364277,2081.635568337298,1808.485568337298
Nb75-V25,B2_TERN_SOL_103_Ru_Zr75_Ta25,-0.00113178,3.24817106,3.244496924,-0.863325979,6.125,0.083152864,1.7854,0.41776649,-14.64,0.0,0.0,0.25,0.75,B2_TERN_SOL_103_Ru_Zr75_Ta25,0.5,0.0,0.0,0.375,0.0,0.0,0.0,0.125,0.0,0.0,0.0,0.0,0.0,0.046009832,0.046009832,,-0.0011317800352812,0.0001208099791399,,8.39599492769963e-05,-0.0011317800352812,-0.909335811,-10830.590285374834,4.8458293461967755e-05,0.9093358109999999,18765.328822685173,2104.172152012731,0.0011317800352812,2081.5365513071074,1808.3865513071073,1.2809260482611144e-06,1.4497265280935722e-09,0.026433577345567123,2081.5366616573237,1808.3866616573237
Nb25-Mo75,B2_TERN_SOL_083_Ru_Hf75_Ta25,0.007956544,3.19107183,3.216563145,-1.032519678,6.125,0.077231013,1.774,0.430260386,-12.36,0.75,0.0,0.0,0.25,B2_TERN_SOL_083_Ru_Hf75_Ta25,0.5,0.375,0.0,0.0,0.0,0.0,0.0,0.125,0.0,0.0,0.0,0.0,0.0,-0.070457653,-0.070457653,,0.0079565440601584,0.0001190993726653,,8.39599492769963e-05,0.0079565440601584,-0.9620620250000002,-11458.58273241704,4.8458293461967755e-05,0.9620620250000002,19853.40292173247,2226.1788186784347,0.0079565440601584,2067.0479374752667,1793.8979374752666,6.330659338124192e-05,5.037016995363835e-07,1.3064140079742548,2067.048000150825,1793.8980001508248
Mo25-Ta75,B2_PENALTY_110_Ru75Al25_Hf,0.00012327,3.26436851,3.264770933,-0.95574225,5.375,0.076510467,1.6792,0.418974176,-15.048,0.25,0.75,0.0,0.0,B2_PENALTY_110_Ru75Al25_Hf,0.375,0.5,0.0,0.0,0.125,0.0,0.0,0.0,0.0,0.0,0.0,0.0,0.0,-0.066412535,-0.066412535,,0.0001232698439091,0.000124220135555,,8.39599492769963e-05,0.0001232698439091,-0.889329715,-10592.3088646227,4.8458293461967755e-05,0.889329715,18352.476974823432,2057.8787260149147,0.0001232698439091,2055.4133291367325,1782.2633291367324,1.519545441737388e-08,1.873141294157522e-12,0.0003135779931932592,2055.413444928039,1782.263444928039
Nb75-Mo25,B2_PENALTY_122_Ru75Si25_Hf,-0.008216499,3.27521311,3.248412429,-1.009713639,5.5,0.103842692,1.714,0.423797121,-9.9408,0.25,0.0,0.0,0.75,B2_PENALTY_122_Ru75Si25_Hf,0.375,0.5,0.0,0.0,0.0,0.0,0.0,0.0,0.0,0.0,0.0,0.0,0.125,-0.051633618,-0.051633618,,-0.0082164988900047,0.0001241481444444,,8.39599492769963e-05,-0.0082164988900047,-0.958080021,-11411.155309767426,4.8458293461967755e-05,0.9580800210000001,19771.229082838923,2216.964596798413,0.0082164988900047,2052.6346189983187,1779.4846189983186,6.751085400944845e-05,5.547028570319026e-07,1.3931744018685677,2052.6346790713637,1779.4846790713636
Nb25-V75,B2_TERN_SOL_089_Ru_Ti75_Nb25,0.008395461,3.07696301,3.102904429,-0.903188944,6.125,0.045498955,1.8772,0.32330815,-9.1648,0.0,0.0,0.75,0.25,B2_TERN_SOL_089_Ru_Ti75_Nb25,0.5,0.0,0.375,0.0,0.0,0.0,0.125,0.0,0.0,0.0,0.0,0.0,0.0,0.056214818,0.056214818,,0.0083954613124186,0.000118731610001,,8.39599492769963e-05,0.0083954613124186,-0.959403762,-11426.921648496773,4.8458293461967755e-05,0.959403762,19798.54620247787,2220.0276884692603,0.0083954613124186,2052.1184622208884,1778.9684622208883,7.048377064831743e-05,5.917437696313347e-07,1.4545244087812597,2052.118521036053,1778.968521036053
Nb25-V75,B2_PENALTY_127_Ru75Al25_Ti,0.007360712,3.07696301,3.09969531,-0.88819063,5.375,0.04282596,1.7992,0.314533559,-11.248,0.0,0.0,0.75,0.25,B2_PENALTY_127_Ru75Al25_Ti,0.375,0.0,0.5,0.0,0.125,0.0,0.0,0.0,0.0,0.0,0.0,0.0,0.0,0.056214818,0.056214818,,0.0073607115117223,0.0001237990149717,,8.39599492769963e-05,0.0073607115117223,-0.944405448,-11248.28511847079,4.8458293461967755e-05,0.9444054479999999,19489.036458562285,2185.3220997701446,0.0073607115117223,2038.1078695356987,1764.9578695356986,5.418007395880119e-05,3.9880389409451346e-07,1.1180763928743,2038.1079346594408,1764.957934659441
Ta25-V75,B2_TERN_SOL_089_Ru_Ti75_Nb25,0.009401224,3.07386981,3.102904429,-0.903188944,6.125,0.045498955,1.8772,0.32330815,-9.1648,0.0,0.25,0.75,0.0,B2_TERN_SOL_089_Ru_Ti75_Nb25,0.5,0.0,0.375,0.0,0.0,0.0,0.125,0.0,0.0,0.0,0.0,0.0,0.0,0.054791781,0.054791781,,0.0094012239646629,0.0001186862338993,,8.39599492769963e-05,0.0094012239646629,-0.957980725,-11409.972650644177,4.8458293461967755e-05,0.9579807250000001,19769.179980551035,2216.7348292301735,0.0094012239646629,2028.7103499369155,1755.5603499369154,8.838301203375202e-05,8.30908490800799e-07,1.8238985676026536,2028.7104005191213,1755.5604005191212
Nb75-Mo25,B2_PENALTY_110_Ru75Al25_Hf,-0.003193334,3.27521311,3.264770933,-0.95574225,5.375,0.076510467,1.6792,0.418974176,-15.048,0.25,0.0,0.0,0.75,B2_PENALTY_110_Ru75Al25_Hf,0.375,0.5,0.0,0.0,0.125,0.0,0.0,0.0,0.0,0.0,0.0,0.0,0.0,-0.051633618,-0.051633618,,-0.0031933340911364,0.0001241617688441,,8.39599492769963e-05,-0.0031933340911364,-0.904108632,-10768.332279682683,4.8458293461967755e-05,0.904108632,18657.45917589081,2092.076637514858,0.0031933340911364,2028.2099556921298,1755.0599556921297,1.0197382617613937e-05,3.256364955318833e-08,0.21043627187608868,2028.2100488635353,1755.0600488635355
Ta25-V75,B2_PENALTY_127_Ru75Al25_Ti,0.008366479,3.07386981,3.09969531,-0.88819063,5.375,0.04282596,1.7992,0.314533559,-11.248,0.0,0.25,0.75,0.0,B2_PENALTY_127_Ru75Al25_Ti,0.375,0.0,0.5,0.0,0.125,0.0,0.0,0.0,0.0,0.0,0.0,0.0,0.0,0.054791781,0.054791781,,0.0083664785251345,0.0001237514913655,,8.39599492769963e-05,0.0083664785251345,-0.942982411,-11231.336120618194,4.8458293461967755e-05,0.942982411,19459.670236635448,2182.0292405310583,0.0083664785251345,2014.6996700283682,1741.5496700283684,6.999796291153676e-05,5.856364535025336e-07,1.4444991333934263,2014.6997269191156,1741.5497269191155
Nb75-V25,B2_PENALTY_114_Ru75Cr25_Hf,-0.007027437,3.24817106,3.225424668,-0.878162691,5.75,0.088438935,1.6852,0.418297693,-10.488,0.0,0.0,0.25,0.75,B2_PENALTY_114_Ru75Cr25_Hf,0.375,0.5,0.0,0.0,0.0,0.0,0.0,0.0,0.0,0.0,0.125,0.0,0.0,0.046009832,0.046009832,,-0.0070274366691191,0.0001234288393739,,8.39599492769963e-05,-0.0070274366691191,-0.924172523,-11007.302064357114,4.8458293461967755e-05,0.924172523,19071.503698852543,2138.5037991778213,0.0070274366691191,1997.9550657954392,1724.805065795439,4.938486613847975e-05,3.4704901920109077e-07,1.019121033992648,1997.9551309286044,1724.8051309286043
Nb75-V25,B2_TERN_SOL_099_Ru_Zr75_Nb25,0.000156377,3.24817106,3.24867904,-0.818094975,6.125,0.083152864,1.7974,0.410773952,-15.4272,0.0,0.0,0.25,0.75,B2_TERN_SOL_099_Ru_Zr75_Nb25,0.5,0.0,0.0,0.375,0.0,0.0,0.125,0.0,0.0,0.0,0.0,0.0,0.0,0.046009832,0.046009832,,0.0001563773189101,0.0001207406024397,,8.39599492769963e-05,0.0001563773189101,-0.8641048069999999,-10291.86909283604,4.8458293461967755e-05,0.8641048069999999,17831.92814410991,1999.5091464727718,0.0001563773189101,1996.3816000945699,1723.2316000945698,2.4453865869511122e-08,3.824029981661351e-12,0.0005046373721085249,1996.381712308746,1723.231712308746
Ta25-V75,B2_PENALTY_135_Ru75Cu25_Ti,0.000261917,3.07386981,3.074675013,-0.801717189,6.375,0.053254377,1.834,0.30764265,-9.7888,0.0,0.25,0.75,0.0,B2_PENALTY_135_Ru75Cu25_Ti,0.375,0.0,0.5,0.0,0.0,0.0,0.0,0.0,0.0,0.0,0.0,0.125,0.0,0.054791781,0.054791781,,0.0002619166073206,0.0001168049637363,,8.39599492769963e-05,0.0002619166073206,-0.85650897,-10201.399326412766,4.8458293461967755e-05,0.85650897,17675.178154431433,1981.932637890039,0.0002619166073206,1976.694305743627,1703.5443057436269,6.860030919033339e-08,1.7967560244276297e-11,0.0014156567284849598,1976.694416116083,1703.544416116083
Nb25-V75,B2_PENALTY_135_Ru75Cu25_Ti,-0.000743866,3.07696301,3.074675013,-0.801717189,6.375,0.053254377,1.834,0.30764265,-9.7888,0.0,0.0,0.75,0.25,B2_PENALTY_135_Ru75Cu25_Ti,0.375,0.0,0.5,0.0,0.0,0.0,0.0,0.0,0.0,0.0,0.0,0.125,0.0,0.056214818,0.056214818,,-0.0007438659399157,0.0001168499605283,,8.39599492769963e-05,-0.0007438659399157,-0.857932007,-10218.348324265364,4.8458293461967755e-05,0.857932007,17704.544376358273,1985.2254971291259,0.0007438659399157,1970.3481783308118,1697.198178330812,5.533365365666677e-07,4.116082028628624e-10,0.011418820124174433,1970.3482850345317,1697.1982850345316
Nb25-Ta75,B2_PENALTY_122_Ru75Si25_Hf,-0.019305125,3.31173466,3.248412429,-1.009713639,5.5,0.103842692,1.714,0.423797121,-9.9408,0.0,0.75,0.0,0.25,B2_PENALTY_122_Ru75Si25_Hf,0.375,0.5,0.0,0.0,0.0,0.0,0.0,0.0,0.0,0.0,0.0,0.0,0.125,0.008017394,0.008017394,,-0.019305125370185,0.0001244203521609,,8.39599492769963e-05,-0.019305125370185,-1.017731033,-12121.625152992348,4.8458293461967755e-05,1.017731033,21002.20540780622,2354.9950106141264,0.019305125370185,1968.8925032104264,1695.7425032104265,0.00037268786555856055,7.1947859685546635e-06,7.690899512403645,1968.892482407205,1695.742482407205
Ta75-V25,B2_TERN_SOL_087_Ru_Hf75_V25,-0.017869185,3.23816412,3.180813173,-0.946727169,6.125,0.081395156,1.7896,0.422326698,-11.88,0.0,0.75,0.25,0.0,B2_TERN_SOL_087_Ru_Hf75_V25,0.5,0.375,0.0,0.0,0.0,0.0,0.0,0.0,0.0,0.125,0.0,0.0,0.0,0.057672619,0.057672619,,-0.017869185193268,0.0001212157525529,,8.39599492769963e-05,-0.017869185193268,-1.004399788,-11962.844149492474,4.8458293461967755e-05,1.004399788,20727.097803976485,2324.146962905754,0.017869185193268,1966.7632590403941,1693.613259040394,0.00031930777947130836,5.705769845023988e-06,6.589331911201443,1966.7632479741749,1693.613247974175
Nb25-Mo75,B2_TERN_SOL_087_Ru_Hf75_V25,-0.003219976,3.19107183,3.180813173,-0.946727169,6.125,0.081395156,1.7896,0.422326698,-11.88,0.75,0.0,0.0,0.25,B2_TERN_SOL_087_Ru_Hf75_V25,0.5,0.375,0.0,0.0,0.0,0.0,0.0,0.0,0.0,0.125,0.0,0.0,0.0,-0.070457653,-0.070457653,,-0.0032199755630146,0.0001191505597595,,8.39599492769963e-05,-0.0032199755630146,-0.876269516,-10436.756138442355,4.8458293461967755e-05,0.876269516,18082.962758227044,2027.657869535806,0.0032199755630146,1963.258358275514,1690.108358275514,1.0368242626411192e-05,3.3385487888450354e-08,0.213962190693914,1963.2584475782467,1690.1084475782468
Ta75-V25,B2_TERN_SOL_099_Ru_Zr75_Nb25,0.003241922,3.23816412,3.24867904,-0.818094975,6.125,0.083152864,1.7974,0.410773952,-15.4272,0.0,0.75,0.25,0.0,B2_TERN_SOL_099_Ru_Zr75_Nb25,0.5,0.0,0.0,0.375,0.0,0.0,0.125,0.0,0.0,0.0,0.0,0.0,0.0,0.057672619,0.057672619,,0.0032419220692241,0.0001211156756276,,8.39599492769963e-05,0.0032419220692241,-0.8757675939999999,-10430.778026207628,4.8458293461967755e-05,0.8757675939999999,18072.60494402969,2026.4964390916216,0.0032419220692241,1961.6579977071397,1688.5079977071396,1.051005870292227e-05,3.4072791257844525e-08,0.21688875014079964,1961.6580867683929,1688.5080867683928
Mo75-V25,B2_TERN_SOL_093_Ru_Ti75_Ta25,-0.003025035,3.10818653,3.098798357,-0.958150623,6.125,0.045498955,1.8652,0.33501785,-8.56,0.75,0.0,0.25,0.0,B2_TERN_SOL_093_Ru_Ti75_Ta25,0.5,0.0,0.375,0.0,0.0,0.0,0.0,0.125,0.0,0.0,0.0,0.0,0.0,-0.089033116,-0.089033116,,-0.0030250349149914,0.0001168985317059,,8.39599492769963e-05,-0.0030250349149914,-0.869117507,-10351.572559109734,4.8458293461967755e-05,0.869117507,17935.371737391506,2011.1083638562764,0.0030250349149914,1950.6076655564484,1677.4576655564483,9.150836236917027e-06,2.7681599118042525e-08,0.18883942423806183,1950.6077554795793,1677.4577554795792
Mo75-Ta25,B2_TERN_SOL_083_Ru_Hf75_Ta25,0.009599196,3.18583421,3.216563145,-1.032519678,6.125,0.077231013,1.774,0.430260386,-12.36,0.75,0.25,0.0,0.0,B2_TERN_SOL_083_Ru_Hf75_Ta25,0.5,0.375,0.0,0.0,0.0,0.0,0.0,0.125,0.0,0.0,0.0,0.0,0.0,-0.10728083,-0.10728083,,0.0095991964559968,0.0001192144403529,,8.39599492769963e-05,0.0095991964559968,-0.925238848,-11020.002465074154,4.8458293461967755e-05,0.9252388480000001,19093.508704060514,2140.971238976027,0.0095991964559968,1948.987309856091,1675.837309856091,9.214457260082153e-05,8.845138547491458e-07,1.90152326914155,1948.9873545551964,1675.8373545551963
Nb25-Ta75,B2_PENALTY_110_Ru75Al25_Hf,-0.014282274,3.31173466,3.264770933,-0.95574225,5.375,0.076510467,1.6792,0.418974176,-15.048,0.0,0.75,0.0,0.25,B2_PENALTY_110_Ru75Al25_Hf,0.375,0.5,0.0,0.0,0.125,0.0,0.0,0.0,0.0,0.0,0.0,0.0,0.0,0.008017394,0.008017394,,-0.0142822738720052,0.0001244379454918,,8.39599492769963e-05,-0.0142822738720052,-0.963759644,-11478.802122907606,4.8458293461967755e-05,0.963759644,19888.43550085811,2230.1070513305713,0.0142822738720052,1944.4615738904672,1671.3115738904671,0.00020398334695496243,2.9133460265390314e-06,4.209462042138519,1944.4615861831007,1671.3115861831006
Nb25-Mo75,B2_TERN_SOL_079_Ru_Hf75_Nb25,0.009385115,3.19107183,3.221161604,-0.990479496,6.125,0.077231013,1.786,0.423797121,-13.1472,0.75,0.0,0.0,0.25,B2_TERN_SOL_079_Ru_Hf75_Nb25,0.5,0.375,0.0,0.0,0.0,0.0,0.125,0.0,0.0,0.0,0.0,0.0,0.0,-0.070457653,-0.070457653,,0.0093851149711591,0.0001190402081242,,8.39599492769963e-05,0.0093851149711591,-0.920021843,-10957.86563620604,4.8458293461967755e-05,0.920021843,18985.84901100726,2128.899266768269,0.0093851149711591,1941.1969673450872,1668.046967345087,8.808038302187466e-05,8.266445213640236e-07,1.8176534237839823,1941.1970130718016,1668.0470130718018
Mo25-Ta75,B2_TERN_SOL_083_Ru_Hf75_Ta25,-0.014752621,3.26436851,3.216563145,-1.032519678,6.125,0.077231013,1.774,0.430260386,-12.36,0.25,0.75,0.0,0.0,B2_TERN_SOL_083_Ru_Hf75_Ta25,0.5,0.375,0.0,0.0,0.0,0.0,0.0,0.125,0.0,0.0,0.0,0.0,0.0,-0.066412535,-0.066412535,,-0.0147526212417681,0.0001190867149088,,8.39599492769963e-05,-0.0147526212417681,-0.966107143,-11506.761870623215,4.8458293461967755e-05,0.9661071430000001,19936.87920021873,2235.539084208773,0.0147526212417681,1940.4866593734112,1667.3366593734113,0.00021763983350306737,3.2107580307922247e-06,4.491281428923635,1940.4866682115144,1667.3366682115143
Nb25-V75,B2_TERN_SOL_095_Ru_Ti75_W25,0.001696013,3.07696301,3.082186007,-0.789613358,6.25,0.043312835,1.9684,0.339059641,-9.04,0.0,0.0,0.75,0.25,B2_TERN_SOL_095_Ru_Ti75_W25,0.5,0.0,0.375,0.0,0.0,0.0,0.0,0.0,0.125,0.0,0.0,0.0,0.0,0.056214818,0.056214818,,0.0016960125451044,0.0001183092929181,,8.39599492769963e-05,0.0016960125451044,-0.8458281759999999,-10074.18636247013,4.8458293461967755e-05,0.8458281759999999,17454.76605906157,1957.2176436884251,0.0016960125451044,1923.2973927863372,1650.1473927863372,2.8764585531515043e-06,4.878509791617803e-09,0.059359468682261336,1923.2974902835358,1650.1474902835357
Ta25-V75,B2_PENALTY_131_Ru75Cr25_Ti,-0.004049017,3.07386981,3.061448806,-0.80961964,5.75,0.053254377,1.8052,0.311327737,-6.688,0.0,0.25,0.75,0.0,B2_PENALTY_131_Ru75Cr25_Ti,0.375,0.0,0.5,0.0,0.0,0.0,0.0,0.0,0.0,0.0,0.125,0.0,0.0,0.054791781,0.054791781,,-0.0040490167756269,0.0001212351037143,,8.39599492769963e-05,-0.0040490167756269,-0.864411421,-10295.521000711648,4.8458293461967755e-05,0.864411421,17838.255523348733,2000.2186408448322,0.0040490167756269,1919.2383053322942,1646.088305332294,1.639453684930806e-05,6.638175473148172e-08,0.33832262091885734,1919.238386445616,1646.088386445616
Nb75-V25,B2_MULTI_162_A_Ru75_Al25_B_HfZr,0.010914717,3.24817106,3.283818469,-0.87583034,5.375,0.079687323,1.6867,0.412334949,-16.188,0.0,0.0,0.25,0.75,B2_MULTI_162_A_Ru75_Al25_B_HfZr,0.375,0.25,0.0,0.25,0.125,0.0,0.0,0.0,0.0,0.0,0.0,0.0,0.0,0.046009832,0.046009832,,0.0109147171292103,0.0001291073770082,,0.00011382535055,0.0109147171292103,-0.921840172,-8098.72464741537,4.8458293461967755e-05,0.921840172,19023.37259820141,2133.1068182566346,0.0109147171292103,1914.8124756724287,1641.6624756724286,0.00011913105001067672,1.300281712172342e-06,2.458424378980166,1914.81250940109,1641.6625094010901
Mo75-Ta25,B2_TERN_SOL_087_Ru_Hf75_V25,-0.001577294,3.18583421,3.180813173,-0.946727169,6.125,0.081395156,1.7896,0.422326698,-11.88,0.75,0.25,0.0,0.0,B2_TERN_SOL_087_Ru_Hf75_V25,0.5,0.375,0.0,0.0,0.0,0.0,0.0,0.0,0.0,0.125,0.0,0.0,0.0,-0.10728083,-0.10728083,,-0.0015772938873312,0.0001192656812612,,8.39599492769963e-05,-0.0015772938873312,-0.839446339,-9998.175871099473,4.8458293461967755e-05,0.839446339,17323.06854055509,1942.4502898333988,0.0015772938873312,1910.9044120867748,1637.7544120867747,2.4878560070123685e-06,3.924080072420816e-09,0.05134014900803202,1910.9045096957268,1637.754509695727
Nb75-Mo25,B2_TERN_SOL_083_Ru_Hf75_Ta25,-0.018069004,3.27521311,3.216563145,-1.032519678,6.125,0.077231013,1.774,0.430260386,-12.36,0.25,0.0,0.0,0.75,B2_TERN_SOL_083_Ru_Hf75_Ta25,0.5,0.375,0.0,0.0,0.0,0.0,0.0,0.125,0.0,0.0,0.0,0.0,0.0,-0.051633618,-0.051633618,,-0.0180690038276743,0.0001190404410266,,8.39599492769963e-05,-0.0180690038276743,-0.98088606,-11682.7852856832,4.8458293461967755e-05,0.9808860600000001,20241.861401286107,2269.736995708716,0.0180690038276743,1908.3569191552301,1635.20691915523,0.0003264888993245085,5.899329171587714e-06,6.737523672408144,1908.3569034028856,1635.2069034028855
Nb25-V75,B2_PENALTY_131_Ru75Cr25_Ti,-0.005054794,3.07696301,3.061448806,-0.80961964,5.75,0.053254377,1.8052,0.311327737,-6.688,0.0,0.0,0.75,0.25,B2_PENALTY_131_Ru75Cr25_Ti,0.375,0.0,0.5,0.0,0.0,0.0,0.0,0.0,0.0,0.0,0.125,0.0,0.0,0.056214818,0.056214818,,-0.0050547941275499,0.0001212816248152,,8.39599492769963e-05,-0.0050547941275499,-0.8658344579999999,-10312.469998564244,4.8458293461967755e-05,0.8658344579999999,17867.621745275566,2003.5115000839182,0.0050547941275499,1902.4156175329204,1629.2656175329203,2.5550943671912955e-05,1.2915476002614388e-07,0.5272770014479871,1902.4156907868817,1629.2656907868818
Ta25-V75,B2_TERN_SOL_095_Ru_Ti75_W25,0.002701794,3.07386981,3.082186007,-0.789613358,6.25,0.043312835,1.9684,0.339059641,-9.04,0.0,0.25,0.75,0.0,B2_TERN_SOL_095_Ru_Ti75_W25,0.5,0.0,0.375,0.0,0.0,0.0,0.0,0.0,0.125,0.0,0.0,0.0,0.0,0.054791781,0.054791781,,0.0027017938911581,0.0001182645880076,,8.39599492769963e-05,0.0027017938911581,-0.844405139,-10057.237364617533,4.8458293461967755e-05,0.844405139,17425.399837134733,1953.9247844493386,0.0027017938911581,1899.8889066261765,1626.7389066261767,7.299690230299227e-06,1.9722258471568916e-08,0.1506386153699026,1899.8889958902662,1626.7389958902663
Ta75-V25,B2_MULTI_160_A_Ru75_Al25_B_HfTi,-0.016099614,3.23816412,3.186447237,-0.900034303,5.375,0.065459775,1.7392,0.375280375,-13.148,0.0,0.75,0.25,0.0,B2_MULTI_160_A_Ru75_Al25_B_HfTi,0.375,0.25,0.25,0.0,0.125,0.0,0.0,0.0,0.0,0.0,0.0,0.0,0.0,0.057672619,0.057672619,,-0.0160996144750923,0.0001286075265537,,0.00011382535055,-0.0160996144750923,-0.957706922,-8413.828003800325,4.8458293461967755e-05,0.957706922,19763.529699031835,2216.1012583966394,0.0160996144750923,1894.1089688947934,1620.9589688947935,0.0002591975862466015,4.172981211444771e-06,5.348879783602603,1894.108965853922,1620.958965853922
Nb25-Mo75,B2_MULTI_160_A_Ru75_Al25_B_HfTi,-0.00145028,3.19107183,3.186447237,-0.900034303,5.375,0.065459775,1.7392,0.375280375,-13.148,0.75,0.0,0.0,0.25,B2_MULTI_160_A_Ru75_Al25_B_HfTi,0.375,0.25,0.25,0.0,0.125,0.0,0.0,0.0,0.0,0.0,0.0,0.0,0.0,-0.070457653,-0.070457653,,-0.0014502796311279,0.0001264991979079,,0.00011382535055,-0.0014502796311279,-0.82957665,-7288.153702066342,4.8458293461967755e-05,0.82957665,17119.394653282394,1919.6121650266914,0.0014502796311279,1890.6065724041334,1617.4565724041336,2.1033110084644777e-06,3.0503891135031143e-09,0.0434045621130932,1890.6066697332153,1617.4566697332152
Ta75-V25,B2_MULTI_162_A_Ru75_Al25_B_HfZr,0.014000144,3.23816412,3.283818469,-0.87583034,5.375,0.079687323,1.6867,0.412334949,-16.188,0.0,0.75,0.25,0.0,B2_MULTI_162_A_Ru75_Al25_B_HfZr,0.375,0.25,0.0,0.25,0.125,0.0,0.0,0.0,0.0,0.0,0.0,0.0,0.0,0.057672619,0.057672619,,0.0140001443968895,0.0001294969674992,,0.00011382535055,0.0140001443968895,-0.933502959,-8201.186769812934,4.8458293461967755e-05,0.933502959,19264.04939812119,2160.094110875484,0.0140001443968895,1880.091222937694,1606.941222937694,0.00019600404313375644,2.744084906246748e-06,4.044798715158825,1880.091233514372,1606.941233514372
Nb25-Ta75,B2_MULTI_162_A_Ru75_Al25_B_HfZr,-0.008465155,3.31173466,3.283818469,-0.87583034,5.375,0.079687323,1.6867,0.412334949,-16.188,0.0,0.75,0.0,0.25,B2_MULTI_162_A_Ru75_Al25_B_HfZr,0.375,0.25,0.0,0.25,0.125,0.0,0.0,0.0,0.0,0.0,0.0,0.0,0.0,0.008017394,0.008017394,,-0.0084651553718081,0.0001275762651674,,0.00011382535055,-0.0084651553718081,-0.883847734,-7764.946294733642,4.8458293461967755e-05,0.883847734,18239.349156892687,2045.1936083515313,0.0084651553718081,1875.8905009153693,1602.7405009153695,7.165885546885153e-05,6.066033453097688e-07,1.4787738145399738,1875.8905492517556,1602.7405492517555
Ta50-V50,B2_MULTI_164_A_Ru75_Al25_B_HfAl,0.000577923,3.15902895,3.160855152,-0.932800309,5.125,0.064725798,1.755247525,0.365593493,-16.91206744,0.0,0.5,0.5,0.0,B2_MULTI_164_A_Ru75_Al25_B_HfAl,0.375,0.25,0.0,0.0,0.375,0.0,0.0,0.0,0.0,0.0,0.0,0.0,0.0,0.072084764,0.072084764,,0.0005779226234296,0.0001299950636631,,9.325639537147706e-05,0.0005779226234296,-1.004885073,-10775.508414164477,5.9730802546012426e-05,1.004885073,16823.565566960315,1886.4406000050444,0.0005779226234296,1874.8821475364525,1601.7321475364524,3.339945586717512e-07,1.930230115587899e-10,0.005591663671594989,1874.8822499620192,1601.732249962019
Mo25-Ta75,B2_TERN_SOL_079_Ru_Hf75_Nb25,-0.013324094,3.26436851,3.221161604,-0.990479496,6.125,0.077231013,1.786,0.423797121,-13.1472,0.25,0.75,0.0,0.0,B2_TERN_SOL_079_Ru_Hf75_Nb25,0.5,0.375,0.0,0.0,0.0,0.0,0.125,0.0,0.0,0.0,0.0,0.0,0.0,-0.066412535,-0.066412535,,-0.0133240938645034,0.0001190275801557,,8.39599492769963e-05,-0.0133240938645034,-0.924066961,-11006.044774412218,4.8458293461967755e-05,0.924066961,19069.325289493514,2138.2595322986067,0.0133240938645034,1871.7776550085387,1598.6276550085386,0.00017753147731009713,2.3654460675836897e-06,3.6635932598293377,1871.777669754585,1598.627669754585
Nb75-Ta25,B2_PENALTY_110_Ru75Al25_Hf,-0.016502158,3.31909493,3.264770933,-0.95574225,5.375,0.076510467,1.6792,0.418974176,-15.048,0.0,0.25,0.0,0.75,B2_PENALTY_110_Ru75Al25_Hf,0.375,0.5,0.0,0.0,0.125,0.0,0.0,0.0,0.0,0.0,0.0,0.0,0.0,-0.005091276,-0.005091276,,-0.016502157890333,0.0001239777782356,,8.39599492769963e-05,-0.016502157890333,-0.950650974,-11322.672085754384,4.8458293461967755e-05,0.950650974,19617.921022045764,2199.7740346053292,0.016502157890333,1869.7308767986692,1596.5808767986691,0.00027232121503747975,4.4938876874358164e-06,5.619702956547772,1869.7308696109371,1596.580869610937
Nb75-V25,B2_PENALTY_156_Ru75Si25_Zr,0.011402991,3.24817106,3.285422312,-0.857108746,5.5,0.109630837,1.729,0.409156449,-12.2208,0.0,0.0,0.25,0.75,B2_PENALTY_156_Ru75Si25_Zr,0.375,0.0,0.0,0.5,0.0,0.0,0.0,0.0,0.0,0.0,0.0,0.0,0.125,0.046009832,0.046009832,,0.0114029906298245,0.0001259145851556,,8.39599492769963e-05,0.0114029906298245,-0.903118578,-10756.540300190964,4.8458293461967755e-05,0.903118578,18637.028122106858,2089.7856862176714,0.0114029906298245,1861.7258736211813,1588.5758736211815,0.00013002819530386533,1.4827102926629666e-06,2.683301165071306,1861.725900985331,1588.575900985331
Nb75-Mo25,B2_MULTI_162_A_Ru75_Al25_B_HfZr,0.002623972,3.27521311,3.283818469,-0.87583034,5.375,0.079687323,1.6867,0.412334949,-16.188,0.25,0.0,0.0,0.75,B2_MULTI_162_A_Ru75_Al25_B_HfZr,0.375,0.25,0.0,0.25,0.125,0.0,0.0,0.0,0.0,0.0,0.0,0.0,0.0,-0.051633618,-0.051633618,,0.0026239724253048,0.0001273198770364,,0.00011382535055,0.0026239724253048,-0.824196722,-7240.888940973982,4.8458293461967755e-05,0.824196722,17008.37283192539,1907.163194535818,0.0026239724253048,1854.683746029722,1581.533746029722,6.885231288759954e-06,1.806665704355195e-08,0.14208571529997838,1854.6838332628256,1581.5338332628257
Nb25-V75,B2_TERN_SOL_091_Ru_Ti75_Mo25,0.002247415,3.07696301,3.083886002,-0.762838311,6.25,0.043312835,1.9444,0.316841664,-9.52,0.0,0.0,0.75,0.25,B2_TERN_SOL_091_Ru_Ti75_Mo25,0.5,0.0,0.375,0.0,0.0,0.125,0.0,0.0,0.0,0.0,0.0,0.0,0.0,0.056214818,0.056214818,,0.0022474149217146,0.0001178668752869,,8.39599492769963e-05,0.0022474149217146,-0.819053129,-9755.283751992543,4.8458293461967755e-05,0.819053129,16902.228091107452,1895.2610952002758,0.0022474149217146,1850.3127967659839,1577.1627967659838,5.050873830345442e-06,1.1351409214016125e-08,0.10423135999020673,1850.3128863361449,1577.1628863361448
Mo75-V25,B2_TERN_SOL_089_Ru_Ti75_Nb25,-0.001700861,3.10818653,3.102904429,-0.903188944,6.125,0.045498955,1.8772,0.32330815,-9.1648,0.75,0.0,0.25,0.0,B2_TERN_SOL_089_Ru_Ti75_Nb25,0.5,0.0,0.375,0.0,0.0,0.0,0.125,0.0,0.0,0.0,0.0,0.0,0.0,-0.089033116,-0.089033116,,-0.0017008609388809,0.0001167288482161,,8.39599492769963e-05,-0.0017008609388809,-0.8141558280000001,-9696.95473866926,4.8458293461967755e-05,0.8141558280000001,16801.165906492068,1883.928907179558,0.0017008609388809,1849.9116884019402,1576.7616884019403,2.8929279334108164e-06,4.920468120935902e-09,0.05969933579442528,1849.9117817014708,1576.7617817014707
Nb25-Ta75,B2_PENALTY_156_Ru75Si25_Zr,-0.007976875,3.31173466,3.285422312,-0.857108746,5.5,0.109630837,1.729,0.409156449,-12.2208,0.0,0.75,0.0,0.25,B2_PENALTY_156_Ru75Si25_Zr,0.375,0.0,0.0,0.5,0.0,0.0,0.0,0.0,0.0,0.0,0.0,0.0,0.125,0.008017394,0.008017394,,-0.0079768749210231,0.0001243947670935,,8.39599492769963e-05,-0.0079768749210231,-0.86512614,-10304.033619003518,4.8458293461967755e-05,0.86512614,17853.004680798134,2001.872476312568,0.0079768749210231,1842.334977892106,1569.184977892106,6.363053350564729e-05,5.075728069325179e-07,1.3130989343565596,1842.3350276764122,1569.1850276764121
Nb50-V50,B2_MULTI_164_A_Ru75_Al25_B_HfAl,-0.001759199,3.16642062,3.160855152,-0.932800309,5.125,0.064725798,1.755247525,0.365593493,-16.91206744,0.0,0.0,0.5,0.5,B2_MULTI_164_A_Ru75_Al25_B_HfAl,0.375,0.25,0.0,0.0,0.375,0.0,0.0,0.0,0.0,0.0,0.0,0.0,0.0,0.066743061,0.066743061,,-0.0017591988086337,0.0001298282648587,,9.325639537147706e-05,-0.0017591988086337,-0.99954337,-10718.22866430151,5.9730802546012426e-05,0.99954337,16734.135946524773,1876.4127812194736,0.0017591988086337,1841.2288050467996,1568.0788050467995,3.094780448298229e-06,5.4443340776291125e-09,0.05181213572200419,1841.228897453113,1568.0788974531129
Nb75-Mo25,B2_TERN_SOL_079_Ru_Hf75_Nb25,-0.016640514,3.27521311,3.221161604,-0.990479496,6.125,0.077231013,1.786,0.423797121,-13.1472,0.25,0.0,0.0,0.75,B2_TERN_SOL_079_Ru_Hf75_Nb25,0.5,0.375,0.0,0.0,0.0,0.0,0.125,0.0,0.0,0.0,0.0,0.0,0.0,-0.051633618,-0.051633618,,-0.0166405136340169,0.0001189814149825,,8.39599492769963e-05,-0.0166405136340169,-0.938845878,-11182.068189472202,4.8458293461967755e-05,0.938845878,19374.307490560896,2172.4574437985507,0.0166405136340169,1839.6471711182126,1566.4971711182125,0.00027690669400390236,4.607869616922483e-06,5.714330287368274,1839.6471612735133,1566.4971612735135
Ta75-V25,B2_TERN_SOL_085_Ru_Hf75_W25,-0.011576386,3.23816412,3.200893611,-0.836868509,6.25,0.078536263,1.8772,0.454612098,-12.84,0.0,0.75,0.25,0.0,B2_TERN_SOL_085_Ru_Hf75_W25,0.5,0.375,0.0,0.0,0.0,0.0,0.0,0.0,0.125,0.0,0.0,0.0,0.0,0.057672619,0.057672619,,-0.0115763860356666,0.000120969451364,,8.39599492769963e-05,-0.0115763860356666,-0.894541128,-10654.379090306218,4.8458293461967755e-05,0.894541128,18460.021269673394,2069.937758524783,0.0115763860356666,1838.410037811451,1565.2600378114512,0.00013401271364677663,1.5513829068623318e-06,2.7655268907056296,1838.4100626621369,1565.260062662137
Mo75-Ta25,B2_MULTI_160_A_Ru75_Al25_B_HfTi,0.000192404,3.18583421,3.186447237,-0.900034303,5.375,0.065459775,1.7392,0.375280375,-13.148,0.75,0.25,0.0,0.0,B2_MULTI_160_A_Ru75_Al25_B_HfTi,0.375,0.25,0.25,0.0,0.125,0.0,0.0,0.0,0.0,0.0,0.0,0.0,0.0,-0.10728083,-0.10728083,,0.0001924042448842,0.0001266532182868,,0.00011382535055,0.0001924042448842,-0.792753473,-6964.64776229044,4.8458293461967755e-05,0.792753473,16359.50043561044,1834.4045853242842,0.0001924042448842,1830.5565004266002,1557.4065004266004,3.70193934494592e-08,7.122688442714296e-12,0.0007639433996682875,1830.5566029834508,1557.4066029834507
Ta75-V25,B2_PENALTY_156_Ru75Si25_Zr,0.014488408,3.23816412,3.285422312,-0.857108746,5.5,0.109630837,1.729,0.409156449,-12.2208,0.0,0.75,0.25,0.0,B2_PENALTY_156_Ru75Si25_Zr,0.375,0.0,0.0,0.5,0.0,0.0,0.0,0.0,0.0,0.0,0.0,0.0,0.125,0.057672619,0.057672619,,0.014488408329561,0.0001263023127478,,8.39599492769963e-05,0.014488408329561,-0.914781365,-10895.449233562553,4.8458293461967755e-05,0.914781365,18877.704922026638,2116.772978836521,0.014488408329561,1827.0048122453009,1553.8548122453008,0.00020991397592409256,3.0413193972698896e-06,4.331848295252958,1827.0048164575442,1553.854816457544
Ta25-V75,B2_TERN_SOL_091_Ru_Ti75_Mo25,0.003253196,3.07386981,3.083886002,-0.762838311,6.25,0.043312835,1.9444,0.316841664,-9.52,0.0,0.25,0.75,0.0,B2_TERN_SOL_091_Ru_Ti75_Mo25,0.5,0.0,0.375,0.0,0.0,0.125,0.0,0.0,0.0,0.0,0.0,0.0,0.0,0.054791781,0.054791781,,0.0032531955815722,0.0001178219665247,,8.39599492769963e-05,0.0032531955815722,-0.817630092,-9738.334754139943,4.8458293461967755e-05,0.817630092,16872.861869180615,1891.9682359611893,0.0032531955815722,1826.9043243297454,1553.7543243297455,1.0583281491960885e-05,3.4429484588181994e-08,0.218399797761494,1826.9044056668026,1553.7544056668025
Ta75-V25,B2_TERN_SOL_081_Ru_Hf75_Mo25,-0.011815669,3.23816412,3.200127757,-0.833822359,6.25,0.078536263,1.8532,0.433268693,-13.32,0.0,0.75,0.25,0.0,B2_TERN_SOL_081_Ru_Hf75_Mo25,0.5,0.375,0.0,0.0,0.0,0.125,0.0,0.0,0.0,0.0,0.0,0.0,0.0,0.057672619,0.057672619,,-0.0118156690397588,0.0001205966165292,,8.39599492769963e-05,-0.0118156690397588,-0.891494978,-10618.098101260472,4.8458293461967755e-05,0.891494978,18397.159996971113,2062.889070984583,0.0118156690397588,1826.5756901894072,1553.4256901894073,0.00013961003485711464,1.6495859665008563e-06,2.8810349041013357,1826.57571272584,1553.4257127258402
Mo75-Ta25,B2_TERN_SOL_079_Ru_Hf75_Nb25,0.011027756,3.18583421,3.221161604,-0.990479496,6.125,0.077231013,1.786,0.423797121,-13.1472,0.75,0.25,0.0,0.0,B2_TERN_SOL_079_Ru_Hf75_Nb25,0.5,0.375,0.0,0.0,0.0,0.0,0.125,0.0,0.0,0.0,0.0,0.0,0.0,-0.10728083,-0.10728083,,0.0110277562294659,0.0001191550039892,,8.39599492769963e-05,0.0110277562294659,-0.883198666,-10519.285368863157,4.8458293461967755e-05,0.883198666,18225.954793335302,2043.6916870658615,0.0110277562294659,1823.1365624765435,1549.9865624765434,0.00012161140745652398,1.3411009561527982e-06,2.5096097854120694,1823.136590226894,1549.986590226894
Ta75-V25,B2_MULTI_170_A_Ru75_Al25_B_ZrAl,-0.018088556,3.23816412,3.180115415,-0.885427863,5.125,0.069992928,1.762673267,0.356461963,-18.02960494,0.0,0.75,0.25,0.0,B2_MULTI_170_A_Ru75_Al25_B_ZrAl,0.375,0.0,0.0,0.25,0.375,0.0,0.0,0.0,0.0,0.0,0.0,0.0,0.0,0.057672619,0.057672619,,-0.0180885561881343,0.0001283632599104,,9.325639537147706e-05,-0.0180885561881343,-0.943100482,-10112.984511606504,4.8458293461967755e-05,0.943100482,19462.106785501797,2182.3024528110045,0.0180885561881343,1820.5313290483186,1547.3813290483185,0.0003271958649712916,5.9185007880584115e-06,6.7521128293155765,1820.5313081779486,1547.3813081779485
Nb25-Mo75,B2_PENALTY_122_Ru75Si25_Hf,0.017809066,3.19107183,3.248412429,-1.009713639,5.5,0.103842692,1.714,0.423797121,-9.9408,0.75,0.0,0.0,0.25,B2_PENALTY_122_Ru75Si25_Hf,0.375,0.5,0.0,0.0,0.0,0.0,0.0,0.0,0.0,0.0,0.0,0.0,0.125,-0.070457653,-0.070457653,,0.0178090656623189,0.0001242210010552,,8.39599492769963e-05,0.0178090656623189,-0.9392559860000002,-11186.952756501263,4.8458293461967755e-05,0.9392559860000002,19382.770603285284,2173.406419768131,0.0178090656623189,1817.2251065217529,1544.0751065217528,0.0003171628197647861,5.6483734828372905e-06,6.54506787395866,1817.2250873824885,1544.0750873824886
Nb25-Mo75,B2_MULTI_170_A_Ru75_Al25_B_ZrAl,-0.003439364,3.19107183,3.180115415,-0.885427863,5.125,0.069992928,1.762673267,0.356461963,-18.02960494,0.75,0.0,0.0,0.25,B2_MULTI_170_A_Ru75_Al25_B_ZrAl,0.375,0.0,0.0,0.25,0.375,0.0,0.0,0.0,0.0,0.0,0.0,0.0,0.0,-0.070457653,-0.070457653,,-0.0034393636785979,0.0001262102390793,,9.325639537147706e-05,-0.0034393636785979,-0.81497021,-8739.027567531983,4.8458293461967755e-05,0.81497021,16817.971739752356,1885.8133594410565,0.0034393636785979,1817.0260858690986,1543.8760858690985,1.182922251365848e-05,4.068499825952953e-08,0.2441114135177415,1817.0261653675432,1543.8761653675433
Nb50-V50,B2_TERN_SOL_087_Ru_Hf75_V25,0.004535063,3.16642062,3.180813173,-0.946727169,6.125,0.081395156,1.7896,0.422326698,-11.88,0.0,0.0,0.5,0.5,B2_TERN_SOL_087_Ru_Hf75_V25,0.5,0.375,0.0,0.0,0.0,0.0,0.0,0.0,0.0,0.125,0.0,0.0,0.0,0.066743061,0.066743061,,0.0045350631375428,0.0001225682457332,,8.39599492769963e-05,0.0045350631375428,-1.01347023,-12070.877111376183,5.9730802546012426e-05,1.01347023,16967.296383123157,1902.5572576780132,0.0045350631375428,1811.8559949271573,1538.7059949271575,2.0566797661499545e-05,9.327172593196804e-08,0.34432481709343055,1811.8560666101644,1538.7060666101643
Mo25-Ta75,B2_PENALTY_118_Ru75Cu25_Hf,-0.008647373,3.26436851,3.236261822,-0.923389889,6.375,0.088438935,1.714,0.423797121,-13.5888,0.25,0.75,0.0,0.0,B2_PENALTY_118_Ru75Cu25_Hf,0.375,0.5,0.0,0.0,0.0,0.0,0.0,0.0,0.0,0.0,0.0,0.125,0.0,-0.066412535,-0.066412535,,-0.0086473731206164,0.0001173405638558,,8.39599492769963e-05,-0.0086473731206164,-0.856977354,-10206.977986286114,4.8458293461967755e-05,0.856977354,17684.843868317283,1983.0164625424127,0.0086473731206164,1810.0690001300848,1536.919000130085,7.477706188715902e-05,6.46625155001688e-07,1.5431220652837767,1810.069043480392,1536.9190434803922
Nb25-Ta75,B2_PENALTY_144_Ru75Al25_Zr,-0.002826291,3.31173466,3.302387941,-0.797935587,5.375,0.082563072,1.6942,0.405448344,-17.328,0.0,0.75,0.0,0.25,B2_PENALTY_144_Ru75Al25_Zr,0.375,0.0,0.0,0.5,0.125,0.0,0.0,0.0,0.0,0.0,0.0,0.0,0.0,0.008017394,0.008017394,,-0.0028262914263448,0.0001244525342664,,8.39599492769963e-05,-0.0028262914263448,-0.805952981,-9599.255215615269,4.8458293461967755e-05,0.805952981,16631.88947486457,1864.9477980933118,0.0028262914263448,1808.4219695664158,1535.271969566416,7.987923226630124e-06,2.257619892972521e-08,0.16484119963694976,1808.4220527853904,1535.2720527853903
Ta75-V25,B2_MULTI_166_A_Ru75_Al25_B_TiZr,-0.009869588,3.23816412,3.206361714,-0.808063227,5.375,0.070305818,1.7467,0.366628027,-14.288,0.0,0.75,0.25,0.0,B2_MULTI_166_A_Ru75_Al25_B_TiZr,0.375,0.0,0.25,0.25,0.125,0.0,0.0,0.0,0.0,0.0,0.0,0.0,0.0,0.057672619,0.057672619,,-0.0098695875597913,0.0001286356344608,,0.00011382535055,-0.0098695875597913,-0.865735846,-7605.826310367386,4.8458293461967755e-05,0.865735846,17865.586758218556,2003.2833152684254,0.0098695875597913,1805.8915640725995,1532.7415640725994,9.740875860038718e-05,9.613842720970949e-07,2.0101566035716454,1805.8915987952648,1532.741598795265
Nb75-V25,B2_MULTI_160_A_Ru75_Al25_B_HfTi,-0.019184921,3.24817106,3.186447237,-0.900034303,5.375,0.065459775,1.7392,0.375280375,-13.148,0.0,0.0,0.25,0.75,B2_MULTI_160_A_Ru75_Al25_B_HfTi,0.375,0.25,0.25,0.0,0.125,0.0,0.0,0.0,0.0,0.0,0.0,0.0,0.0,0.046009832,0.046009832,,-0.019184921358514,0.0001282168917593,,0.00011382535055,-0.019184921358514,-0.946044135,-8311.36588140276,4.8458293461967755e-05,0.946044135,19522.852899112055,2189.11396577779,0.019184921358514,1805.41553860751,1532.2655386075098,0.00036806120753236666,7.0612253216281555e-06,7.595422398051174,1805.415509352748,1532.2655093527478
Nb25-Mo75,B2_MULTI_164_A_Ru75_Al25_B_HfAl,-0.009514177,3.19107183,3.160855152,-0.932800309,5.125,0.064725798,1.755247525,0.365593493,-16.91206744,0.75,0.0,0.0,0.25,B2_MULTI_164_A_Ru75_Al25_B_HfAl,0.375,0.25,0.0,0.0,0.375,0.0,0.0,0.0,0.0,0.0,0.0,0.0,0.0,-0.070457653,-0.070457653,,-0.0095141767484505,0.0001261781173629,,9.325639537147706e-05,-0.0095141767484505,-0.862342656,-9247.008235359608,4.8458293461967755e-05,0.862342656,17795.563863114687,1995.4315889665259,0.0095141767484505,1805.148053997516,1531.9980539975159,9.051955920075614e-05,8.612190854278226e-07,1.8679890011355837,1805.1480911179096,1531.9980911179096
Nb75-Mo25,B2_PENALTY_156_Ru75Si25_Zr,0.00311226,3.27521311,3.285422312,-0.857108746,5.5,0.109630837,1.729,0.409156449,-12.2208,0.25,0.0,0.0,0.75,B2_PENALTY_156_Ru75Si25_Zr,0.375,0.0,0.0,0.5,0.0,0.0,0.0,0.0,0.0,0.0,0.0,0.0,0.125,-0.051633618,-0.051633618,,0.003112260122172,0.0001241225304003,,8.39599492769963e-05,0.003112260122172,-0.805475128,-9593.563775778595,4.8458293461967755e-05,0.805475128,16622.028355830837,1863.8420624968549,0.003112260122172,1801.596860053415,1528.446860053415,9.686163068062071e-06,3.0145859053584775e-08,0.19988659063415445,1801.596940921893,1528.4469409218932
Nb75-Ta25,B2_MULTI_162_A_Ru75_Al25_B_HfZr,-0.01068512,3.31909493,3.283818469,-0.87583034,5.375,0.079687323,1.6867,0.412334949,-16.188,0.0,0.25,0.0,0.75,B2_MULTI_162_A_Ru75_Al25_B_HfZr,0.375,0.25,0.0,0.25,0.125,0.0,0.0,0.0,0.0,0.0,0.0,0.0,0.0,-0.005091276,-0.005091276,,-0.0106851199972856,0.0001271205703122,,0.00011382535055,-0.0106851199972856,-0.870739064,-7649.781527512113,4.8458293461967755e-05,0.870739064,17968.83467808034,2014.860591626289,0.0106851199972856,1801.1581916805771,1528.008191680577,0.0001141717893563926,1.2199392695778698e-06,2.356083576199392,1801.158220535953,1528.0082205359531
Mo75-V25,B2_PENALTY_127_Ru75Al25_Ti,-0.002735626,3.10818653,3.09969531,-0.88819063,5.375,0.04282596,1.7992,0.314533559,-11.248,0.75,0.0,0.25,0.0,B2_PENALTY_127_Ru75Al25_Ti,0.375,0.0,0.5,0.0,0.125,0.0,0.0,0.0,0.0,0.0,0.0,0.0,0.0,-0.089033116,-0.089033116,,-0.0027356255221506,0.000121739023726,,8.39599492769963e-05,-0.0027356255221506,-0.799157514,-9518.31820864328,4.8458293461967755e-05,0.799157514,16491.656162576477,1849.2233184804422,0.0027356255221506,1794.5108080374303,1521.3608080374302,7.483646997441742e-06,2.0472455724967336e-08,0.15443480285403044,1794.5108910894226,1521.3608910894227
Mo75-V25,B2_PENALTY_139_Ru75Si25_Ti,-0.008444372,3.10818653,3.0820502,-0.93611645,5.5,0.071965596,1.834,0.30764265,-6.1408,0.75,0.0,0.25,0.0,B2_PENALTY_139_Ru75Si25_Ti,0.375,0.0,0.5,0.0,0.0,0.0,0.0,0.0,0.0,0.0,0.0,0.0,0.125,-0.089033116,-0.089033116,,-0.0084443717227596,0.0001217221112586,,8.39599492769963e-05,-0.0084443717227596,-0.847083334,-10089.135847442532,4.8458293461967755e-05,0.847083334,17480.667879169723,1960.1220366288853,0.0084443717227596,1791.2346021736932,1518.0846021736934,7.130741379214192e-05,6.021463086494811e-07,1.4715213578065267,1791.2346458488328,1518.0846458488327
Nb75-Mo25,B2_PENALTY_118_Ru75Cu25_Hf,-0.011963891,3.27521311,3.236261822,-0.923389889,6.375,0.088438935,1.714,0.423797121,-13.5888,0.25,0.0,0.0,0.75,B2_PENALTY_118_Ru75Cu25_Hf,0.375,0.5,0.0,0.0,0.0,0.0,0.0,0.0,0.0,0.0,0.0,0.125,0.0,-0.051633618,-0.051633618,,-0.0119638909484479,0.0001172975776434,,8.39599492769963e-05,-0.0119638909484479,-0.871756271,-10383.0014013461,4.8458293461967755e-05,0.871756271,17989.826069384664,2017.2143740423564,0.0119638909484479,1777.9365550733985,1504.7865550733986,0.0001431346866263536,1.7124477817379583e-06,2.9537706840355846,1777.9365738321758,1504.7865738321757
Ta50-V50,B2_TERN_SOL_087_Ru_Hf75_V25,0.006872166,3.15902895,3.180813173,-0.946727169,6.125,0.081395156,1.7896,0.422326698,-11.88,0.0,0.5,0.5,0.0,B2_TERN_SOL_087_Ru_Hf75_V25,0.5,0.375,0.0,0.0,0.0,0.0,0.0,0.0,0.0,0.125,0.0,0.0,0.0,0.072084764,0.072084764,,0.0068721657660748,0.0001227260260871,,8.39599492769963e-05,0.0068721657660748,-1.018811933,-12134.499148383102,5.9730802546012426e-05,1.018811933,17056.726003558695,1912.5850764635836,0.0068721657660748,1775.1417611420875,1501.9917611420874,4.722666231641045e-05,3.245494520168107e-07,0.7906584258604317,1775.1418146973174,1501.9918146973173
Nb75-Ta25,B2_PENALTY_156_Ru75Si25_Zr,-0.010196845,3.31909493,3.285422312,-0.857108746,5.5,0.109630837,1.729,0.409156449,-12.2208,0.0,0.25,0.0,0.75,B2_PENALTY_156_Ru75Si25_Zr,0.375,0.0,0.0,0.5,0.0,0.0,0.0,0.0,0.0,0.0,0.0,0.0,0.125,-0.005091276,-0.005091276,,-0.0101968446038314,0.0001239424433767,,8.39599492769963e-05,-0.0101968446038314,-0.8520174699999999,-10147.903581850296,4.8458293461967755e-05,0.8520174699999999,17582.490201985787,1971.5394595873258,0.0101968446038314,1767.6025675106978,1494.452567510698,0.00010397563987468554,1.0602234423861042e-06,2.145672751688837,1767.6025978139533,1494.4525978139532
Mo75-Ta25,B2_MULTI_170_A_Ru75_Al25_B_ZrAl,-0.001796682,3.18583421,3.180115415,-0.885427863,5.125,0.069992928,1.762673267,0.356461963,-18.02960494,0.75,0.25,0.0,0.0,B2_MULTI_170_A_Ru75_Al25_B_ZrAl,0.375,0.0,0.0,0.25,0.375,0.0,0.0,0.0,0.0,0.0,0.0,0.0,0.0,-0.10728083,-0.10728083,,-0.0017966824548976,0.0001263670477876,,9.325639537147706e-05,-0.0017966824548976,-0.778147033,-8344.168031590038,4.8458293461967755e-05,0.778147033,16058.077522080399,1800.6057797386488,0.0017966824548976,1764.6721306406969,1491.522130640697,3.2280678437368666e-06,5.799812858061156e-09,0.06661538434634309,1764.6722184453574,1491.5222184453573
Mo25-Ta75,B2_MULTI_162_A_Ru75_Al25_B_HfZr,0.005940563,3.26436851,3.283818469,-0.87583034,5.375,0.079687323,1.6867,0.412334949,-16.188,0.25,0.75,0.0,0.0,B2_MULTI_162_A_Ru75_Al25_B_HfZr,0.375,0.25,0.0,0.25,0.125,0.0,0.0,0.0,0.0,0.0,0.0,0.0,0.0,-0.066412535,-0.066412535,,0.0059405631092623,0.0001273831388256,,0.00011382535055,0.0059405631092623,-0.809417805,-7111.050403876679,4.8458293461967755e-05,0.809417805,16703.390630858008,1872.9652830358743,0.0059405631092623,1754.1540208506283,1481.0040208506284,3.5290290055128166e-05,2.0964419521666059e-07,0.7282610990588344,1754.1540796103939,1481.004079610394
Mo75-Ta25,B2_MULTI_164_A_Ru75_Al25_B_HfAl,-0.007871524,3.18583421,3.160855152,-0.932800309,5.125,0.064725798,1.755247525,0.365593493,-16.91206744,0.75,0.25,0.0,0.0,B2_MULTI_164_A_Ru75_Al25_B_HfAl,0.375,0.25,0.0,0.0,0.375,0.0,0.0,0.0,0.0,0.0,0.0,0.0,0.0,-0.10728083,-0.10728083,,-0.0078715237426173,0.0001263348569457,,9.325639537147706e-05,-0.0078715237426173,-0.825519479,-8852.148699417663,4.8458293461967755e-05,0.825519479,17035.66964544273,1910.2240092641184,0.0078715237426173,1752.7935344117725,1479.6435344117726,6.196088603058786e-05,4.877265855033768e-07,1.278643584079525,1752.793579838156,1479.6435798381558
Nb75-V25,B2_TERN_SOL_085_Ru_Hf75_W25,-0.0146618,3.24817106,3.200893611,-0.836868509,6.25,0.078536263,1.8772,0.454612098,-12.84,0.0,0.0,0.25,0.75,B2_TERN_SOL_085_Ru_Hf75_W25,0.5,0.375,0.0,0.0,0.0,0.0,0.0,0.0,0.125,0.0,0.0,0.0,0.0,0.046009832,0.046009832,,-0.0146618002491419,0.0001206006045303,,8.39599492769963e-05,-0.0146618002491419,-0.882878341,-10515.47015693463,4.8458293461967755e-05,0.882878341,18219.344469753614,2042.9504659059335,0.0146618002491419,1749.7144609230954,1476.5644609230953,0.0002149683865457375,3.1518235434139264e-06,4.436152641538117,1749.714459559032,1476.564459559032
Nb50-V50,B2_TERN_SOL_083_Ru_Hf75_Ta25,0.015711312,3.16642062,3.216563145,-1.032519678,6.125,0.077231013,1.774,0.430260386,-12.36,0.0,0.0,0.5,0.5,B2_TERN_SOL_083_Ru_Hf75_Ta25,0.5,0.375,0.0,0.0,0.0,0.0,0.0,0.125,0.0,0.0,0.0,0.0,0.0,0.066743061,0.066743061,,0.0157113120904201,0.0001225209700703,,8.39599492769963e-05,0.0157113120904201,-1.099262739,-13092.703705350865,5.9730802546012426e-05,1.099262739,18403.61575843896,2063.6129609642917,0.0157113120904201,1749.3867191558898,1476.2367191558897,0.0002468453276025808,3.8782639800261386e-06,4.1326303528640596,1749.3867105682564,1476.2367105682565
Nb75-V25,B2_TERN_SOL_081_Ru_Hf75_Mo25,-0.014901078,3.24817106,3.200127757,-0.833822359,6.25,0.078536263,1.8532,0.433268693,-13.32,0.0,0.0,0.25,0.75,B2_TERN_SOL_081_Ru_Hf75_Mo25,0.5,0.375,0.0,0.0,0.0,0.125,0.0,0.0,0.0,0.0,0.0,0.0,0.0,0.046009832,0.046009832,,-0.0149010783660772,0.0001202261929318,,8.39599492769963e-05,-0.0149010783660772,-0.879832191,-10479.189167888888,4.8458293461967755e-05,0.879832191,18156.483197051333,2035.9017783657334,0.0149010783660772,1737.8802110441893,1464.7302110441892,0.00022204213647197395,3.308667276140092e-06,4.582128684458164,1737.8802073659126,1464.7302073659125
Mo25-V75,B2_TERN_SOL_097_Ru_Ti75_V25,0.011213993,3.02092873,3.05499642,-0.905306641,6.125,0.045415458,1.8808,0.320355053,-8.08,0.25,0.0,0.75,0.0,B2_TERN_SOL_097_Ru_Ti75_V25,0.5,0.0,0.375,0.0,0.0,0.0,0.0,0.0,0.0,0.125,0.0,0.0,0.0,-0.058074166,-0.058074166,,0.0112139926542709,0.0001165945065513,,8.39599492769963e-05,0.0112139926542709,-0.847232475,-10090.91218248423,4.8458293461967755e-05,0.847232475,17483.745597953137,1960.4671438325468,0.0112139926542709,1736.1872907471288,1463.0372907471287,0.0001257536312500417,1.4102002970858593e-06,2.5950899684228212,1736.1873122848842,1463.0373122848841
Nb75-Ta25,B2_PENALTY_144_Ru75Al25_Zr,-0.005046298,3.31909493,3.302387941,-0.797935587,5.375,0.082563072,1.6942,0.405448344,-17.328,0.0,0.25,0.0,0.75,B2_PENALTY_144_Ru75Al25_Zr,0.375,0.0,0.0,0.5,0.125,0.0,0.0,0.0,0.0,0.0,0.0,0.0,0.0,-0.005091276,-0.005091276,,-0.0050462983369393,0.0001239926926776,,8.39599492769963e-05,-0.0050462983369393,-0.792844311,-9443.125178462044,4.8458293461967755e-05,0.792844311,16361.37499605222,1834.6147813680695,0.0050462983369393,1733.6888146292836,1460.5388146292835,2.5465126905396342e-05,1.2850462755264977e-07,0.5255060606990322,1733.6888783669096,1460.5388783669096
Mo75-V25,B2_MULTI_168_A_Ru75_Al25_B_TiAl,-0.012068002,3.10818653,3.070901903,-0.941385339,5.125,0.038098056,1.814653465,0.300496501,-15.04950495,0.75,0.0,0.25,0.0,B2_MULTI_168_A_Ru75_Al25_B_TiAl,0.375,0.0,0.25,0.0,0.375,0.0,0.0,0.0,0.0,0.0,0.0,0.0,0.0,-0.089033116,-0.089033116,,-0.0120680023936467,0.0001242867075528,,9.325639537147706e-05,-0.0120680023936467,-0.852352223,-9139.879571848604,4.8458293461967755e-05,0.852352223,17589.398266139196,1972.314066648746,0.0120680023936467,1730.9540187758118,1457.804018775812,0.00014563668177306247,1.7575438242400807e-06,3.00540261260675,1730.9540341537613,1457.8040341537612
Mo25-Ta75,B2_TERN_SOL_103_Ru_Zr75_Ta25,-0.006106006,3.26436851,3.244496924,-0.863325979,6.125,0.083152864,1.7854,0.41776649,-14.64,0.25,0.75,0.0,0.0,B2_TERN_SOL_103_Ru_Zr75_Ta25,0.5,0.0,0.0,0.375,0.0,0.0,0.0,0.125,0.0,0.0,0.0,0.0,0.0,-0.066412535,-0.066412535,,-0.0061060060932272,0.0001191057990161,,8.39599492769963e-05,-0.0061060060932272,-0.796913444,-9491.59034590248,4.8458293461967755e-05,0.796913444,16445.346855341766,1844.0306167919707,0.0061060060932272,1721.9104949274267,1448.7604949274269,3.7283310410527694e-05,2.276521205423632e-07,0.7693896698980807,1721.9105507217066,1448.7605507217067
Nb75-V25,B2_MULTI_166_A_Ru75_Al25_B_TiZr,-0.012955034,3.24817106,3.206361714,-0.808063227,5.375,0.070305818,1.7467,0.366628027,-14.288,0.0,0.0,0.25,0.75,B2_MULTI_166_A_Ru75_Al25_B_TiZr,0.375,0.0,0.25,0.25,0.125,0.0,0.0,0.0,0.0,0.0,0.0,0.0,0.0,0.046009832,0.046009832,,-0.0129550340710688,0.0001282451438006,,0.00011382535055,-0.0129550340710688,-0.854073059,-7503.364187969822,4.8458293461967755e-05,0.854073059,17624.909958298776,1976.2960226495757,0.0129550340710688,1717.1953412281996,1444.0453412281995,0.00016783290778255348,2.174281038569528e-06,3.463450645745011,1717.195349735858,1444.045349735858
Mo25-V75,B2_MULTI_168_A_Ru75_Al25_B_TiAl,0.016406619,3.02092873,3.070901903,-0.941385339,5.125,0.038098056,1.814653465,0.300496501,-15.04950495,0.25,0.0,0.75,0.0,B2_MULTI_168_A_Ru75_Al25_B_TiAl,0.375,0.0,0.25,0.0,0.375,0.0,0.0,0.0,0.0,0.0,0.0,0.0,0.0,-0.058074166,-0.058074166,,0.0164066192941382,0.0001241610451536,,9.325639537147706e-05,0.0164066192941382,-0.883311173,-9471.856267673897,4.8458293461967755e-05,0.883311173,18228.27652181483,2043.9520244389669,0.0164066192941382,1715.8196385562028,1442.6696385562027,0.0002691771566627879,4.416287132044957e-06,5.554821217013146,1715.8196232904222,1442.6696232904224
Ta50-V50,B2_TERN_SOL_083_Ru_Hf75_Ta25,0.018048267,3.15902895,3.216563145,-1.032519678,6.125,0.077231013,1.774,0.430260386,-12.36,0.0,0.5,0.5,0.0,B2_TERN_SOL_083_Ru_Hf75_Ta25,0.5,0.375,0.0,0.0,0.0,0.0,0.0,0.125,0.0,0.0,0.0,0.0,0.0,0.072084764,0.072084764,,0.0180482672488161,0.0001226789030792,,8.39599492769963e-05,0.0180482672488161,-1.104604442,-13156.325742357783,5.9730802546012426e-05,1.104604442,18493.045378874496,2073.640779749862,0.0180482672488161,1712.6754347735398,1439.52543477354,0.00032573995068468784,5.879041683573423e-06,5.453466834532494,1712.6754080593093,1439.5254080593095
Nb25-Mo75,B2_TERN_SOL_085_Ru_Hf75_W25,0.003073165,3.19107183,3.200893611,-0.836868509,6.25,0.078536263,1.8772,0.454612098,-12.84,0.75,0.0,0.0,0.25,B2_TERN_SOL_085_Ru_Hf75_W25,0.5,0.375,0.0,0.0,0.0,0.0,0.0,0.0,0.125,0.0,0.0,0.0,0.0,-0.070457653,-0.070457653,,0.0030731646128749,0.0001189377736656,,8.39599492769963e-05,0.0030731646128749,-0.766410856,-9128.291079256102,4.8458293461967755e-05,0.766410856,15815.886223923953,1773.4486651548352,0.0030731646128749,1711.9853728973371,1438.835372897337,9.444340737826534e-06,2.9024013747421323e-08,0.19489627188870934,1711.9854489490683,1438.8354489490685
Nb25-Mo75,B2_TERN_SOL_081_Ru_Hf75_Mo25,0.002833874,3.19107183,3.200127757,-0.833822359,6.25,0.078536263,1.8532,0.433268693,-13.32,0.75,0.0,0.0,0.25,B2_TERN_SOL_081_Ru_Hf75_Mo25,0.5,0.375,0.0,0.0,0.0,0.125,0.0,0.0,0.0,0.0,0.0,0.0,0.0,-0.070457653,-0.070457653,,0.0028338739470507,0.0001185536672065,,8.39599492769963e-05,0.0028338739470507,-0.7633647060000001,-9092.010090210357,4.8458293461967755e-05,0.7633647060000001,15753.024951221672,1766.3999776146352,0.0028338739470507,1709.7224986736212,1436.5724986736213,8.030841547772712e-06,2.2758392635125408e-08,0.16572687509261294,1709.7225762396893,1436.5725762396892
Ta75-V25,B2_TERN_SOL_107_Ru_Zr75_V25,-0.009240672,3.23816412,3.208378924,-0.759667971,6.125,0.087712313,1.801,0.409156449,-14.16,0.0,0.75,0.25,0.0,B2_TERN_SOL_107_Ru_Zr75_V25,0.5,0.0,0.0,0.375,0.0,0.0,0.0,0.0,0.0,0.125,0.0,0.0,0.0,0.057672619,0.057672619,,-0.0092406723407275,0.000121229421341,,8.39599492769963e-05,-0.0092406723407275,-0.81734059,-9734.886657726203,4.8458293461967755e-05,0.81734059,16866.887618349287,1891.2983381753736,0.0092406723407275,1706.4848913608237,1433.3348913608238,8.539002530868625e-05,7.890612450439983e-07,1.7621343883210452,1706.4849247600525,1433.3349247600527
Nb50-V50,B2_MULTI_170_A_Ru75_Al25_B_ZrAl,0.004315675,3.16642062,3.180115415,-0.885427863,5.125,0.069992928,1.762673267,0.356461963,-18.02960494,0.0,0.0,0.5,0.5,B2_MULTI_170_A_Ru75_Al25_B_ZrAl,0.375,0.0,0.0,0.25,0.375,0.0,0.0,0.0,0.0,0.0,0.0,0.0,0.0,0.066743061,0.066743061,,0.0043156754880066,0.0001298587637284,,9.325639537147706e-05,0.0043156754880066,-0.952170924,-10210.247996473883,5.9730802546012426e-05,0.952170924,15941.036842197362,1787.48190956352,0.0043156754880066,1701.168399803388,1428.018399803388,1.8625054917781005e-05,8.037969297144428e-08,0.31181658581321703,1701.1684667113702,1428.0184667113704
Mo25-Ta75,B2_PENALTY_156_Ru75Si25_Zr,0.006428847,3.26436851,3.285422312,-0.857108746,5.5,0.109630837,1.729,0.409156449,-12.2208,0.25,0.75,0.0,0.0,B2_PENALTY_156_Ru75Si25_Zr,0.375,0.0,0.0,0.5,0.0,0.0,0.0,0.0,0.0,0.0,0.0,0.0,0.125,-0.066412535,-0.066412535,,0.0064288471409751,0.000124179659627,,8.39599492769963e-05,0.0064288471409751,-0.790696211,-9417.54036071861,4.8458293461967755e-05,0.790696211,16317.046154763453,1829.6441509969109,0.0064288471409751,1701.067208177409,1427.917208177409,4.133007556202372e-05,2.6570473811320107e-07,0.8528999395007878,1701.0672605725786,1427.9172605725785
Mo75-Ta25,B2_PENALTY_122_Ru75Si25_Hf,0.019451607,3.18583421,3.248412429,-1.009713639,5.5,0.103842692,1.714,0.423797121,-9.9408,0.75,0.25,0.0,0.0,B2_PENALTY_122_Ru75Si25_Hf,0.375,0.5,0.0,0.0,0.0,0.0,0.0,0.0,0.0,0.0,0.0,0.0,0.125,-0.10728083,-0.10728083,,0.0194516071611845,0.0001243633891448,,8.39599492769963e-05,0.0194516071611845,-0.902432809,-10748.37248915838,4.8458293461967755e-05,0.9024328090000001,18622.87638561333,2088.1988400657237,0.0194516071611845,1699.1666968420338,1426.016696842034,0.0003783650211530441,7.3598077550022765e-06,7.808055012296336,1699.1666597272033,1426.0166597272032
Nb50-Mo50,B2_TERN_SOL_083_Ru_Hf75_Ta25,-0.004618269,3.23145248,3.216563145,-1.032519678,6.125,0.077231013,1.774,0.430260386,-12.36,0.5,0.0,0.0,0.5,B2_TERN_SOL_083_Ru_Hf75_Ta25,0.5,0.375,0.0,0.0,0.0,0.0,0.0,0.125,0.0,0.0,0.0,0.0,0.0,-0.081133539,-0.081133539,,-0.0046182688957117,0.0001202244933637,,8.39599492769963e-05,-0.0046182688957117,-0.951386139,-11331.428224917532,5.9730802546012426e-05,0.9513861390000001,15927.898143794719,1786.00865622734,0.0046182688957117,1693.643278313106,1420.4932783131062,2.1328407593098165e-05,9.850032138226651e-08,0.35707552358212924,1693.6433427167387,1420.4933427167389
Nb25-Mo75,B2_PENALTY_118_Ru75Cu25_Hf,0.014061816,3.19107183,3.236261822,-0.923389889,6.375,0.088438935,1.714,0.423797121,-13.5888,0.75,0.0,0.0,0.25,B2_PENALTY_118_Ru75Cu25_Hf,0.375,0.5,0.0,0.0,0.0,0.0,0.0,0.0,0.0,0.0,0.0,0.125,0.0,-0.070457653,-0.070457653,,0.0140618161267972,0.0001173523208476,,8.39599492769963e-05,0.0140618161267972,-0.852932236,-10158.798848079938,4.8458293461967755e-05,0.852932236,17601.36758983103,1973.656197012075,0.0140618161267972,1692.4198744761309,1419.269874476131,0.00019773467278385383,2.780508610578963e-06,4.080512512043885,1692.4198739797316,1419.2698739797315
Nb75-Mo25,B2_TERN_SOL_103_Ru_Zr75_Ta25,-0.009422562,3.27521311,3.244496924,-0.863325979,6.125,0.083152864,1.7854,0.41776649,-14.64,0.25,0.0,0.0,0.75,B2_TERN_SOL_103_Ru_Zr75_Ta25,0.5,0.0,0.0,0.375,0.0,0.0,0.0,0.125,0.0,0.0,0.0,0.0,0.0,-0.051633618,-0.051633618,,-0.0094225619973332,0.000119059519147,,8.39599492769963e-05,-0.0094225619973332,-0.811692361,-9667.613760962466,4.8458293461967755e-05,0.811692361,16750.329056409148,1878.2285282919145,0.0094225619973332,1689.7772883452506,1416.6272883452507,8.878467459358781e-05,8.36579100771135e-07,1.8321873976695033,1689.7773195476957,1416.6273195476956
Nb50-V50,B2_MULTI_160_A_Ru75_Al25_B_HfTi,0.006304748,3.16642062,3.186447237,-0.900034303,5.375,0.065459775,1.7392,0.375280375,-13.148,0.0,0.0,0.5,0.5,B2_MULTI_160_A_Ru75_Al25_B_HfTi,0.375,0.25,0.25,0.0,0.125,0.0,0.0,0.0,0.0,0.0,0.0,0.0,0.0,0.066743061,0.066743061,,0.0063047484854996,0.0001300674305982,,0.00011382535055,0.0063047484854996,-0.966777364,-8493.515366555386,5.9730802546012426e-05,0.966777364,16185.57465815502,1814.902141167993,0.0063047484854996,1688.807171458001,1415.657171458001,3.9749853465409505e-05,2.506128284348716e-07,0.6654833313982179,1688.8072240094018,1415.657224009402
Mo50-Ta50,B2_TERN_SOL_083_Ru_Hf75_Ta25,-0.001622889,3.22178751,3.216563145,-1.032519678,6.125,0.077231013,1.774,0.430260386,-12.36,0.5,0.5,0.0,0.0,B2_TERN_SOL_083_Ru_Hf75_Ta25,0.5,0.375,0.0,0.0,0.0,0.0,0.0,0.125,0.0,0.0,0.0,0.0,0.0,-0.117789084,-0.117789084,,-0.0016228892397909,0.0001203428444614,,8.39599492769963e-05,-0.0016228892397909,-0.914730594,-10894.844528575984,5.9730802546012426e-05,0.9147305940000001,15314.219046284465,1717.1963013011443,0.0016228892397909,1684.7385165053263,1411.5885165053264,2.6337694846290854e-06,4.2743161566941665e-09,0.04409399124681464,1684.7386009671345,1411.5886009671344
Nb75-V25,B2_PENALTY_152_Ru75Cu25_Zr,0.007636191,3.24817106,3.273069781,-0.744916574,6.375,0.094607143,1.729,0.409156449,-15.8688,0.0,0.0,0.25,0.75,B2_PENALTY_152_Ru75Cu25_Zr,0.375,0.0,0.0,0.5,0.0,0.0,0.0,0.0,0.0,0.0,0.0,0.125,0.0,0.046009832,0.046009832,,0.0076361912117882,0.0001190413052563,,8.39599492769963e-05,0.0076361912117882,-0.790926406,-9420.282084623666,4.8458293461967755e-05,0.790926406,16321.796528405494,1830.1768144009836,0.0076361912117882,1677.4529901652197,1404.3029901652199,5.8311416222991346e-05,4.4527712410893037e-07,1.2033320213547505,1677.4530329318636,1404.3030329318635
Ta50-V50,B2_MULTI_170_A_Ru75_Al25_B_ZrAl,0.00665278,3.15902895,3.180115415,-0.885427863,5.125,0.069992928,1.762673267,0.356461963,-18.02960494,0.0,0.5,0.5,0.0,B2_MULTI_170_A_Ru75_Al25_B_ZrAl,0.375,0.0,0.0,0.25,0.375,0.0,0.0,0.0,0.0,0.0,0.0,0.0,0.0,0.072084764,0.072084764,,0.0066527795506357,0.0001300255005048,,9.325639537147706e-05,0.0066527795506357,-0.957512627,-10267.52774633685,5.9730802546012426e-05,0.957512627,16030.466462632898,1797.5097283490902,0.0066527795506357,1664.454137336376,1391.3041373363762,4.4259475749356554e-05,2.9444853518717594e-07,0.7409824389227343,1664.4541861165696,1391.3041861165698
Nb25-Mo75,B2_PENALTY_114_Ru75Cr25_Hf,0.010707662,3.19107183,3.225424668,-0.878162691,5.75,0.088438935,1.6852,0.418297693,-10.488,0.75,0.0,0.0,0.25,B2_PENALTY_114_Ru75Cr25_Hf,0.375,0.5,0.0,0.0,0.0,0.0,0.0,0.0,0.0,0.0,0.125,0.0,0.0,-0.070457653,-0.070457653,,0.0107076620428945,0.0001217061738241,,8.39599492769963e-05,0.0107076620428945,-0.807705038,-9620.122986678583,4.8458293461967755e-05,0.807705038,16668.04545302288,1869.001998426723,0.0107076620428945,1654.848757568833,1381.6987575688331,0.00011465402642484363,1.227676566814321e-06,2.366035166195633,1654.8487779669047,1381.6987779669048
Ta50-V50,B2_MULTI_160_A_Ru75_Al25_B_HfTi,0.008641837,3.15902895,3.186447237,-0.900034303,5.375,0.065459775,1.7392,0.375280375,-13.148,0.0,0.5,0.5,0.0,B2_MULTI_160_A_Ru75_Al25_B_HfTi,0.375,0.25,0.25,0.0,0.125,0.0,0.0,0.0,0.0,0.0,0.0,0.0,0.0,0.072084764,0.072084764,,0.0086418374892562,0.0001302310924073,,0.00011382535055,0.0086418374892562,-0.972119067,-8540.444306147392,5.9730802546012426e-05,0.972119067,16275.004278590557,1824.9299599535634,0.0086418374892562,1652.0932101684393,1378.9432101684392,7.468135519071389e-05,6.453841350355693e-07,1.2502988744071304,1652.0932445921721,1378.943244592172
Nb50-Mo50,B2_TERN_SOL_079_Ru_Hf75_Nb25,-0.003189677,3.23145248,3.221161604,-0.990479496,6.125,0.077231013,1.786,0.423797121,-13.1472,0.5,0.0,0.0,0.5,B2_TERN_SOL_079_Ru_Hf75_Nb25,0.5,0.375,0.0,0.0,0.0,0.0,0.125,0.0,0.0,0.0,0.0,0.0,0.0,-0.081133539,-0.081133539,,-0.003189676576356,0.0001201646650356,,8.39599492769963e-05,-0.003189676576356,-0.909345957,-10830.711128706536,5.9730802546012426e-05,0.909345957,15224.07063423438,1707.0878838054357,0.003189676576356,1643.2943522783157,1370.1443522783156,1.0174036661754134e-05,3.2451886426984354e-08,0.17033149109149787,1643.2944236322076,1370.1444236322077
Mo25-Ta75,B2_TERN_SOL_099_Ru_Zr75_Nb25,-0.004817858,3.26436851,3.24867904,-0.818094975,6.125,0.083152864,1.7974,0.410773952,-15.4272,0.25,0.75,0.0,0.0,B2_TERN_SOL_099_Ru_Zr75_Nb25,0.5,0.0,0.0,0.375,0.0,0.0,0.125,0.0,0.0,0.0,0.0,0.0,0.0,-0.066412535,-0.066412535,,-0.0048178582697435,0.0001190363103051,,8.39599492769963e-05,-0.0048178582697435,-0.75168244,-8952.869153363687,4.8458293461967755e-05,0.75168244,15511.946176766503,1739.3676112520116,0.0048178582697435,1643.0104458571416,1369.8604458571417,2.3211758307335827e-05,1.118309617162853e-07,0.4790048647824022,1643.0105060173423,1369.8605060173422
Ta75-V25,B2_PENALTY_152_Ru75Cu25_Zr,0.010721673,3.23816412,3.273069781,-0.744916574,6.375,0.094607143,1.729,0.409156449,-15.8688,0.0,0.75,0.25,0.0,B2_PENALTY_152_Ru75Cu25_Zr,0.375,0.0,0.0,0.5,0.0,0.0,0.0,0.0,0.0,0.0,0.0,0.125,0.0,0.057672619,0.057672619,,0.0107216731976527,0.0001194132120521,,8.39599492769963e-05,0.0107216731976527,-0.802589193,-9559.191017995252,4.8458293461967755e-05,0.802589193,16562.473328325275,1857.1641070198336,0.0107216731976527,1642.7306430667795,1369.5806430667794,0.00011495427615726429,1.2325021816309074e-06,2.372231210483827,1642.7306626810025,1369.5806626810027
Nb50-V50,B2_TERN_SOL_079_Ru_Hf75_Nb25,0.017139813,3.16642062,3.221161604,-0.990479496,6.125,0.077231013,1.786,0.423797121,-13.1472,0.0,0.0,0.5,0.5,B2_TERN_SOL_079_Ru_Hf75_Nb25,0.5,0.375,0.0,0.0,0.0,0.0,0.125,0.0,0.0,0.0,0.0,0.0,0.0,0.066743061,0.066743061,,0.0171398134944776,0.000122461062253,,8.39599492769963e-05,0.0171398134944776,-1.057222557,-12591.986609139867,5.9730802546012426e-05,1.057222557,17699.788248878624,1984.6921885423878,0.0171398134944776,1641.895918652836,1368.7459186528358,0.0002937732066254765,5.035217971235299e-06,4.918286614333939,1641.8958941587116,1368.7458941587115
Nb50-Mo50,B2_PENALTY_122_Ru75Si25_Hf,0.005234661,3.23145248,3.248412429,-1.009713639,5.5,0.103842692,1.714,0.423797121,-9.9408,0.5,0.0,0.0,0.5,B2_PENALTY_122_Ru75Si25_Hf,0.375,0.5,0.0,0.0,0.0,0.0,0.0,0.0,0.0,0.0,0.0,0.0,0.125,-0.081133539,-0.081133539,,0.0052346612894487,0.0001254291662536,,8.39599492769963e-05,0.0052346612894487,-0.9285801,-11059.798249001758,5.9730802546012426e-05,0.9285801000000001,15546.08443917503,1743.1955634161798,0.0052346612894487,1638.5023376272059,1365.352337627206,2.7401678815252727e-05,1.4343850736010997e-07,0.45875289879362313,1638.5023946702051,1365.3523946702053
Mo25-Ta75,B2_PENALTY_114_Ru75Cr25_Hf,-0.012001566,3.26436851,3.225424668,-0.878162691,5.75,0.088438935,1.6852,0.418297693,-10.488,0.25,0.75,0.0,0.0,B2_PENALTY_114_Ru75Cr25_Hf,0.375,0.5,0.0,0.0,0.0,0.0,0.0,0.0,0.0,0.0,0.125,0.0,0.0,-0.066412535,-0.066412535,,-0.0120015664388249,0.0001216918638546,,8.39599492769963e-05,-0.0120015664388249,-0.811750156,-9668.30212488476,4.8458293461967755e-05,0.811750156,16751.521731509136,1878.362263957061,0.0120015664388249,1638.330935180563,1365.1809351805632,0.0001440375969855282,1.7286767899105018e-06,2.9724034152910352,1638.330945758562,1365.1809457585618
Mo50-Ta50,B2_TERN_SOL_079_Ru_Hf75_Nb25,-0.000194292,3.22178751,3.221161604,-0.990479496,6.125,0.077231013,1.786,0.423797121,-13.1472,0.5,0.5,0.0,0.0,B2_TERN_SOL_079_Ru_Hf75_Nb25,0.5,0.375,0.0,0.0,0.0,0.0,0.125,0.0,0.0,0.0,0.0,0.0,0.0,-0.117789084,-0.117789084,,-0.0001942917719588,0.0001202827410328,,8.39599492769963e-05,-0.0001942917719588,-0.872690412,-10394.127432364983,5.9730802546012426e-05,0.872690412,14610.391536724128,1638.2755288792403,0.0001942917719588,1634.3896934400643,1361.2396934400645,3.774929265089034e-08,7.33437695933279e-12,0.0006319903808727654,1634.3897848521726,1361.2397848521728
Nb75-V25,B2_PENALTY_144_Ru75Al25_Zr,0.01655336,3.24817106,3.302387941,-0.797935587,5.375,0.082563072,1.6942,0.405448344,-17.328,0.0,0.0,0.25,0.75,B2_PENALTY_144_Ru75Al25_Zr,0.375,0.0,0.0,0.5,0.125,0.0,0.0,0.0,0.0,0.0,0.0,0.0,0.0,0.046009832,0.046009832,,0.0165533601000229,0.0001259955721034,,8.39599492769963e-05,0.0165533601000229,-0.843945419,-10051.761896802716,4.8458293461967755e-05,0.843945419,17415.912916173293,1952.861007998415,0.0165533601000229,1621.793805997957,1348.6438059979569,0.0002740137306010301,4.535847954989516e-06,5.654630219615315,1621.7937843891511,1348.6437843891513
Nb75-V25,B2_TERN_SOL_107_Ru_Zr75_V25,-0.01232613,3.24817106,3.208378924,-0.759667971,6.125,0.087712313,1.801,0.409156449,-14.16,0.0,0.0,0.25,0.75,B2_TERN_SOL_107_Ru_Zr75_V25,0.5,0.0,0.0,0.375,0.0,0.0,0.0,0.0,0.0,0.125,0.0,0.0,0.0,0.046009832,0.046009832,,-0.0123261296198773,0.0001208546492762,,8.39599492769963e-05,-0.0123261296198773,-0.805677803,-9595.977724354618,4.8458293461967755e-05,0.805677803,16626.210818429503,1864.3110455565234,0.0123261296198773,1617.7884531589773,1344.6384531589774,0.00015193347140601653,1.8727516621484811e-06,3.1353450679244563,1617.7884603431128,1344.638460343113
Mo75-V25,B2_MULTI_164_A_Ru75_Al25_B_HfAl,0.016802767,3.10818653,3.160855152,-0.932800309,5.125,0.064725798,1.755247525,0.365593493,-16.91206744,0.75,0.0,0.25,0.0,B2_MULTI_164_A_Ru75_Al25_B_HfAl,0.375,0.25,0.0,0.0,0.375,0.0,0.0,0.0,0.0,0.0,0.0,0.0,0.0,-0.089033116,-0.089033116,,0.0168027665699607,0.0001262572016338,,9.325639537147706e-05,0.0168027665699607,-0.843767193,-9047.821220613792,4.8458293461967755e-05,0.843767193,17412.234990533176,1952.4485990935548,0.0168027665699607,1616.3932676943407,1343.2432676943408,0.0002823329644045889,4.743974895895331e-06,5.826308444522019,1616.3932440668805,1343.2432440668804
Nb25-Mo75,B2_MULTI_166_A_Ru75_Al25_B_TiZr,0.004780006,3.19107183,3.206361714,-0.808063227,5.375,0.070305818,1.7467,0.366628027,-14.288,0.75,0.0,0.0,0.25,B2_MULTI_166_A_Ru75_Al25_B_TiZr,0.375,0.0,0.25,0.25,0.125,0.0,0.0,0.0,0.0,0.0,0.0,0.0,0.0,-0.070457653,-0.070457653,,0.0047800055740602,0.0001265283052339,,0.00011382535055,0.0047800055740602,-0.737605574,-6480.152008633403,4.8458293461967755e-05,0.737605574,15221.451712469116,1706.7942218984774,0.0047800055740602,1611.1941104172734,1338.0441104172733,2.2848453288046582e-05,1.0921573407551676e-07,0.47150759252343616,1611.194169031869,1338.044169031869
Nb75-Mo25,B2_TERN_SOL_099_Ru_Zr75_Nb25,-0.008134429,3.27521311,3.24867904,-0.818094975,6.125,0.083152864,1.7974,0.410773952,-15.4272,0.25,0.0,0.0,0.75,B2_TERN_SOL_099_Ru_Zr75_Nb25,0.5,0.0,0.0,0.375,0.0,0.0,0.125,0.0,0.0,0.0,0.0,0.0,0.0,-0.051633618,-0.051633618,,-0.0081344293835391,0.0001189901515397,,8.39599492769963e-05,-0.0081344293835391,-0.766461357,-9128.892568423673,4.8458293461967755e-05,0.766461357,15816.928377833883,1773.565522751955,0.0081344293835391,1610.876935081173,1337.726935081173,6.61689413957843e-05,5.382465811675446e-07,1.3654822873140726,1610.8769706494174,1337.7269706494176
Ta75-V25,B2_TERN_SOL_105_Ru_Zr75_W25,-0.002701834,3.23816412,3.229426942,-0.661370427,6.25,0.084783177,1.8886,0.440140932,-15.12,0.0,0.75,0.25,0.0,B2_TERN_SOL_105_Ru_Zr75_W25,0.5,0.0,0.0,0.375,0.0,0.0,0.0,0.0,0.125,0.0,0.0,0.0,0.0,0.057672619,0.057672619,,-0.0027018337789891,0.0001209684196908,,8.39599492769963e-05,-0.0027018337789891,-0.719043046,-8564.119585491537,4.8458293461967755e-05,0.719043046,14838.389770459773,1663.841163175756,0.0027018337789891,1609.804487595974,1336.654487595974,7.299905769286521e-06,1.9723131990895736e-08,0.15064306329763377,1609.804560398507,1336.6545603985069
Nb75-Mo25,B2_PENALTY_114_Ru75Cr25_Hf,-0.015318018,3.27521311,3.225424668,-0.878162691,5.75,0.088438935,1.6852,0.418297693,-10.488,0.25,0.0,0.0,0.75,B2_PENALTY_114_Ru75Cr25_Hf,0.375,0.5,0.0,0.0,0.0,0.0,0.0,0.0,0.0,0.0,0.125,0.0,0.0,-0.051633618,-0.051633618,,-0.0153180176162093,0.0001216395581512,,8.39599492769963e-05,-0.0153180176162093,-0.826529073,-9844.325539944746,4.8458293461967755e-05,0.826529073,17056.503932576517,1912.5601754570048,0.0153180176162093,1606.199823132819,1333.0498231328188,0.00023464166369049845,3.5942451379077135e-06,4.842136338842716,1606.1998091198207,1333.0498091198206
Ta50-V50,B2_TERN_SOL_079_Ru_Hf75_Nb25,0.019476739,3.15902895,3.221161604,-0.990479496,6.125,0.077231013,1.786,0.423797121,-13.1472,0.0,0.5,0.5,0.0,B2_TERN_SOL_079_Ru_Hf75_Nb25,0.5,0.375,0.0,0.0,0.0,0.0,0.125,0.0,0.0,0.0,0.0,0.0,0.0,0.072084764,0.072084764,,0.0194767392836085,0.0001226189655786,,8.39599492769963e-05,0.0194767392836085,-1.06256426,-12655.608646146788,5.9730802546012426e-05,1.06256426,17789.21786931416,1994.720007327958,0.0194767392836085,1605.185221655788,1332.035221655788,0.0003793433731216586,7.388371977255165e-06,6.350883580200334,1605.1851790353016,1332.0351790353016
Mo75-Ta25,B2_TERN_SOL_085_Ru_Hf75_W25,0.004715842,3.18583421,3.200893611,-0.836868509,6.25,0.078536263,1.8772,0.454612098,-12.84,0.75,0.25,0.0,0.0,B2_TERN_SOL_085_Ru_Hf75_W25,0.5,0.375,0.0,0.0,0.0,0.0,0.0,0.0,0.125,0.0,0.0,0.0,0.0,-0.10728083,-0.10728083,,0.0047158424226202,0.0001190495717034,,8.39599492769963e-05,0.0047158424226202,-0.729587679,-8689.710811913217,4.8458293461967755e-05,0.729587679,15055.992006251998,1688.2410854524278,0.0047158424226202,1593.9242370000238,1320.7742370000237,2.2239169754984353e-05,1.048764201744073e-07,0.45893423325851646,1593.9242950750984,1320.7742950750985
Mo75-Ta25,B2_TERN_SOL_081_Ru_Hf75_Mo25,0.004476552,3.18583421,3.200127757,-0.833822359,6.25,0.078536263,1.8532,0.433268693,-13.32,0.75,0.25,0.0,0.0,B2_TERN_SOL_081_Ru_Hf75_Mo25,0.5,0.375,0.0,0.0,0.0,0.125,0.0,0.0,0.0,0.0,0.0,0.0,0.0,-0.10728083,-0.10728083,,0.0044765524987036,0.0001186645906825,,8.39599492769963e-05,0.0044765524987036,-0.726541529,-8653.429822867472,4.8458293461967755e-05,0.726541529,14993.130733549717,1681.1923979122278,0.0044765524987036,1591.6613479381558,1318.5113479381557,2.0039522273649444e-05,8.970797350693187e-08,0.4135416425544858,1591.6614075275613,1318.5114075275615
Nb75-Mo25,B2_PENALTY_152_Ru75Cu25_Zr,-0.000654623,3.27521311,3.273069781,-0.744916574,6.375,0.094607143,1.729,0.409156449,-15.8688,0.25,0.0,0.0,0.75,B2_PENALTY_152_Ru75Cu25_Zr,0.375,0.0,0.0,0.5,0.0,0.0,0.0,0.0,0.0,0.0,0.0,0.125,0.0,-0.051633618,-0.051633618,,-0.0006546232151778,0.0001173000743325,,8.39599492769963e-05,-0.0006546232151778,-0.693282956,-8257.305560211296,4.8458293461967755e-05,0.693282956,14306.796762129472,1604.2331906801676,0.0006546232151778,1591.1407263766116,1317.9907263766117,4.2853155384972017e-07,2.8052670358624237e-10,0.00884330675379749,1591.1408121742838,1317.9908121742837
Ta75-V25,B2_PENALTY_144_Ru75Al25_Zr,0.019638654,3.23816412,3.302387941,-0.797935587,5.375,0.082563072,1.6942,0.405448344,-17.328,0.0,0.75,0.25,0.0,B2_PENALTY_144_Ru75Al25_Zr,0.375,0.0,0.0,0.5,0.125,0.0,0.0,0.0,0.0,0.0,0.0,0.0,0.0,0.057672619,0.057672619,,0.0196386544747358,0.0001263888337755,,8.39599492769963e-05,0.0196386544747358,-0.855608206,-10190.6708301743,4.8458293461967755e-05,0.855608206,17656.589716093073,1979.8483006172648,0.0196386544747358,1587.0752111225488,1313.9252111225487,0.0003856767495780605,7.574172423902737e-06,7.958942051493351,1587.075166362823,1313.925166362823
Ta75-V25,B2_TERN_SOL_101_Ru_Zr75_Mo25,-0.003219576,3.23816412,3.227755359,-0.655458039,6.25,0.084783177,1.8646,0.418713315,-15.6,0.0,0.75,0.25,0.0,B2_TERN_SOL_101_Ru_Zr75_Mo25,0.5,0.0,0.0,0.375,0.0,0.125,0.0,0.0,0.0,0.0,0.0,0.0,0.0,0.057672619,0.057672619,,-0.0032195764372895,0.0001205898025486,,8.39599492769963e-05,-0.0032195764372895,-0.713130658,-8493.70043861361,4.8458293461967755e-05,0.713130658,14716.37994350125,1650.1600983468966,0.0032195764372895,1585.7685696011065,1312.6185696011066,1.0365672435549749e-05,3.337307473015723e-08,0.21390915145794792,1585.7686374853456,1312.6186374853455
Nb75-V25,B2_PENALTY_148_Ru75Cr25_Zr,0.004250147,3.24817106,3.262005664,-0.675888976,5.75,0.094607143,1.7002,0.404526835,-12.768,0.0,0.0,0.25,0.75,B2_PENALTY_148_Ru75Cr25_Zr,0.375,0.0,0.0,0.5,0.0,0.0,0.0,0.0,0.0,0.0,0.125,0.0,0.0,0.046009832,0.046009832,,0.00425014698879,0.0001234379397642,,8.39599492769963e-05,0.00425014698879,-0.721898808,-8598.132969546574,4.8458293461967755e-05,0.721898808,14897.322138811565,1670.4492993565668,0.00425014698879,1585.4463595807667,1312.2963595807669,1.8063749426320707e-05,7.677359023053404e-08,0.37276899650826434,1585.4464203717828,1312.296420371783
Mo75-Ta25,B2_PENALTY_118_Ru75Cu25_Hf,0.015704409,3.18583421,3.236261822,-0.923389889,6.375,0.088438935,1.714,0.423797121,-13.5888,0.75,0.25,0.0,0.0,B2_PENALTY_118_Ru75Cu25_Hf,0.375,0.5,0.0,0.0,0.0,0.0,0.0,0.0,0.0,0.0,0.0,0.125,0.0,-0.10728083,-0.10728083,,0.0157044091987193,0.0001174591710079,,8.39599492769963e-05,0.0157044091987193,-0.816109059,-9720.218580737052,4.8458293461967755e-05,0.816109059,16841.47337215907,1888.4486173096673,0.0157044091987193,1574.3604333352812,1301.2104333352813,0.0002466284682808194,3.873154385935351e-06,5.0894996637548635,1574.3604148629033,1301.2104148629032
Nb75-Mo25,B2_PENALTY_144_Ru75Al25_Zr,0.00826284,3.27521311,3.302387941,-0.797935587,5.375,0.082563072,1.6942,0.405448344,-17.328,0.25,0.0,0.0,0.75,B2_PENALTY_144_Ru75Al25_Zr,0.375,0.0,0.0,0.5,0.125,0.0,0.0,0.0,0.0,0.0,0.0,0.0,0.0,-0.051633618,-0.051633618,,0.0082628395335313,0.0001241766116173,,8.39599492769963e-05,0.0082628395335313,-0.746301969,-8888.785372390344,4.8458293461967755e-05,0.746301969,15400.913149897267,1726.9173842775983,0.0082628395335313,1561.6605936069723,1288.5105936069722,6.827451715688775e-05,5.641413794966931e-07,1.4089335855475937,1561.660625500816,1288.5106255008159
Nb50-Mo50,B2_PENALTY_118_Ru75Cu25_Hf,0.001487184,3.23145248,3.236261822,-0.923389889,6.375,0.088438935,1.714,0.423797121,-13.5888,0.5,0.0,0.0,0.5,B2_PENALTY_118_Ru75Cu25_Hf,0.375,0.5,0.0,0.0,0.0,0.0,0.0,0.0,0.0,0.0,0.0,0.125,0.0,-0.081133539,-0.081133539,,0.0014871844288213,0.000118454852633,,8.39599492769963e-05,0.0014871844288213,-0.84225635,-10031.644340580431,5.9730802546012426e-05,0.84225635,14100.871143514014,1581.1425773383523,0.0014871844288213,1551.3988887619264,1278.2488887619265,2.2117175253285364e-06,3.2892318646197783e-09,0.037028089880841365,1551.3989665887968,1278.248966588797
Ta75-V25,B2_PENALTY_148_Ru75Cr25_Zr,0.007335668,3.23816412,3.262005664,-0.675888976,5.75,0.094607143,1.7002,0.404526835,-12.768,0.0,0.75,0.25,0.0,B2_PENALTY_148_Ru75Cr25_Zr,0.375,0.0,0.0,0.5,0.0,0.0,0.0,0.0,0.0,0.0,0.125,0.0,0.0,0.057672619,0.057672619,,0.0073356680801432,0.0001238227893458,,8.39599492769963e-05,0.0073356680801432,-0.733561595,-8737.041902918161,4.8458293461967755e-05,0.733561595,15137.998938731345,1697.4365919754166,0.0073356680801432,1550.7232303725525,1277.5732303725526,5.381202618203183e-05,3.9474716279136106e-07,1.1104812476375365,1550.723268010835,1277.573268010835
Ta50-V50,B2_TERN_SOL_093_Ru_Ti75_Ta25,-0.019249682,3.15902895,3.098798357,-0.958150623,6.125,0.045498955,1.8652,0.33501785,-8.56,0.0,0.5,0.5,0.0,B2_TERN_SOL_093_Ru_Ti75_Ta25,0.5,0.0,0.375,0.0,0.0,0.0,0.0,0.125,0.0,0.0,0.0,0.0,0.0,0.072084764,0.072084764,,-0.0192496820526274,0.0001204648657892,,8.39599492769963e-05,-0.0192496820526274,-1.030235387,-12270.557520242191,5.9730802546012426e-05,1.030235387,17247.97496578719,1934.0299839429588,0.0192496820526274,1549.0363428904107,1275.8863428904106,0.0003705502591272454,7.1329746727181685e-06,6.203671193632456,1549.0362986424343,1275.8862986424342
Mo75-V25,B2_TERN_SOL_097_Ru_Ti75_V25,-0.017260597,3.10818653,3.05499642,-0.905306641,6.125,0.045415458,1.8808,0.320355053,-8.08,0.75,0.0,0.25,0.0,B2_TERN_SOL_097_Ru_Ti75_V25,0.5,0.0,0.375,0.0,0.0,0.0,0.0,0.0,0.0,0.125,0.0,0.0,0.0,-0.089033116,-0.089033116,,-0.0172605974644966,0.0001166842461274,,8.39599492769963e-05,-0.0172605974644966,-0.816273525,-9722.177443283024,4.8458293461967755e-05,0.816273525,16844.867342277503,1888.8291860423258,0.0172605974644966,1543.6172367523936,1270.4672367523935,0.00029792822483138646,5.142419162126602e-06,6.148136955446314,1543.6172058521056,1270.4672058521055
Mo50-V50,B2_MULTI_168_A_Ru75_Al25_B_TiAl,0.002239125,3.06403346,3.070901903,-0.941385339,5.125,0.038098056,1.814653465,0.300496501,-15.04950495,0.5,0.0,0.5,0.0,B2_MULTI_168_A_Ru75_Al25_B_TiAl,0.375,0.0,0.25,0.0,0.375,0.0,0.0,0.0,0.0,0.0,0.0,0.0,0.0,-0.096433256,-0.096433256,,0.0022391248134165,0.0001255444235654,,9.325639537147706e-05,0.0022391248134165,-0.844952083,-9060.526944390484,5.9730802546012426e-05,0.844952083,14146.002514349411,1586.2031960246181,0.0022391248134165,1541.420699756288,1268.2706997562882,5.013679930057475e-06,1.1226255137919993e-08,0.08393793011897484,1541.4207718548082,1268.2707718548081
Mo75-Ta25,B2_PENALTY_114_Ru75Cr25_Hf,0.012350291,3.18583421,3.225424668,-0.878162691,5.75,0.088438935,1.6852,0.418297693,-10.488,0.75,0.25,0.0,0.0,B2_PENALTY_114_Ru75Cr25_Hf,0.375,0.5,0.0,0.0,0.0,0.0,0.0,0.0,0.0,0.0,0.125,0.0,0.0,-0.10728083,-0.10728083,,0.0123502914960596,0.0001218363062966,,8.39599492769963e-05,0.0123502914960596,-0.770881861,-9181.5427193357,4.8458293461967755e-05,0.770881861,15908.151235350924,1783.7944187243156,0.0123502914960596,1536.7885888031237,1263.6385888031236,0.0001525297000376421,1.883786257271413e-06,3.147649022294899,1536.7885912249253,1263.6385912249252
Nb25-Ta75,B2_TERN_SOL_099_Ru_Zr75_Nb25,-0.019223062,3.31173466,3.24867904,-0.818094975,6.125,0.083152864,1.7974,0.410773952,-15.4272,0.0,0.75,0.0,0.25,B2_TERN_SOL_099_Ru_Zr75_Nb25,0.5,0.0,0.0,0.375,0.0,0.0,0.125,0.0,0.0,0.0,0.0,0.0,0.0,0.008017394,0.008017394,,-0.0192230621065863,0.0001192786194837,,8.39599492769963e-05,-0.0192230621065863,-0.826112369,-9839.362411648595,4.8458293461967755e-05,0.826112369,17047.904702801185,1911.5959365676686,0.0192230621065863,1527.1346944359425,1253.9846944359424,0.0003695261167536742,7.10342349236154e-06,7.6256527078010885,1527.1346491278714,1253.9846491278713
Nb75-V25,B2_TERN_SOL_105_Ru_Zr75_W25,-0.005787367,3.24817106,3.229426942,-0.661370427,6.25,0.084783177,1.8886,0.440140932,-15.12,0.0,0.0,0.25,0.75,B2_TERN_SOL_105_Ru_Zr75_W25,0.5,0.0,0.0,0.375,0.0,0.0,0.0,0.0,0.125,0.0,0.0,0.0,0.0,0.046009832,0.046009832,,-0.0057873668585833,0.0001205996532927,,8.39599492769963e-05,-0.0057873668585833,-0.707380259,-8425.210652119951,4.8458293461967755e-05,0.707380259,14597.712970539993,1636.853870556906,0.0057873668585833,1521.10653338524,1247.9565333852402,3.349361515582834e-05,1.9383983832698427e-07,0.6911843724359719,1521.1065799720736,1247.9565799720735
Mo25-Ta75,B2_PENALTY_152_Ru75Cu25_Zr,0.002661982,3.26436851,3.273069781,-0.744916574,6.375,0.094607143,1.729,0.409156449,-15.8688,0.25,0.75,0.0,0.0,B2_PENALTY_152_Ru75Cu25_Zr,0.375,0.0,0.0,0.5,0.0,0.0,0.0,0.0,0.0,0.0,0.0,0.125,0.0,-0.066412535,-0.066412535,,0.0026619818383535,0.0001173430378454,,8.39599492769963e-05,0.0026619818383535,-0.678504039,-8081.282145151312,4.8458293461967755e-05,0.678504039,14001.81456106209,1570.0352791802236,0.0026619818383535,1516.7956424131537,1243.6456424131538,7.086147307723878e-06,1.8863195437058513e-08,0.1462318790339863,1516.7957102113444,1243.6457102113445
Mo50-Ta50,B2_PENALTY_122_Ru75Si25_Hf,0.008230014,3.22178751,3.248412429,-1.009713639,5.5,0.103842692,1.714,0.423797121,-9.9408,0.5,0.5,0.0,0.0,B2_PENALTY_122_Ru75Si25_Hf,0.375,0.5,0.0,0.0,0.0,0.0,0.0,0.0,0.0,0.0,0.0,0.0,0.125,-0.117789084,-0.117789084,,0.0082300142966262,0.0001255752987253,,8.39599492769963e-05,0.0082300142966262,-0.8919245550000001,-10623.214552660207,5.9730802546012426e-05,0.8919245550000001,14932.405341664778,1674.3832084899843,0.0082300142966262,1509.7829225574603,1236.6329225574605,6.773313532267164e-05,5.574446720609047e-07,1.1339733008022919,1509.7829517327739,1236.632951732774
Nb25-Ta75,B2_PENALTY_152_Ru75Cu25_Zr,-0.011743668,3.31173466,3.273069781,-0.744916574,6.375,0.094607143,1.729,0.409156449,-15.8688,0.0,0.75,0.0,0.25,B2_PENALTY_152_Ru75Cu25_Zr,0.375,0.0,0.0,0.5,0.0,0.0,0.0,0.0,0.0,0.0,0.0,0.125,0.0,0.008017394,0.008017394,,-0.0117436681214873,0.0001175940028741,,8.39599492769963e-05,-0.0117436681214873,-0.752933968,-8967.775403436219,4.8458293461967755e-05,0.752933968,15537.773087096772,1742.2636044958808,0.0117436681214873,1507.3902420661348,1234.2402420661347,0.00013791374094763705,1.6196132030818228e-06,2.846029669944484,1507.390246984194,1234.240246984194
Nb25-Mo75,B2_TERN_SOL_103_Ru_Zr75_Ta25,0.016603068,3.19107183,3.244496924,-0.863325979,6.125,0.083152864,1.7854,0.41776649,-14.64,0.75,0.0,0.0,0.25,B2_TERN_SOL_103_Ru_Zr75_Ta25,0.5,0.0,0.0,0.375,0.0,0.0,0.0,0.125,0.0,0.0,0.0,0.0,0.0,-0.070457653,-0.070457653,,0.0166030683665041,0.0001191184584324,,8.39599492769963e-05,0.0166030683665041,-0.792868326,-9443.411207696305,4.8458293461967755e-05,0.792868326,16361.870576855512,1834.670351261633,0.0166030683665041,1502.608983931551,1229.4589839315508,0.00027566187918280914,4.576833026111173e-06,5.688641912228316,1502.60895521817,1229.45895521817
Nb75-V25,B2_TERN_SOL_101_Ru_Zr75_Mo25,-0.006305106,3.24817106,3.227755359,-0.655458039,6.25,0.084783177,1.8646,0.418713315,-15.6,0.0,0.0,0.25,0.75,B2_TERN_SOL_101_Ru_Zr75_Mo25,0.5,0.0,0.0,0.375,0.0,0.125,0.0,0.0,0.0,0.0,0.0,0.0,0.0,0.046009832,0.046009832,,-0.0063051059197033,0.000120219451575,,8.39599492769963e-05,-0.0063051059197033,-0.701467871,-8354.791505242025,4.8458293461967755e-05,0.701467871,14475.703143581468,1623.1728057280466,0.0063051059197033,1497.0706873339805,1223.9206873339804,3.975436065867759e-05,2.5065545472304805e-07,0.8203830101833569,1497.070729002549,1223.9207290025488
Mo75-Ta25,B2_MULTI_166_A_Ru75_Al25_B_TiZr,0.006422677,3.18583421,3.206361714,-0.808063227,5.375,0.070305818,1.7467,0.366628027,-14.288,0.75,0.25,0.0,0.0,B2_MULTI_166_A_Ru75_Al25_B_TiZr,0.375,0.0,0.25,0.25,0.125,0.0,0.0,0.0,0.0,0.0,0.0,0.0,0.0,-0.10728083,-0.10728083,,0.0064226767277041,0.000126682380054,,0.00011382535055,0.0064226767277041,-0.700782397,-6156.646068857501,4.8458293461967755e-05,0.700782397,14461.55749479716,1621.58664219607,0.0064226767277041,1493.133107641988,1219.9831076419882,4.1250776348591845e-05,2.649404012538275e-07,0.8512634969485111,1493.1331482799803,1219.9831482799805
Nb25-Mo75,B2_TERN_SOL_107_Ru_Zr75_V25,0.005408931,3.19107183,3.208378924,-0.759667971,6.125,0.087712313,1.801,0.409156449,-14.16,0.75,0.0,0.0,0.25,B2_TERN_SOL_107_Ru_Zr75_V25,0.5,0.0,0.0,0.375,0.0,0.0,0.0,0.0,0.0,0.125,0.0,0.0,0.0,-0.070457653,-0.070457653,,0.0054089310677739,0.0001191650967617,,8.39599492769963e-05,0.0054089310677739,-0.6892103180000001,-8208.798646676087,4.8458293461967755e-05,0.6892103180000001,14222.752572599844,1594.8092448054254,0.0054089310677739,1486.6306234499473,1213.4806234499474,2.92565352959297e-05,1.5824658269757782e-07,0.6037467109503463,1486.6306706783807,1213.4806706783806
Nb50-Ta50,B2_PENALTY_110_Ru75Al25_Hf,-0.015850169,3.31693148,3.264770933,-0.95574225,5.375,0.076510467,1.6792,0.418974176,-15.048,0.0,0.5,0.0,0.5,B2_PENALTY_110_Ru75Al25_Hf,0.375,0.5,0.0,0.0,0.125,0.0,0.0,0.0,0.0,0.0,0.0,0.0,0.0,0.002431439,0.002431439,,-0.0158501687639277,0.0001253096553898,,8.39599492769963e-05,-0.0158501687639277,-0.958173689,-11412.270936930216,5.9730802546012426e-05,0.958173689,16041.533817696323,1798.750720209182,0.0158501687639277,1481.747344930628,1208.597344930628,0.0002512278498449894,3.982003818241769e-06,4.206001579360349,1481.7473202021297,1208.5973202021296
Nb50-V50,B2_TERN_SOL_085_Ru_Hf75_W25,0.01082811,3.16642062,3.200893611,-0.836868509,6.25,0.078536263,1.8772,0.454612098,-12.84,0.0,0.0,0.5,0.5,B2_TERN_SOL_085_Ru_Hf75_W25,0.5,0.375,0.0,0.0,0.0,0.0,0.0,0.0,0.125,0.0,0.0,0.0,0.0,0.066743061,0.066743061,,0.0108281104872018,0.0001222933011564,,8.39599492769963e-05,0.0108281104872018,-0.90361157,-10762.41205218993,5.9730802546012426e-05,0.90361157,15128.066784368433,1696.3228911275708,0.0108281104872018,1479.7606813835348,1206.610681383535,0.0001172479767230496,1.2695740463580459e-06,1.9629399191937857,1479.760691019079,1206.6106910190792
Nb50-V50,B2_TERN_SOL_081_Ru_Hf75_Mo25,0.010588826,3.16642062,3.200127757,-0.833822359,6.25,0.078536263,1.8532,0.433268693,-13.32,0.0,0.0,0.5,0.5,B2_TERN_SOL_081_Ru_Hf75_Mo25,0.5,0.375,0.0,0.0,0.0,0.125,0.0,0.0,0.0,0.0,0.0,0.0,0.0,0.066743061,0.066743061,,0.0105888261594844,0.0001219260924867,,8.39599492769963e-05,0.0105888261594844,-0.9005654200000001,-10726.131063144185,5.9730802546012426e-05,0.9005654200000001,15077.068808949412,1690.6044451200587,0.0105888261594844,1478.8279219303706,1205.6779219303708,0.00011212323943578116,1.1872534908237324e-06,1.8771426911501694,1478.827933155688,1205.6779331556882
