B2_Name,a_B2,a_BCC,Pred_Misfit,Pred_Energy,Misfit,B2_Ru,B2_Hf,B2_Ti,B2_Al,B2_Zr,B2_Mo,BCC_Mo,BCC_Ta,BCC_V,BCC_Nb,Design_Window
B2_014_RuHf,2.571059804,3.26436851,0.05078941889650001,-1.1893975079875019,-0.237620503,0.5,0.5,0.0,0.0,0.0,0.0,0.25,0.75,0.0,0.0,none
B2_TERN_SOL_078_Ru_Hf87_Nb12,2.562008656,3.26436851,-0.24135619678354936,-1.0910112459999959,-0.241096597,0.5,0.4375,0.0,0.0,0.0,0.0,0.25,0.75,0.0,0.0,none
B2_TERN_SOL_079_Ru_Hf75_Nb25,3.221161604,3.26436851,-0.014092686603410032,-0.9908841988318224,-0.013324094,0.5,0.375,0.0,0.0,0.0,0.0,0.25,0.75,0.0,0.0,secondary_2pct
B2_TERN_SOL_080_Ru_Hf87_Mo12,2.554397326,3.26436851,-0.24337924770485272,-1.0115803170000022,-0.244028099,0.5,0.4375,0.0,0.0,0.0,0.0625,0.25,0.75,0.0,0.0,none
B2_TERN_SOL_081_Ru_Hf75_Mo25,3.200127757,3.26436851,-0.01675061208358263,-0.833822359000001,-0.019874945,0.5,0.375,0.0,0.0,0.0,0.125,0.25,0.75,0.0,0.0,secondary_2pct
B2_TERN_SOL_082_Ru_Hf87_Ta12,2.560296043,3.26436851,-0.2419329791360728,-1.1136808880000029,-0.241755542,0.5,0.4375,0.0,0.0,0.0,0.0,0.25,0.75,0.0,0.0,none
B2_TERN_SOL_083_Ru_Hf75_Ta25,3.216563145,3.26436851,-0.014902906935435258,-1.031572072333247,-0.014752621,0.5,0.375,0.0,0.0,0.0,0.0,0.25,0.75,0.0,0.0,secondary_2pct
B2_TERN_SOL_084_Ru_Hf87_W12,2.554348108,3.26436851,-0.2432662876781862,-1.0171735110000026,-0.244047081,0.5,0.4375,0.0,0.0,0.0,0.0,0.25,0.75,0.0,0.0,none
B2_TERN_SOL_085_Ru_Hf75_W25,3.200893611,3.26436851,-0.018119886503733945,-0.8368685089999989,-0.019635677,0.5,0.375,0.0,0.0,0.0,0.0,0.25,0.75,0.0,0.0,secondary_2pct
B2_TERN_SOL_086_Ru_Hf87_V12,2.545970218,3.26436851,-0.24603385573086864,-1.0637350309999953,-0.247282758,0.5,0.4375,0.0,0.0,0.0,0.0,0.25,0.75,0.0,0.0,none
B2_TERN_SOL_087_Ru_Hf75_V25,3.180813173,3.26436851,-0.017088567934099654,-0.9467614393620036,-0.025928001,0.5,0.375,0.0,0.0,0.0,0.0,0.25,0.75,0.0,0.0,secondary_2pct
B2_PENALTY_108_Ru100Al0_Hf,5.135083991,3.26436851,0.05078941889650001,-1.1893975079875019,0.445437481,0.5,0.5,0.0,0.0,0.0,0.0,0.25,0.75,0.0,0.0,none
B2_PENALTY_109_Ru87Al12_Hf,2.578995294,3.26436851,-0.23500551090464275,-1.0644391099999968,-0.234581737,0.4375,0.5,0.0,0.0625,0.0,0.0,0.25,0.75,0.0,0.0,none
B2_PENALTY_110_Ru75Al25_Hf,3.264770933,3.26436851,-0.0015508865935714266,-0.9557422499999952,0.00012327,0.375,0.5,0.0,0.125,0.0,0.0,0.25,0.75,0.0,0.0,secondary_2pct
B2_PENALTY_111_Ru62Al37_Hf,2.60403723,3.26436851,-0.22541845178499995,-0.8428135389999994,-0.225046225,0.3125,0.5,0.0,0.1875,0.0,0.0,0.25,0.75,0.0,0.0,none
B2_PENALTY_112_Ru50Al50_Hf,4.152701731,3.26436851,0.23950361810966686,-0.7296493139999997,0.239537497,0.25,0.5,0.0,0.25,0.0,0.0,0.25,0.75,0.0,0.0,none
B2_PENALTY_113_Ru87Cr12_Hf,2.562502587,3.26436851,-0.24064690489999965,-1.035615576999996,-0.240906624,0.4375,0.5,0.0,0.0,0.0,0.0,0.25,0.75,0.0,0.0,none
B2_PENALTY_114_Ru75Cr25_Hf,3.225424668,3.26436851,-0.010193224542999977,-0.878162691,-0.012001566,0.375,0.5,0.0,0.0,0.0,0.0,0.25,0.75,0.0,0.0,secondary_2pct
B2_PENALTY_115_Ru62Cr37_Hf,2.556723432,3.26436851,-0.2421904347999992,-0.716377173,-0.243131387,0.3125,0.5,0.0,0.0,0.0,0.0,0.25,0.75,0.0,0.0,none
B2_PENALTY_116_Ru50Cr50_Hf,4.053567315,3.26436851,0.21887941159165458,-0.5527963570000015,0.215688911,0.25,0.5,0.0,0.0,0.0,0.0,0.25,0.75,0.0,0.0,none
B2_PENALTY_117_Ru87Cu12_Hf,2.569438099,3.26436851,-0.2385017954948217,-1.0451929749999984,-0.238242526,0.4375,0.5,0.0,0.0,0.0,0.0,0.25,0.75,0.0,0.0,none
B2_PENALTY_118_Ru75Cu25_Hf,3.236261822,3.26436851,-0.006998375533571416,-0.9233898889999995,-0.008647373,0.375,0.5,0.0,0.0,0.0,0.0,0.25,0.75,0.0,0.0,secondary_2pct
B2_PENALTY_119_Ru62Cu37_Hf,2.568274935,3.26436851,-0.2362856817549998,-0.7996843589999976,-0.238688883,0.3125,0.5,0.0,0.0,0.0,0.0,0.25,0.75,0.0,0.0,none
B2_PENALTY_120_Ru50Cu50_Hf,4.076680397,3.26436851,0.22219425723557154,-0.6773582790000026,0.221306763,0.25,0.5,0.0,0.0,0.0,0.0,0.25,0.75,0.0,0.0,none
B2_PENALTY_121_Ru87Si12_Hf,2.574158138,3.26436851,-0.23717397977500046,-1.089550642000004,-0.236433064,0.4375,0.5,0.0,0.0,0.0,0.0,0.25,0.75,0.0,0.0,none
B2_PENALTY_122_Ru75Si25_Hf,3.248412429,3.26436851,-0.004821692613357138,-1.0097945739701244,-0.004899929,0.375,0.5,0.0,0.0,0.0,0.0,0.25,0.75,0.0,0.0,secondary_2pct
B2_PENALTY_123_Ru62Si37_Hf,2.583127124,3.26436851,-0.23128604647999979,-0.9206944270000007,-0.233002786,0.3125,0.5,0.0,0.0,0.0,0.0,0.25,0.75,0.0,0.0,none
B2_PENALTY_124_Ru50Si50_Hf,4.107906653,3.26436851,0.22883952910000038,-0.8383272110000037,0.228840656,0.25,0.5,0.0,0.0,0.0,0.0,0.25,0.75,0.0,0.0,none
B2_MULTI_159_A_Ru87_Al12_B_HfTi,2.518380484,3.26436851,-0.25857281497250045,-0.9951158348858226,-0.258004636,0.4375,0.25,0.25,0.0625,0.0,0.0,0.25,0.75,0.0,0.0,none
B2_MULTI_160_A_Ru75_Al25_B_HfTi,3.186447237,3.26436851,-0.024097994504999973,-0.9000343030000024,-0.02415858,0.375,0.25,0.25,0.125,0.0,0.0,0.25,0.75,0.0,0.0,none
B2_MULTI_161_A_Ru87_Al12_B_HfZr,2.593983772,3.26436851,-0.2298836847510006,-0.9668944039999964,-0.228864604,0.4375,0.25,0.0,0.0625,0.25,0.0,0.25,0.75,0.0,0.0,none
B2_MULTI_162_A_Ru75_Al25_B_HfZr,3.283818469,3.26436851,0.005421340397500006,-0.8758682595082984,0.005940563,0.375,0.25,0.0,0.125,0.25,0.0,0.25,0.75,0.0,0.0,secondary_2pct
B2_MULTI_163_A_Ru87_Al12_B_HfAl,2.495293785,3.26436851,-0.27694926734500036,-4.954411073999979,-0.267055492,0.25,0.0625,0.0,0.1875,0.0,0.0,0.25,0.75,0.0,0.0,none
B2_MULTI_163_A_Ru87_Al13_B_HfAl,2.494957013,3.26436851,-0.26797284847999964,-1.042495012961614,-0.267188057,0.4375,0.25,0.0,0.3125,0.0,0.0,0.25,0.75,0.0,0.0,none
B2_MULTI_164_A_Ru75_Al25_B_HfAl,3.160855152,3.26436851,-0.0311171563549999,-0.9328003089999964,-0.032220935,0.375,0.25,0.0,0.375,0.0,0.0,0.25,0.75,0.0,0.0,none
B2_014_RuHf,2.571059804,3.02092873,-0.020170631595249993,-1.1901021191043604,-0.160897657,0.5,0.5,0.0,0.0,0.0,0.0,0.25,0.0,0.75,0.0,none
B2_TERN_SOL_078_Ru_Hf87_Nb12,2.562008656,3.02092873,-0.16503080884866653,-1.0910112459999959,-0.164400939,0.5,0.4375,0.0,0.0,0.0,0.0,0.25,0.0,0.75,0.0,none
B2_TERN_SOL_079_Ru_Hf75_Nb25,3.221161604,3.02092873,0.06075076054117538,-0.9908841988318224,0.064155712,0.5,0.375,0.0,0.0,0.0,0.0,0.25,0.0,0.75,0.0,none
B2_TERN_SOL_080_Ru_Hf87_Mo12,2.554397326,3.02092873,-0.17435309860199993,-1.0115803170000022,-0.167355738,0.5,0.4375,0.0,0.0,0.0,0.0625,0.25,0.0,0.75,0.0,none
B2_TERN_SOL_081_Ru_Hf75_Mo25,3.200127757,3.02092873,0.057588514971337934,-0.833822359000001,0.057610481,0.5,0.375,0.0,0.0,0.0,0.125,0.25,0.0,0.75,0.0,none
B2_TERN_SOL_082_Ru_Hf87_Ta12,2.560296043,3.02092873,-0.1655149667336664,-1.1136808880000029,-0.165065091,0.5,0.4375,0.0,0.0,0.0,0.0,0.25,0.0,0.75,0.0,none
B2_TERN_SOL_083_Ru_Hf75_Ta25,3.216563145,3.02092873,0.059656142784867056,-1.031572072333247,0.062728551,0.5,0.375,0.0,0.0,0.0,0.0,0.25,0.0,0.75,0.0,none
B2_TERN_SOL_084_Ru_Hf87_W12,2.554348108,3.02092873,-0.1720980442769999,-1.0171735110000026,-0.167374871,0.5,0.4375,0.0,0.0,0.0,0.0,0.25,0.0,0.75,0.0,none
B2_TERN_SOL_085_Ru_Hf75_W25,3.200893611,3.02092873,0.05152679384060603,-0.8368685089999989,0.057849572,0.5,0.375,0.0,0.0,0.0,0.0,0.25,0.0,0.75,0.0,none
B2_TERN_SOL_086_Ru_Hf87_V12,2.545970218,3.02092873,-0.17012202245699976,-1.0637350309999953,-0.170636657,0.5,0.4375,0.0,0.0,0.0,0.0,0.25,0.0,0.75,0.0,none
B2_TERN_SOL_087_Ru_Hf75_V25,3.180813173,3.02092873,0.05025004074177733,-0.9467614393620036,0.051561141,0.5,0.375,0.0,0.0,0.0,0.0,0.25,0.0,0.75,0.0,none
B2_PENALTY_108_Ru100Al0_Hf,5.135083991,3.02092873,-0.020170631595249993,-1.1901021191043604,0.518428633,0.5,0.5,0.0,0.0,0.0,0.0,0.25,0.0,0.75,0.0,none
B2_PENALTY_109_Ru87Al12_Hf,2.578995294,3.02092873,-0.15984505595999943,-1.0644391099999968,-0.157835511,0.4375,0.5,0.0,0.0625,0.0,0.0,0.25,0.0,0.75,0.0,none
B2_PENALTY_110_Ru75Al25_Hf,3.264770933,3.02092873,0.07501785388500001,-0.9557422499999952,0.077586336,0.375,0.5,0.0,0.125,0.0,0.0,0.25,0.0,0.75,0.0,none
B2_PENALTY_111_Ru62Al37_Hf,2.60403723,3.02092873,-0.16169699100999999,-0.8428135389999994,-0.148228986,0.3125,0.5,0.0,0.1875,0.0,0.0,0.25,0.0,0.75,0.0,none
B2_PENALTY_112_Ru50Al50_Hf,4.152701731,3.02092873,0.31223518533349925,-0.7296493139999997,0.315537023,0.25,0.5,0.0,0.25,0.0,0.0,0.25,0.0,0.75,0.0,none
B2_PENALTY_113_Ru87Cr12_Hf,2.562502587,3.02092873,-0.16660833404999997,-1.035615576999996,-0.164209468,0.4375,0.5,0.0,0.0,0.0,0.0,0.25,0.0,0.75,0.0,none
B2_PENALTY_114_Ru75Cr25_Hf,3.225424668,3.02092873,0.06743574968000017,-0.878162691,0.065476903,0.375,0.5,0.0,0.0,0.0,0.0,0.25,0.0,0.75,0.0,none
B2_PENALTY_115_Ru62Cr37_Hf,2.556723432,3.02092873,-0.16550099729499973,-0.716377173,-0.166451863,0.3125,0.5,0.0,0.0,0.0,0.0,0.25,0.0,0.75,0.0,none
B2_PENALTY_116_Ru50Cr50_Hf,4.053567315,3.02092873,0.29290404931242897,-0.5527963570000015,0.291932762,0.25,0.5,0.0,0.0,0.0,0.0,0.25,0.0,0.75,0.0,none
B2_PENALTY_117_Ru87Cu12_Hf,2.569438099,3.02092873,-0.16341777546499983,-1.0451929749999984,-0.16152451,0.4375,0.5,0.0,0.0,0.0,0.0,0.25,0.0,0.75,0.0,none
B2_PENALTY_118_Ru75Cu25_Hf,3.236261822,3.02092873,0.06918089304812514,-0.9233898889999995,0.068827404,0.375,0.5,0.0,0.0,0.0,0.0,0.25,0.0,0.75,0.0,none
B2_PENALTY_119_Ru62Cu37_Hf,2.568274935,3.02092873,-0.16371129567500023,-0.7996843589999976,-0.161974343,0.3125,0.5,0.0,0.0,0.0,0.0,0.25,0.0,0.75,0.0,none
B2_PENALTY_120_Ru50Cu50_Hf,4.076680397,3.02092873,0.2963926006369292,-0.6773582790000026,0.297495015,0.25,0.5,0.0,0.0,0.0,0.0,0.25,0.0,0.75,0.0,none
B2_PENALTY_121_Ru87Si12_Hf,2.574158138,3.02092873,-0.16254854199500038,-1.089550642000004,-0.159701039,0.4375,0.5,0.0,0.0,0.0,0.0,0.25,0.0,0.75,0.0,none
B2_PENALTY_122_Ru75Si25_Hf,3.248412429,3.02092873,0.07129617814479185,-1.0097945739701244,0.072570209,0.375,0.5,0.0,0.0,0.0,0.0,0.25,0.0,0.75,0.0,none
B2_PENALTY_123_Ru62Si37_Hf,2.583127124,3.02092873,-0.15854383769500033,-0.9206944270000007,-0.156244555,0.3125,0.5,0.0,0.0,0.0,0.0,0.25,0.0,0.75,0.0,none
B2_PENALTY_124_Ru50Si50_Hf,4.107906653,3.02092873,0.2988246922988097,-0.8383272110000037,0.304952454,0.25,0.5,0.0,0.0,0.0,0.0,0.25,0.0,0.75,0.0,none
B2_MULTI_159_A_Ru87_Al12_B_HfTi,2.518380484,3.02092873,-0.18669085963499976,-0.9951158348858226,-0.181447984,0.4375,0.25,0.25,0.0625,0.0,0.0,0.25,0.0,0.75,0.0,none
B2_MULTI_160_A_Ru75_Al25_B_HfTi,3.186447237,3.02092873,0.05151182107999992,-0.9000343030000024,0.053329622,0.375,0.25,0.25,0.125,0.0,0.0,0.25,0.0,0.75,0.0,none
B2_MULTI_161_A_Ru87_Al12_B_HfZr,2.593983772,3.02092873,-0.15406981623499974,-0.9668944039999964,-0.152075374,0.4375,0.25,0.0,0.0625,0.25,0.0,0.25,0.0,0.75,0.0,none
B2_MULTI_162_A_Ru75_Al25_B_HfZr,3.283818469,3.02092873,0.08181976937500018,-0.8758682595082984,0.08339422,0.375,0.25,0.0,0.125,0.25,0.0,0.25,0.0,0.75,0.0,none
B2_MULTI_163_A_Ru87_Al12_B_HfAl,2.495293785,3.02092873,-0.21897931542500018,-4.954411073999979,-0.190577861,0.25,0.0625,0.0,0.1875,0.0,0.0,0.25,0.0,0.75,0.0,none
B2_MULTI_163_A_Ru87_Al13_B_HfAl,2.494957013,3.02092873,-0.195722160485,-1.042495012961614,-0.190711607,0.4375,0.25,0.0,0.3125,0.0,0.0,0.25,0.0,0.75,0.0,none
B2_MULTI_164_A_Ru75_Al25_B_HfAl,3.160855152,3.02092873,0.04355745754250004,-0.9328003089999964,0.045270564,0.375,0.25,0.0,0.375,0.0,0.0,0.25,0.0,0.75,0.0,none
B2_014_RuHf,2.571059804,3.22178751,-0.07258898876016677,-1.1901227740387539,-0.224665927,0.5,0.5,0.0,0.0,0.0,0.0,0.5,0.5,0.0,0.0,none
B2_TERN_SOL_078_Ru_Hf87_Nb12,2.562008656,3.22178751,-0.22901252420632062,-1.0910112459999959,-0.22814734,0.5,0.4375,0.0,0.0,0.0,0.0,0.5,0.5,0.0,0.0,none
B2_TERN_SOL_079_Ru_Hf75_Nb25,3.221161604,3.22178751,-0.001164074570151349,-0.9908841988318224,-0.000194292,0.5,0.375,0.0,0.0,0.0,0.0,0.5,0.5,0.0,0.0,secondary_2pct
B2_TERN_SOL_080_Ru_Hf87_Mo12,2.554397326,3.22178751,-0.23098612908036775,-1.0115803170000022,-0.231083389,0.5,0.4375,0.0,0.0,0.0,0.0625,0.5,0.5,0.0,0.0,none
B2_TERN_SOL_081_Ru_Hf75_Mo25,3.200127757,3.22178751,-0.0020074769724630352,-0.833822359000001,-0.006745574,0.5,0.375,0.0,0.0,0.0,0.125,0.5,0.5,0.0,0.0,secondary_2pct
B2_TERN_SOL_082_Ru_Hf87_Ta12,2.560296043,3.22178751,-0.22947526672441632,-1.1136808880000029,-0.228807301,0.5,0.4375,0.0,0.0,0.0,0.0,0.5,0.5,0.0,0.0,none
B2_TERN_SOL_083_Ru_Hf75_Ta25,3.216563145,3.22178751,-0.0017376847779238952,-1.031572072333247,-0.001622889,0.5,0.375,0.0,0.0,0.0,0.0,0.5,0.5,0.0,0.0,secondary_2pct
B2_TERN_SOL_084_Ru_Hf87_W12,2.554348108,3.22178751,-0.23069031049453464,-1.0171735110000026,-0.2311024,0.5,0.4375,0.0,0.0,0.0,0.0,0.5,0.5,0.0,0.0,none
B2_TERN_SOL_085_Ru_Hf75_W25,3.200893611,3.22178751,-0.003258860733355524,-0.8368685089999989,-0.006506286,0.5,0.375,0.0,0.0,0.0,0.0,0.5,0.5,0.0,0.0,secondary_2pct
B2_TERN_SOL_086_Ru_Hf87_V12,2.545970218,3.22178751,-0.2337525658168089,-1.0637350309999953,-0.234343162,0.5,0.4375,0.0,0.0,0.0,0.0,0.5,0.5,0.0,0.0,none
B2_TERN_SOL_087_Ru_Hf75_V25,3.180813173,3.22178751,-0.006006772952234265,-0.9467614393620036,-0.012799279,0.5,0.375,0.0,0.0,0.0,0.0,0.5,0.5,0.0,0.0,secondary_2pct
B2_PENALTY_108_Ru100Al0_Hf,5.135083991,3.22178751,-0.07258898876016677,-1.1901227740387539,0.457897786,0.5,0.5,0.0,0.0,0.0,0.0,0.5,0.5,0.0,0.0,none
B2_PENALTY_109_Ru87Al12_Hf,2.578995294,3.22178751,-0.22178292272000044,-1.0644391099999968,-0.221622577,0.4375,0.5,0.0,0.0625,0.0,0.0,0.5,0.5,0.0,0.0,none
B2_PENALTY_110_Ru75Al25_Hf,3.264770933,3.22178751,0.011781918871428567,-0.9557422499999952,0.013253075,0.375,0.5,0.0,0.125,0.0,0.0,0.5,0.5,0.0,0.0,secondary_2pct
B2_PENALTY_111_Ru62Al37_Hf,2.60403723,3.22178751,-0.21352296765500023,-0.8428135389999994,-0.212073074,0.3125,0.5,0.0,0.1875,0.0,0.0,0.5,0.5,0.0,0.0,none
B2_PENALTY_112_Ru50Al50_Hf,4.152701731,3.22178751,0.25251572345499984,-0.7296493139999997,0.252468799,0.25,0.5,0.0,0.25,0.0,0.0,0.5,0.5,0.0,0.0,none
B2_PENALTY_113_Ru87Cr12_Hf,2.562502587,3.22178751,-0.2271144715450005,-1.035615576999996,-0.227957074,0.4375,0.5,0.0,0.0,0.0,0.0,0.5,0.5,0.0,0.0,none
B2_PENALTY_114_Ru75Cr25_Hf,3.225424668,3.22178751,0.0023623477169999988,-0.878162691,0.001128289,0.375,0.5,0.0,0.0,0.0,0.0,0.5,0.5,0.0,0.0,secondary_2pct
B2_PENALTY_115_Ru62Cr37_Hf,2.556723432,3.22178751,-0.22963244365999944,-0.716377173,-0.230185279,0.3125,0.5,0.0,0.0,0.0,0.0,0.5,0.5,0.0,0.0,none
B2_PENALTY_116_Ru50Cr50_Hf,4.053567315,3.22178751,0.2310954503022619,-0.5527963570000015,0.228656835,0.25,0.5,0.0,0.0,0.0,0.0,0.5,0.5,0.0,0.0,none
B2_PENALTY_117_Ru87Cu12_Hf,2.569438099,3.22178751,-0.2252429691390005,-1.0451929749999984,-0.225288896,0.4375,0.5,0.0,0.0,0.0,0.0,0.5,0.5,0.0,0.0,none
B2_PENALTY_118_Ru75Cu25_Hf,3.236261822,3.22178751,0.004712349241428569,-0.9233898889999995,0.004482565,0.375,0.5,0.0,0.0,0.0,0.0,0.5,0.5,0.0,0.0,secondary_2pct
B2_PENALTY_119_Ru62Cu37_Hf,2.568274935,3.22178751,-0.2257065435600003,-0.7996843589999976,-0.225735933,0.3125,0.5,0.0,0.0,0.0,0.0,0.5,0.5,0.0,0.0,none
B2_PENALTY_120_Ru50Cu50_Hf,4.076680397,3.22178751,0.23471520660017878,-0.6773582790000026,0.234266396,0.25,0.5,0.0,0.0,0.0,0.0,0.5,0.5,0.0,0.0,none
B2_PENALTY_121_Ru87Si12_Hf,2.574158138,3.22178751,-0.22354424746500062,-1.089550642000004,-0.223476689,0.4375,0.5,0.0,0.0,0.0,0.0,0.5,0.5,0.0,0.0,none
B2_PENALTY_122_Ru75Si25_Hf,3.248412429,3.22178751,0.0069698071795000075,-1.0097945739701244,0.008230014,0.375,0.5,0.0,0.0,0.0,0.0,0.5,0.5,0.0,0.0,secondary_2pct
B2_PENALTY_123_Ru62Si37_Hf,2.583127124,3.22178751,-0.22119505254499966,-0.9206944270000007,-0.220041267,0.3125,0.5,0.0,0.0,0.0,0.0,0.5,0.5,0.0,0.0,none
B2_PENALTY_124_Ru50Si50_Hf,4.107906653,3.22178751,0.2423528227640001,-0.8383272110000037,0.241788845,0.25,0.5,0.0,0.0,0.0,0.0,0.5,0.5,0.0,0.0,none
B2_MULTI_159_A_Ru87_Al12_B_HfTi,2.518380484,3.22178751,-0.24556710719000044,-0.9951158348858226,-0.245082383,0.4375,0.25,0.25,0.0625,0.0,0.0,0.5,0.5,0.0,0.0,none
B2_MULTI_160_A_Ru75_Al25_B_HfTi,3.186447237,3.22178751,-0.010081713214999979,-0.9000343030000024,-0.011029644,0.375,0.25,0.25,0.125,0.0,0.0,0.5,0.5,0.0,0.0,secondary_2pct
B2_MULTI_161_A_Ru87_Al12_B_HfZr,2.593983772,3.22178751,-0.21701507476750012,-0.9668944039999964,-0.215896983,0.4375,0.25,0.0,0.0625,0.25,0.0,0.5,0.5,0.0,0.0,none
B2_MULTI_162_A_Ru75_Al25_B_HfZr,3.283818469,3.22178751,0.017171492934999984,-0.8758682595082984,0.019070002,0.375,0.25,0.0,0.125,0.25,0.0,0.5,0.5,0.0,0.0,secondary_2pct
B2_MULTI_163_A_Ru87_Al12_B_HfAl,2.495293785,3.22178751,-0.2601619603399993,-4.954411073999979,-0.254148468,0.25,0.0625,0.0,0.1875,0.0,0.0,0.5,0.5,0.0,0.0,none
B2_MULTI_163_A_Ru87_Al13_B_HfAl,2.494957013,3.22178751,-0.2547332229000003,-1.042495012961614,-0.254281259,0.4375,0.25,0.0,0.3125,0.0,0.0,0.5,0.5,0.0,0.0,none
B2_MULTI_164_A_Ru75_Al25_B_HfAl,3.160855152,3.22178751,-0.019290408374999995,-0.9328003089999964,-0.019093144,0.375,0.25,0.0,0.375,0.0,0.0,0.5,0.5,0.0,0.0,secondary_2pct
B2_014_RuHf,2.571059804,3.06403346,0.18452665382467845,-1.189059630754394,-0.174965571,0.5,0.5,0.0,0.0,0.0,0.0,0.5,0.0,0.5,0.0,none
B2_TERN_SOL_078_Ru_Hf87_Nb12,2.562008656,3.06403346,-0.18427457233255562,-1.0910112459999959,-0.178464645,0.5,0.4375,0.0,0.0,0.0,0.0,0.5,0.0,0.5,0.0,none
B2_TERN_SOL_079_Ru_Hf75_Nb25,3.221161604,3.06403346,0.047942510939811986,-0.9908841988318224,0.049999449,0.5,0.375,0.0,0.0,0.0,0.0,0.5,0.0,0.5,0.0,none
B2_TERN_SOL_080_Ru_Hf87_Mo12,2.554397326,3.06403346,-0.18320956375299985,-1.0115803170000022,-0.181415827,0.5,0.4375,0.0,0.0,0.0,0.0625,0.5,0.0,0.5,0.0,none
B2_TERN_SOL_081_Ru_Hf75_Mo25,3.200127757,3.06403346,0.04611040310768236,-0.833822359000001,0.043451722,0.5,0.375,0.0,0.0,0.0,0.125,0.5,0.0,0.5,0.0,none
B2_TERN_SOL_082_Ru_Hf87_Ta12,2.560296043,3.06403346,-0.18355492016005587,-1.1136808880000029,-0.179127989,0.5,0.4375,0.0,0.0,0.0,0.0,0.5,0.0,0.5,0.0,none
B2_TERN_SOL_083_Ru_Hf75_Ta25,3.216563145,3.06403346,0.04689828888525367,-1.031572072333247,0.048571718,0.5,0.375,0.0,0.0,0.0,0.0,0.5,0.0,0.5,0.0,none
B2_TERN_SOL_084_Ru_Hf87_W12,2.554348108,3.06403346,-0.1818504079454996,-1.0171735110000026,-0.181434937,0.5,0.4375,0.0,0.0,0.0,0.0,0.5,0.0,0.5,0.0,none
B2_TERN_SOL_085_Ru_Hf75_W25,3.200893611,3.06403346,0.042774420382427875,-0.8368685089999989,0.0436909,0.5,0.375,0.0,0.0,0.0,0.0,0.5,0.0,0.5,0.0,none
B2_TERN_SOL_086_Ru_Hf87_V12,2.545970218,3.06403346,-0.1869439871703331,-1.0637350309999953,-0.184692657,0.5,0.4375,0.0,0.0,0.0,0.0,0.5,0.0,0.5,0.0,none
B2_TERN_SOL_087_Ru_Hf75_V25,3.180813173,3.06403346,0.03624749655517495,-0.9467614393620036,0.037400346,0.5,0.375,0.0,0.0,0.0,0.0,0.5,0.0,0.5,0.0,none
B2_PENALTY_108_Ru100Al0_Hf,5.135083991,3.06403346,0.18452665382467845,-1.189059630754394,0.505188648,0.5,0.5,0.0,0.0,0.0,0.0,0.5,0.0,0.5,0.0,none
B2_PENALTY_109_Ru87Al12_Hf,2.578995294,3.06403346,-0.17195128905499998,-1.0644391099999968,-0.171907033,0.4375,0.5,0.0,0.0625,0.0,0.0,0.5,0.0,0.5,0.0,none
B2_PENALTY_110_Ru75Al25_Hf,3.264770933,3.06403346,0.0613851917480001,-0.9557422499999952,0.063436144,0.375,0.5,0.0,0.125,0.0,0.0,0.5,0.0,0.5,0.0,none
B2_PENALTY_111_Ru62Al37_Hf,2.60403723,3.06403346,-0.16521841485999983,-0.8428135389999994,-0.162311395,0.3125,0.5,0.0,0.1875,0.0,0.0,0.5,0.0,0.5,0.0,none
B2_PENALTY_112_Ru50Al50_Hf,4.152701731,3.06403346,0.2976489708285,-0.7296493139999997,0.301706587,0.25,0.5,0.0,0.25,0.0,0.0,0.5,0.0,0.5,0.0,none
B2_PENALTY_113_Ru87Cr12_Hf,2.562502587,3.06403346,-0.17745959339999998,-1.035615576999996,-0.178273406,0.4375,0.5,0.0,0.0,0.0,0.0,0.5,0.0,0.5,0.0,none
B2_PENALTY_114_Ru75Cr25_Hf,3.225424668,3.06403346,0.055325334180000026,-0.878162691,0.051321181,0.375,0.5,0.0,0.0,0.0,0.0,0.5,0.0,0.5,0.0,none
B2_PENALTY_115_Ru62Cr37_Hf,2.556723432,3.06403346,-0.1721967532849998,-0.716377173,-0.180513065,0.3125,0.5,0.0,0.0,0.0,0.0,0.5,0.0,0.5,0.0,none
B2_PENALTY_116_Ru50Cr50_Hf,4.053567315,3.06403346,0.28211095860928637,-0.5527963570000015,0.278052643,0.25,0.5,0.0,0.0,0.0,0.0,0.5,0.0,0.5,0.0,none
B2_PENALTY_117_Ru87Cu12_Hf,2.569438099,3.06403346,-0.17500752952100015,-1.0451929749999984,-0.175591678,0.4375,0.5,0.0,0.0,0.0,0.0,0.5,0.0,0.5,0.0,none
B2_PENALTY_118_Ru75Cu25_Hf,3.236261822,3.06403346,0.057087167133333214,-0.9233898889999995,0.054673108,0.375,0.5,0.0,0.0,0.0,0.0,0.5,0.0,0.5,0.0,none
B2_PENALTY_119_Ru62Cu37_Hf,2.568274935,3.06403346,-0.1738912847599997,-0.7996843589999976,-0.176040973,0.3125,0.5,0.0,0.0,0.0,0.0,0.5,0.0,0.5,0.0,none
B2_PENALTY_120_Ru50Cu50_Hf,4.076680397,3.06403346,0.28613263707061964,-0.6773582790000026,0.283626247,0.25,0.5,0.0,0.0,0.0,0.0,0.5,0.0,0.5,0.0,none
B2_PENALTY_121_Ru87Si12_Hf,2.574158138,3.06403346,-0.17359602668000007,-1.089550642000004,-0.173770371,0.4375,0.5,0.0,0.0,0.0,0.0,0.5,0.0,0.5,0.0,none
B2_PENALTY_122_Ru75Si25_Hf,3.248412429,3.06403346,0.05910960770966682,-1.0097945739701244,0.0584176,0.375,0.5,0.0,0.0,0.0,0.0,0.5,0.0,0.5,0.0,none
B2_PENALTY_123_Ru62Si37_Hf,2.583127124,3.06403346,-0.1690599873499998,-0.9206944270000007,-0.170317925,0.3125,0.5,0.0,0.0,0.0,0.0,0.5,0.0,0.5,0.0,none
B2_PENALTY_124_Ru50Si50_Hf,4.107906653,3.06403346,0.2907346005150006,-0.8383272110000037,0.29109925,0.25,0.5,0.0,0.0,0.0,0.0,0.5,0.0,0.5,0.0,none
B2_MULTI_159_A_Ru87_Al12_B_HfTi,2.518380484,3.06403346,-0.1956416669000004,-0.9951158348858226,-0.195489973,0.4375,0.25,0.25,0.0625,0.0,0.0,0.5,0.0,0.5,0.0,none
B2_MULTI_160_A_Ru75_Al25_B_HfTi,3.186447237,3.06403346,0.04026771610500007,-0.9000343030000024,0.039169396,0.375,0.25,0.25,0.125,0.0,0.0,0.5,0.0,0.5,0.0,none
B2_MULTI_161_A_Ru87_Al12_B_HfZr,2.593983772,3.06403346,-0.16772674996500014,-0.9668944039999964,-0.166153502,0.4375,0.25,0.0,0.0625,0.25,0.0,0.5,0.0,0.5,0.0,none
B2_MULTI_162_A_Ru75_Al25_B_HfZr,3.283818469,3.06403346,0.06688221605499999,-0.8758682595082984,0.06924705,0.375,0.25,0.0,0.125,0.25,0.0,0.5,0.0,0.5,0.0,none
B2_MULTI_163_A_Ru87_Al12_B_HfAl,2.495293785,3.06403346,-0.21732368548999945,-4.954411073999979,-0.204607374,0.25,0.0625,0.0,0.1875,0.0,0.0,0.5,0.0,0.5,0.0,none
B2_MULTI_163_A_Ru87_Al13_B_HfAl,2.494957013,3.06403346,-0.2041534093699996,-1.042495012961614,-0.204740933,0.4375,0.25,0.0,0.3125,0.0,0.0,0.5,0.0,0.5,0.0,none
B2_MULTI_164_A_Ru75_Al25_B_HfAl,3.160855152,3.06403346,0.03104217023999996,-0.9328003089999964,0.031107928,0.375,0.25,0.0,0.375,0.0,0.0,0.5,0.0,0.5,0.0,none
B2_014_RuHf,2.571059804,3.18583421,0.09203544403302498,-1.1893523985481262,-0.213578504,0.5,0.5,0.0,0.0,0.0,0.0,0.75,0.25,0.0,0.0,none
B2_TERN_SOL_078_Ru_Hf87_Nb12,2.562008656,3.18583421,-0.2178319572188328,-1.0910112459999959,-0.217064234,0.5,0.4375,0.0,0.0,0.0,0.0,0.75,0.25,0.0,0.0,none
B2_TERN_SOL_079_Ru_Hf75_Nb25,3.221161604,3.18583421,0.006601468013070152,-0.9908841988318224,0.011027756,0.5,0.375,0.0,0.0,0.0,0.0,0.75,0.25,0.0,0.0,secondary_2pct
B2_TERN_SOL_080_Ru_Hf87_Mo12,2.554397326,3.18583421,-0.22008335354120817,-1.0115803170000022,-0.220003977,0.5,0.4375,0.0,0.0,0.0,0.0625,0.75,0.25,0.0,0.0,none
B2_TERN_SOL_081_Ru_Hf75_Mo25,3.200127757,3.18583421,0.005133197120228886,-0.833822359000001,0.004476552,0.5,0.375,0.0,0.0,0.0,0.125,0.75,0.25,0.0,0.0,secondary_2pct
B2_TERN_SOL_082_Ru_Hf87_Ta12,2.560296043,3.18583421,-0.2179673909713337,-1.1136808880000029,-0.217725022,0.5,0.4375,0.0,0.0,0.0,0.0,0.75,0.25,0.0,0.0,none
B2_TERN_SOL_083_Ru_Hf75_Ta25,3.216563145,3.18583421,0.005160717541393753,-1.031572072333247,0.009599196,0.5,0.375,0.0,0.0,0.0,0.0,0.75,0.25,0.0,0.0,secondary_2pct
B2_TERN_SOL_084_Ru_Hf87_W12,2.554348108,3.18583421,-0.219809027236208,-1.0171735110000026,-0.220023012,0.5,0.4375,0.0,0.0,0.0,0.0,0.75,0.25,0.0,0.0,none
B2_TERN_SOL_085_Ru_Hf75_W25,3.200893611,3.18583421,0.004442305725202481,-0.8368685089999989,0.004715842,0.5,0.375,0.0,0.0,0.0,0.0,0.75,0.25,0.0,0.0,secondary_2pct
B2_TERN_SOL_086_Ru_Hf87_V12,2.545970218,3.18583421,-0.22151527140499952,-1.0637350309999953,-0.223267908,0.5,0.4375,0.0,0.0,0.0,0.0,0.75,0.25,0.0,0.0,none
B2_TERN_SOL_087_Ru_Hf75_V25,3.180813173,3.18583421,-0.001202504020254177,-0.9467614393620036,-0.001577294,0.5,0.375,0.0,0.0,0.0,0.0,0.75,0.25,0.0,0.0,secondary_2pct
B2_PENALTY_108_Ru100Al0_Hf,5.135083991,3.18583421,0.09203544403302498,-1.1893523985481262,0.468517953,0.5,0.5,0.0,0.0,0.0,0.0,0.75,0.25,0.0,0.0,none
B2_PENALTY_109_Ru87Al12_Hf,2.578995294,3.18583421,-0.2113682735999995,-1.0644391099999968,-0.210531436,0.4375,0.5,0.0,0.0625,0.0,0.0,0.75,0.25,0.0,0.0,none
B2_PENALTY_110_Ru75Al25_Hf,3.264770933,3.18583421,0.01925901354875005,-0.9557422499999952,0.024474207,0.375,0.5,0.0,0.125,0.0,0.0,0.75,0.25,0.0,0.0,secondary_2pct
B2_PENALTY_111_Ru62Al37_Hf,2.60403723,3.18583421,-0.2016363624899994,-0.8428135389999994,-0.200970604,0.3125,0.5,0.0,0.1875,0.0,0.0,0.75,0.25,0.0,0.0,none
B2_PENALTY_112_Ru50Al50_Hf,4.152701731,3.18583421,0.2608204253833332,-0.7296493139999997,0.2635042,0.25,0.5,0.0,0.25,0.0,0.0,0.75,0.25,0.0,0.0,none
B2_PENALTY_113_Ru87Cr12_Hf,2.562502587,3.18583421,-0.21659648973499987,-1.035615576999996,-0.216873731,0.4375,0.5,0.0,0.0,0.0,0.0,0.75,0.25,0.0,0.0,none
B2_PENALTY_114_Ru75Cr25_Hf,3.225424668,3.18583421,0.012539148547500007,-0.878162691,0.012350291,0.375,0.5,0.0,0.0,0.0,0.0,0.75,0.25,0.0,0.0,secondary_2pct
B2_PENALTY_115_Ru62Cr37_Hf,2.556723432,3.18583421,-0.20907160765499977,-0.716377173,-0.219104732,0.3125,0.5,0.0,0.0,0.0,0.0,0.75,0.25,0.0,0.0,none
B2_PENALTY_116_Ru50Cr50_Hf,4.053567315,3.18583421,0.2432583322726784,-0.5527963570000015,0.239725094,0.25,0.5,0.0,0.0,0.0,0.0,0.75,0.25,0.0,0.0,none
B2_PENALTY_117_Ru87Cu12_Hf,2.569438099,3.18583421,-0.21424228354999933,-1.0451929749999984,-0.21420224,0.4375,0.5,0.0,0.0,0.0,0.0,0.75,0.25,0.0,0.0,none
B2_PENALTY_118_Ru75Cu25_Hf,3.236261822,3.18583421,0.016127528561250024,-0.9233898889999995,0.015704409,0.375,0.5,0.0,0.0,0.0,0.0,0.75,0.25,0.0,0.0,secondary_2pct
B2_PENALTY_119_Ru62Cu37_Hf,2.568274935,3.18583421,-0.21416253140499963,-0.7996843589999976,-0.21464983,0.3125,0.5,0.0,0.0,0.0,0.0,0.75,0.25,0.0,0.0,none
B2_PENALTY_120_Ru50Cu50_Hf,4.076680397,3.18583421,0.24609152329309467,-0.6773582790000026,0.2453272,0.25,0.5,0.0,0.0,0.0,0.0,0.75,0.25,0.0,0.0,none
B2_PENALTY_121_Ru87Si12_Hf,2.574158138,3.18583421,-0.21296411016374975,-1.089550642000004,-0.212387807,0.4375,0.5,0.0,0.0,0.0,0.0,0.75,0.25,0.0,0.0,none
B2_PENALTY_122_Ru75Si25_Hf,3.248412429,3.18583421,0.015617941645,-1.0097945739701244,0.019451607,0.375,0.5,0.0,0.0,0.0,0.0,0.75,0.25,0.0,0.0,secondary_2pct
B2_PENALTY_123_Ru62Si37_Hf,2.583127124,3.18583421,-0.20855890340999966,-0.9206944270000007,-0.208948215,0.3125,0.5,0.0,0.0,0.0,0.0,0.75,0.25,0.0,0.0,none
B2_PENALTY_124_Ru50Si50_Hf,4.107906653,3.18583421,0.2530598201939282,-0.8383272110000037,0.252839376,0.25,0.5,0.0,0.0,0.0,0.0,0.75,0.25,0.0,0.0,none
B2_MULTI_159_A_Ru87_Al12_B_HfTi,2.518380484,3.18583421,-0.23564987193999992,-0.9951158348858226,-0.23402125,0.4375,0.25,0.25,0.0625,0.0,0.0,0.75,0.25,0.0,0.0,none
B2_MULTI_160_A_Ru75_Al25_B_HfTi,3.186447237,3.18583421,-0.00028514770500000073,-0.9000343030000024,0.000192404,0.375,0.25,0.25,0.125,0.0,0.0,0.75,0.25,0.0,0.0,secondary_2pct
B2_MULTI_161_A_Ru87_Al12_B_HfZr,2.593983772,3.18583421,-0.2067742138449999,-0.9668944039999964,-0.204798988,0.4375,0.25,0.0,0.0625,0.25,0.0,0.75,0.25,0.0,0.0,none
B2_MULTI_162_A_Ru75_Al25_B_HfZr,3.283818469,3.18583421,0.02861874388750004,-0.8758682595082984,0.030290423,0.375,0.25,0.0,0.125,0.25,0.0,0.75,0.25,0.0,0.0,none
B2_MULTI_163_A_Ru87_Al12_B_HfAl,2.495293785,3.18583421,-0.2534120893399997,-4.954411073999979,-0.24309976,0.25,0.0625,0.0,0.1875,0.0,0.0,0.75,0.25,0.0,0.0,none
B2_MULTI_163_A_Ru87_Al13_B_HfAl,2.494957013,3.18583421,-0.24412077224000014,-1.042495012961614,-0.243232736,0.4375,0.25,0.0,0.3125,0.0,0.0,0.75,0.25,0.0,0.0,none
B2_MULTI_164_A_Ru75_Al25_B_HfAl,3.160855152,3.18583421,-0.007727311442500011,-0.9328003089999964,-0.007871524,0.375,0.25,0.0,0.375,0.0,0.0,0.75,0.25,0.0,0.0,secondary_2pct
B2_014_RuHf,2.571059804,3.10818653,0.12372352003062068,-1.1892401019882872,-0.189154227,0.5,0.5,0.0,0.0,0.0,0.0,0.75,0.0,0.25,0.0,none
B2_TERN_SOL_078_Ru_Hf87_Nb12,2.562008656,3.10818653,-0.19303005948953897,-1.0910112459999959,-0.192648703,0.5,0.4375,0.0,0.0,0.0,0.0,0.75,0.0,0.25,0.0,none
B2_TERN_SOL_079_Ru_Hf75_Nb25,3.221161604,3.10818653,0.03438356028678262,-0.9908841988318224,0.035698802,0.5,0.375,0.0,0.0,0.0,0.0,0.75,0.0,0.25,0.0,none
B2_TERN_SOL_080_Ru_Hf87_Mo12,2.554397326,3.10818653,-0.19763229856364606,-1.0115803170000022,-0.195595939,0.5,0.4375,0.0,0.0,0.0,0.0625,0.75,0.0,0.25,0.0,none
B2_TERN_SOL_081_Ru_Hf75_Mo25,3.200127757,3.10818653,0.033652902756806435,-0.833822359000001,0.029149222,0.5,0.375,0.0,0.0,0.0,0.125,0.75,0.0,0.25,0.0,none
B2_TERN_SOL_082_Ru_Hf87_Ta12,2.560296043,3.10818653,-0.1934444760995392,-1.1136808880000029,-0.193311166,0.5,0.4375,0.0,0.0,0.0,0.0,0.75,0.0,0.25,0.0,none
B2_TERN_SOL_083_Ru_Hf75_Ta25,3.216563145,3.10818653,0.032033562257276244,-1.031572072333247,0.034270642,0.5,0.375,0.0,0.0,0.0,0.0,0.75,0.0,0.25,0.0,none
B2_TERN_SOL_084_Ru_Hf87_W12,2.554348108,3.10818653,-0.19789876903364584,-1.0171735110000026,-0.195615023,0.5,0.4375,0.0,0.0,0.0,0.0,0.75,0.0,0.25,0.0,none
B2_TERN_SOL_085_Ru_Hf75_W25,3.200893611,3.10818653,0.02718594865044342,-0.8368685089999989,0.029388462,0.5,0.375,0.0,0.0,0.0,0.0,0.75,0.0,0.25,0.0,none
B2_TERN_SOL_086_Ru_Hf87_V12,2.545970218,3.10818653,-0.19643606356435986,-1.0637350309999953,-0.198868315,0.5,0.4375,0.0,0.0,0.0,0.0,0.75,0.0,0.25,0.0,none
B2_TERN_SOL_087_Ru_Hf75_V25,3.180813173,3.10818653,0.02544599455292053,-0.9467614393620036,0.023096405,0.5,0.375,0.0,0.0,0.0,0.0,0.75,0.0,0.25,0.0,none
B2_PENALTY_108_Ru100Al0_Hf,5.135083991,3.10818653,0.12372352003062068,-1.1892401019882872,0.491770216,0.5,0.5,0.0,0.0,0.0,0.0,0.75,0.0,0.25,0.0,none
B2_PENALTY_109_Ru87Al12_Hf,2.578995294,3.10818653,-0.1872466394550002,-1.0644391099999968,-0.186099637,0.4375,0.5,0.0,0.0625,0.0,0.0,0.75,0.0,0.25,0.0,none
B2_PENALTY_110_Ru75Al25_Hf,3.264770933,3.10818653,0.04833416770499995,-0.9557422499999952,0.049140263,0.375,0.5,0.0,0.125,0.0,0.0,0.75,0.0,0.25,0.0,none
B2_PENALTY_111_Ru62Al37_Hf,2.60403723,3.10818653,-0.17955453984499953,-0.8428135389999994,-0.176515949,0.3125,0.5,0.0,0.1875,0.0,0.0,0.75,0.0,0.25,0.0,none
B2_PENALTY_112_Ru50Al50_Hf,4.152701731,3.10818653,0.28431143321777846,-0.7296493139999997,0.287710033,0.25,0.5,0.0,0.25,0.0,0.0,0.75,0.0,0.25,0.0,none
B2_PENALTY_113_Ru87Cr12_Hf,2.562502587,3.10818653,-0.19096337462000001,-1.035615576999996,-0.192457718,0.4375,0.5,0.0,0.0,0.0,0.0,0.75,0.0,0.25,0.0,none
B2_PENALTY_114_Ru75Cr25_Hf,3.225424668,3.10818653,0.04621507337499995,-0.878162691,0.037020946,0.375,0.5,0.0,0.0,0.0,0.0,0.75,0.0,0.25,0.0,none
B2_PENALTY_115_Ru62Cr37_Hf,2.556723432,3.10818653,-0.19096442837999955,-0.716377173,-0.194694391,0.3125,0.5,0.0,0.0,0.0,0.0,0.75,0.0,0.25,0.0,none
B2_PENALTY_116_Ru50Cr50_Hf,4.053567315,3.10818653,0.26758105388874975,-0.5527963570000015,0.264008176,0.25,0.5,0.0,0.0,0.0,0.0,0.75,0.0,0.25,0.0,none
B2_PENALTY_117_Ru87Cu12_Hf,2.569438099,3.10818653,-0.18931732718000013,-1.0451929749999984,-0.189779517,0.4375,0.5,0.0,0.0,0.0,0.0,0.75,0.0,0.25,0.0,none
B2_PENALTY_118_Ru75Cu25_Hf,3.236261822,3.10818653,0.04240726918500002,-0.9233898889999995,0.040373973,0.375,0.5,0.0,0.0,0.0,0.0,0.75,0.0,0.25,0.0,none
B2_PENALTY_119_Ru62Cu37_Hf,2.568274935,3.10818653,-0.1879907142649994,-0.7996843589999976,-0.190228225,0.3125,0.5,0.0,0.0,0.0,0.0,0.75,0.0,0.25,0.0,none
B2_PENALTY_120_Ru50Cu50_Hf,4.076680397,3.10818653,0.27071607216399957,-0.6773582790000026,0.269592708,0.25,0.5,0.0,0.0,0.0,0.0,0.75,0.0,0.25,0.0,none
B2_PENALTY_121_Ru87Si12_Hf,2.574158138,3.10818653,-0.18910526673499953,-1.089550642000004,-0.187960577,0.4375,0.5,0.0,0.0,0.0,0.0,0.75,0.0,0.25,0.0,none
B2_PENALTY_122_Ru75Si25_Hf,3.248412429,3.10818653,0.043623975779999935,-1.0097945739701244,0.044119788,0.375,0.5,0.0,0.0,0.0,0.0,0.75,0.0,0.25,0.0,none
B2_PENALTY_123_Ru62Si37_Hf,2.583127124,3.10818653,-0.18444305546499998,-0.9206944270000007,-0.184512553,0.3125,0.5,0.0,0.0,0.0,0.0,0.75,0.0,0.25,0.0,none
B2_PENALTY_124_Ru50Si50_Hf,4.107906653,3.10818653,0.2787504386461102,-0.8383272110000037,0.277080713,0.25,0.5,0.0,0.0,0.0,0.0,0.75,0.0,0.25,0.0,none
B2_MULTI_159_A_Ru87_Al12_B_HfTi,2.518380484,3.10818653,-0.21544345674499993,-0.9951158348858226,-0.209650412,0.4375,0.25,0.25,0.0625,0.0,0.0,0.75,0.0,0.25,0.0,none
B2_MULTI_160_A_Ru75_Al25_B_HfTi,3.186447237,3.10818653,0.024979078565000087,-0.9000343030000024,0.024865849,0.375,0.25,0.25,0.125,0.0,0.0,0.75,0.0,0.25,0.0,none
B2_MULTI_161_A_Ru87_Al12_B_HfZr,2.593983772,3.10818653,-0.18330939503500013,-0.9668944039999964,-0.18035335,0.4375,0.25,0.0,0.0625,0.25,0.0,0.75,0.0,0.25,0.0,none
B2_MULTI_162_A_Ru75_Al25_B_HfZr,3.283818469,3.10818653,0.05376537410166662,-0.8758682595082984,0.05495363,0.375,0.25,0.0,0.125,0.25,0.0,0.75,0.0,0.25,0.0,none
B2_MULTI_163_A_Ru87_Al12_B_HfAl,2.495293785,3.10818653,-0.24706223330499966,-4.954411073999979,-0.218754314,0.25,0.0625,0.0,0.1875,0.0,0.0,0.75,0.0,0.25,0.0,none
B2_MULTI_163_A_Ru87_Al13_B_HfAl,2.494957013,3.10818653,-0.22453342860500045,-1.042495012961614,-0.21888767,0.4375,0.25,0.0,0.3125,0.0,0.0,0.75,0.0,0.25,0.0,none
B2_MULTI_164_A_Ru75_Al25_B_HfAl,3.160855152,3.10818653,0.014647202585000033,-0.9328003089999964,0.016802767,0.375,0.25,0.0,0.375,0.0,0.0,0.75,0.0,0.25,0.0,secondary_2pct
B2_014_RuHf,2.571059804,3.19107183,0.13405709178150033,-1.1891225161583763,-0.215202312,0.5,0.5,0.0,0.0,0.0,0.0,0.75,0.0,0.0,0.25,none
B2_TERN_SOL_078_Ru_Hf87_Nb12,2.562008656,3.19107183,-0.21854387387733282,-1.0910112459999959,-0.218687423,0.5,0.4375,0.0,0.0,0.0,0.0,0.75,0.0,0.0,0.25,none
B2_TERN_SOL_079_Ru_Hf75_Nb25,3.221161604,3.19107183,0.0064645354926614225,-0.9908841988318224,0.009385115,0.5,0.375,0.0,0.0,0.0,0.0,0.75,0.0,0.0,0.25,secondary_2pct
B2_TERN_SOL_080_Ru_Hf87_Mo12,2.554397326,3.19107183,-0.22168643162120819,-1.0115803170000022,-0.221626637,0.5,0.4375,0.0,0.0,0.0,0.0625,0.75,0.0,0.0,0.25,none
B2_TERN_SOL_081_Ru_Hf75_Mo25,3.200127757,3.19107183,0.005182708928213012,-0.833822359000001,0.002833874,0.5,0.375,0.0,0.0,0.0,0.125,0.75,0.0,0.0,0.25,secondary_2pct
B2_TERN_SOL_082_Ru_Hf87_Ta12,2.560296043,3.19107183,-0.21876269524133357,-1.1136808880000029,-0.219348093,0.5,0.4375,0.0,0.0,0.0,0.0,0.75,0.0,0.0,0.25,none
B2_TERN_SOL_083_Ru_Hf75_Ta25,3.216563145,3.19107183,0.005151640176044544,-1.031572072333247,0.007956544,0.5,0.375,0.0,0.0,0.0,0.0,0.75,0.0,0.0,0.25,secondary_2pct
B2_TERN_SOL_084_Ru_Hf87_W12,2.554348108,3.19107183,-0.22168207331620812,-1.0171735110000026,-0.221645669,0.5,0.4375,0.0,0.0,0.0,0.0,0.75,0.0,0.0,0.25,none
B2_TERN_SOL_085_Ru_Hf75_W25,3.200893611,3.19107183,0.003512628189595339,-0.8368685089999989,0.003073165,0.5,0.375,0.0,0.0,0.0,0.0,0.75,0.0,0.0,0.25,secondary_2pct
B2_TERN_SOL_086_Ru_Hf87_V12,2.545970218,3.19107183,-0.22149593760999955,-1.0637350309999953,-0.224889972,0.5,0.4375,0.0,0.0,0.0,0.0,0.75,0.0,0.0,0.25,none
B2_TERN_SOL_087_Ru_Hf75_V25,3.180813173,3.19107183,-0.001513784098004177,-0.9467614393620036,-0.003219976,0.5,0.375,0.0,0.0,0.0,0.0,0.75,0.0,0.0,0.25,secondary_2pct
B2_PENALTY_108_Ru100Al0_Hf,5.135083991,3.19107183,0.13405709178150033,-1.1891225161583763,0.466965116,0.5,0.5,0.0,0.0,0.0,0.0,0.75,0.0,0.0,0.25,none
B2_PENALTY_109_Ru87Al12_Hf,2.578995294,3.19107183,-0.21217981007499964,-1.0644391099999968,-0.212155777,0.4375,0.5,0.0,0.0625,0.0,0.0,0.75,0.0,0.0,0.25,none
B2_PENALTY_110_Ru75Al25_Hf,3.264770933,3.19107183,0.01934941206125005,-0.9557422499999952,0.022831753,0.375,0.5,0.0,0.125,0.0,0.0,0.75,0.0,0.0,0.25,secondary_2pct
B2_PENALTY_111_Ru62Al37_Hf,2.60403723,3.19107183,-0.20260463682500002,-0.8428135389999994,-0.202596567,0.3125,0.5,0.0,0.1875,0.0,0.0,0.75,0.0,0.0,0.25,none
B2_PENALTY_112_Ru50Al50_Hf,4.152701731,3.19107183,0.26037453112000025,-0.7296493139999997,0.261889856,0.25,0.5,0.0,0.25,0.0,0.0,0.75,0.0,0.0,0.25,none
B2_PENALTY_113_Ru87Cr12_Hf,2.562502587,3.19107183,-0.21762267601600022,-1.035615576999996,-0.218496954,0.4375,0.5,0.0,0.0,0.0,0.0,0.75,0.0,0.0,0.25,none
B2_PENALTY_114_Ru75Cr25_Hf,3.225424668,3.19107183,0.011981640559999998,-0.878162691,0.010707662,0.375,0.5,0.0,0.0,0.0,0.0,0.75,0.0,0.0,0.25,secondary_2pct
B2_PENALTY_115_Ru62Cr37_Hf,2.556723432,3.19107183,-0.2099836065149996,-0.716377173,-0.220727555,0.3125,0.5,0.0,0.0,0.0,0.0,0.75,0.0,0.0,0.25,none
B2_PENALTY_116_Ru50Cr50_Hf,4.053567315,3.19107183,0.24156686182642884,-0.5527963570000015,0.238105851,0.25,0.5,0.0,0.0,0.0,0.0,0.75,0.0,0.0,0.25,none
B2_PENALTY_117_Ru87Cu12_Hf,2.569438099,3.19107183,-0.21526300879499935,-1.0451929749999984,-0.215825939,0.4375,0.5,0.0,0.0,0.0,0.0,0.75,0.0,0.0,0.25,none
B2_PENALTY_118_Ru75Cu25_Hf,3.236261822,3.19107183,0.016351838521250023,-0.9233898889999995,0.014061816,0.375,0.5,0.0,0.0,0.0,0.0,0.75,0.0,0.0,0.25,secondary_2pct
B2_PENALTY_119_Ru62Cu37_Hf,2.568274935,3.19107183,-0.21512917440499943,-0.7996843589999976,-0.216273449,0.3125,0.5,0.0,0.0,0.0,0.0,0.75,0.0,0.0,0.25,none
B2_PENALTY_120_Ru50Cu50_Hf,4.076680397,3.19107183,0.24488951457809552,-0.6773582790000026,0.24370907,0.25,0.5,0.0,0.0,0.0,0.0,0.75,0.0,0.0,0.25,none
B2_PENALTY_121_Ru87Si12_Hf,2.574158138,3.19107183,-0.21384909460375046,-1.089550642000004,-0.214011824,0.4375,0.5,0.0,0.0,0.0,0.0,0.75,0.0,0.0,0.25,none
B2_PENALTY_122_Ru75Si25_Hf,3.248412429,3.19107183,0.01565886877499999,-1.0097945739701244,0.017809066,0.375,0.5,0.0,0.0,0.0,0.0,0.75,0.0,0.0,0.25,secondary_2pct
B2_PENALTY_123_Ru62Si37_Hf,2.583127124,3.19107183,-0.2097005069299995,-0.9206944270000007,-0.21057283,0.3125,0.5,0.0,0.0,0.0,0.0,0.75,0.0,0.0,0.25,none
B2_PENALTY_124_Ru50Si50_Hf,4.107906653,3.19107183,0.25212328761142866,-0.8383272110000037,0.251222777,0.25,0.5,0.0,0.0,0.0,0.0,0.75,0.0,0.0,0.25,none
B2_MULTI_159_A_Ru87_Al12_B_HfTi,2.518380484,3.19107183,-0.23626663174999998,-0.9951158348858226,-0.235641287,0.4375,0.25,0.25,0.0625,0.0,0.0,0.75,0.0,0.0,0.25,none
B2_MULTI_160_A_Ru75_Al25_B_HfTi,3.186447237,3.19107183,-0.0008841168349999994,-0.9000343030000024,-0.00145028,0.375,0.25,0.25,0.125,0.0,0.0,0.75,0.0,0.0,0.25,secondary_2pct
B2_MULTI_161_A_Ru87_Al12_B_HfZr,2.593983772,3.19107183,-0.20740775223249963,-0.9668944039999964,-0.206424311,0.4375,0.25,0.0,0.0625,0.25,0.0,0.75,0.0,0.0,0.25,none
B2_MULTI_162_A_Ru75_Al25_B_HfZr,3.283818469,3.19107183,0.027832888215000053,-0.8758682595082984,0.028648096,0.375,0.25,0.0,0.125,0.25,0.0,0.75,0.0,0.0,0.25,none
B2_MULTI_163_A_Ru87_Al12_B_HfAl,2.495293785,3.19107183,-0.24958469918499962,-4.954411073999979,-0.244718012,0.25,0.0625,0.0,0.1875,0.0,0.0,0.75,0.0,0.0,0.25,none
B2_MULTI_163_A_Ru87_Al13_B_HfAl,2.494957013,3.19107183,-0.2449611835850003,-1.042495012961614,-0.244850962,0.4375,0.25,0.0,0.3125,0.0,0.0,0.75,0.0,0.0,0.25,none
B2_MULTI_164_A_Ru75_Al25_B_HfAl,3.160855152,3.19107183,-0.00835493863750001,-0.9328003089999964,-0.009514177,0.375,0.25,0.0,0.375,0.0,0.0,0.75,0.0,0.0,0.25,secondary_2pct
B2_014_RuHf,2.571059804,3.31173466,0.08957973405700008,-1.1891922976992861,-0.25181055,0.5,0.5,0.0,0.0,0.0,0.0,0.0,0.75,0.0,0.25,none
B2_TERN_SOL_078_Ru_Hf87_Nb12,2.562008656,3.31173466,-0.25590867584189697,-1.0910112459999959,-0.255280479,0.5,0.4375,0.0,0.0,0.0,0.0,0.0,0.75,0.0,0.25,none
B2_TERN_SOL_079_Ru_Hf75_Nb25,3.221161604,3.31173466,-0.030882313404877796,-0.9908841988318224,-0.027728301,0.5,0.375,0.0,0.0,0.0,0.0,0.0,0.75,0.0,0.25,none
B2_TERN_SOL_080_Ru_Hf87_Mo12,2.554397326,3.31173466,-0.25547787354144424,-1.0115803170000022,-0.258206715,0.5,0.4375,0.0,0.0,0.0,0.0625,0.0,0.75,0.0,0.25,none
B2_TERN_SOL_081_Ru_Hf75_Mo25,3.200127757,3.31173466,-0.032938375508463784,-0.833822359000001,-0.034278029,0.5,0.375,0.0,0.0,0.0,0.125,0.0,0.75,0.0,0.25,none
B2_TERN_SOL_082_Ru_Hf87_Ta12,2.560296043,3.31173466,-0.2559543958223377,-1.1136808880000029,-0.255938245,0.5,0.4375,0.0,0.0,0.0,0.0,0.0,0.75,0.0,0.25,none
B2_TERN_SOL_083_Ru_Hf75_Ta25,3.216563145,3.31173466,-0.03117749779105004,-1.031572072333247,-0.02915661,0.5,0.375,0.0,0.0,0.0,0.0,0.0,0.75,0.0,0.25,none
B2_TERN_SOL_084_Ru_Hf87_W12,2.554348108,3.31173466,-0.25529389530293245,-1.0171735110000026,-0.258225662,0.5,0.4375,0.0,0.0,0.0,0.0,0.0,0.75,0.0,0.25,none
B2_TERN_SOL_085_Ru_Hf75_W25,3.200893611,3.31173466,-0.03215409617465387,-0.8368685089999989,-0.034038807,0.5,0.375,0.0,0.0,0.0,0.0,0.0,0.75,0.0,0.25,none
B2_TERN_SOL_086_Ru_Hf87_V12,2.545970218,3.31173466,-0.2616797603308806,-1.0637350309999953,-0.261455453,0.5,0.4375,0.0,0.0,0.0,0.0,0.0,0.75,0.0,0.25,none
B2_TERN_SOL_087_Ru_Hf75_V25,3.180813173,3.31173466,-0.035092926647315344,-0.9467614393620036,-0.040329772,0.5,0.375,0.0,0.0,0.0,0.0,0.0,0.75,0.0,0.25,none
B2_PENALTY_108_Ru100Al0_Hf,5.135083991,3.31173466,0.08957973405700008,-1.1891922976992861,0.431724512,0.5,0.5,0.0,0.0,0.0,0.0,0.0,0.75,0.0,0.25,none
B2_PENALTY_109_Ru87Al12_Hf,2.578995294,3.31173466,-0.24949044619249994,-1.0644391099999968,-0.248777103,0.4375,0.5,0.0,0.0625,0.0,0.0,0.0,0.75,0.0,0.25,none
B2_PENALTY_110_Ru75Al25_Hf,3.264770933,3.31173466,-0.015006710505972243,-0.9557422499999952,-0.014282274,0.375,0.5,0.0,0.125,0.0,0.0,0.0,0.75,0.0,0.25,secondary_2pct
B2_PENALTY_111_Ru62Al37_Hf,2.60403723,3.31173466,-0.23836527966666643,-0.8428135389999994,-0.239257849,0.3125,0.5,0.0,0.1875,0.0,0.0,0.0,0.75,0.0,0.25,none
B2_PENALTY_112_Ru50Al50_Hf,4.152701731,3.31173466,0.22729143260699966,-0.7296493139999997,0.225326341,0.25,0.5,0.0,0.25,0.0,0.0,0.0,0.75,0.0,0.25,none
B2_PENALTY_113_Ru87Cr12_Hf,2.562502587,3.31173466,-0.2549105544966664,-1.035615576999996,-0.255090845,0.4375,0.5,0.0,0.0,0.0,0.0,0.0,0.75,0.0,0.25,none
B2_PENALTY_114_Ru75Cr25_Hf,3.225424668,3.31173466,-0.02074823819708331,-0.878162691,-0.026405962,0.375,0.5,0.0,0.0,0.0,0.0,0.0,0.75,0.0,0.25,none
B2_PENALTY_115_Ru62Cr37_Hf,2.556723432,3.31173466,-0.2559915812513335,-0.716377173,-0.25731162,0.3125,0.5,0.0,0.0,0.0,0.0,0.0,0.75,0.0,0.25,none
B2_PENALTY_116_Ru50Cr50_Hf,4.053567315,3.31173466,0.20182960561618846,-0.5527963570000015,0.201439848,0.25,0.5,0.0,0.0,0.0,0.0,0.0,0.75,0.0,0.25,none
B2_PENALTY_117_Ru87Cu12_Hf,2.569438099,3.31173466,-0.25266837344022924,-1.0451929749999984,-0.252431476,0.4375,0.5,0.0,0.0,0.0,0.0,0.0,0.75,0.0,0.25,none
B2_PENALTY_118_Ru75Cu25_Hf,3.236261822,3.31173466,-0.02254171405124995,-0.9233898889999995,-0.023052193,0.375,0.5,0.0,0.0,0.0,0.0,0.0,0.75,0.0,0.25,none
B2_PENALTY_119_Ru62Cu37_Hf,2.568274935,3.31173466,-0.25232044619583316,-0.7996843589999976,-0.252877045,0.3125,0.5,0.0,0.0,0.0,0.0,0.0,0.75,0.0,0.25,none
B2_PENALTY_120_Ru50Cu50_Hf,4.076680397,3.31173466,0.20664545554518451,-0.6773582790000026,0.20706626,0.25,0.5,0.0,0.0,0.0,0.0,0.0,0.75,0.0,0.25,none
B2_PENALTY_121_Ru87Si12_Hf,2.574158138,3.31173466,-0.2511216691920831,-1.089550642000004,-0.250625197,0.4375,0.5,0.0,0.0,0.0,0.0,0.0,0.75,0.0,0.25,none
B2_PENALTY_122_Ru75Si25_Hf,3.248412429,3.31173466,-0.019152101474107085,-1.0097945739701244,-0.019305125,0.375,0.5,0.0,0.0,0.0,0.0,0.0,0.75,0.0,0.25,secondary_2pct
B2_PENALTY_123_Ru62Si37_Hf,2.583127124,3.31173466,-0.24706541973133261,-0.9206944270000007,-0.247200889,0.3125,0.5,0.0,0.0,0.0,0.0,0.0,0.75,0.0,0.25,none
B2_PENALTY_124_Ru50Si50_Hf,4.107906653,3.31173466,0.21791647157725064,-0.8383272110000037,0.21461199,0.25,0.5,0.0,0.0,0.0,0.0,0.0,0.75,0.0,0.25,none
B2_MULTI_159_A_Ru87_Al12_B_HfTi,2.518380484,3.31173466,-0.27003847003666714,-0.9951158348858226,-0.272157292,0.4375,0.25,0.25,0.0625,0.0,0.0,0.0,0.75,0.0,0.25,none
B2_MULTI_160_A_Ru75_Al25_B_HfTi,3.186447237,3.31173466,-0.03677102619850008,-0.9000343030000024,-0.038560762,0.375,0.25,0.25,0.125,0.0,0.0,0.0,0.75,0.0,0.25,none
B2_MULTI_161_A_Ru87_Al12_B_HfZr,2.593983772,3.31173466,-0.2435203035766877,-0.9668944039999964,-0.243069796,0.4375,0.25,0.0,0.0625,0.25,0.0,0.0,0.75,0.0,0.25,none
B2_MULTI_162_A_Ru75_Al25_B_HfZr,3.283818469,3.31173466,-0.008682577169166643,-0.8758682595082984,-0.008465155,0.375,0.25,0.0,0.125,0.25,0.0,0.0,0.75,0.0,0.25,secondary_2pct
B2_MULTI_163_A_Ru87_Al12_B_HfAl,2.495293785,3.31173466,-0.2796716205350006,-4.954411073999979,-0.281190589,0.25,0.0625,0.0,0.1875,0.0,0.0,0.0,0.75,0.0,0.25,none
B2_MULTI_163_A_Ru87_Al13_B_HfAl,2.494957013,3.31173466,-0.27878344339666666,-1.042495012961614,-0.281322892,0.4375,0.25,0.0,0.3125,0.0,0.0,0.0,0.75,0.0,0.25,none
B2_MULTI_164_A_Ru75_Al25_B_HfAl,3.160855152,3.31173466,-0.046164631529999924,-0.9328003089999964,-0.046621063,0.375,0.25,0.0,0.375,0.0,0.0,0.0,0.75,0.0,0.25,none
B2_014_RuHf,2.571059804,3.07696301,0.12596486533058338,-1.189230427310751,-0.179143471,0.5,0.5,0.0,0.0,0.0,0.0,0.0,0.0,0.75,0.25,none
B2_TERN_SOL_078_Ru_Hf87_Nb12,2.562008656,3.07696301,-0.18379229665908764,-1.0910112459999959,-0.182641228,0.5,0.4375,0.0,0.0,0.0,0.0,0.0,0.0,0.75,0.25,none
B2_TERN_SOL_079_Ru_Hf75_Nb25,3.221161604,3.07696301,0.044523350568304296,-0.9908841988318224,0.045790962,0.5,0.375,0.0,0.0,0.0,0.0,0.0,0.0,0.75,0.25,none
B2_TERN_SOL_080_Ru_Hf87_Mo12,2.554397326,3.07696301,-0.19014380738694464,-1.0115803170000022,-0.185591279,0.5,0.4375,0.0,0.0,0.0,0.0625,0.0,0.0,0.75,0.25,none
B2_TERN_SOL_081_Ru_Hf75_Mo25,3.200127757,3.07696301,0.04226023000475767,-0.833822359000001,0.039242621,0.5,0.375,0.0,0.0,0.0,0.125,0.0,0.0,0.75,0.25,none
B2_TERN_SOL_082_Ru_Hf87_Ta12,2.560296043,3.07696301,-0.1833997262690876,-1.1136808880000029,-0.183304319,0.5,0.4375,0.0,0.0,0.0,0.0,0.0,0.0,0.75,0.25,none
B2_TERN_SOL_083_Ru_Hf75_Ta25,3.216563145,3.07696301,0.043566854288355106,-1.031572072333247,0.04436309,0.5,0.375,0.0,0.0,0.0,0.0,0.0,0.0,0.75,0.25,none
B2_TERN_SOL_084_Ru_Hf87_W12,2.554348108,3.07696301,-0.18825132011444443,-1.0171735110000026,-0.185610381,0.5,0.4375,0.0,0.0,0.0,0.0,0.0,0.0,0.75,0.25,none
B2_TERN_SOL_085_Ru_Hf75_W25,3.200893611,3.07696301,0.039265634943471864,-0.8368685089999989,0.03948182,0.5,0.375,0.0,0.0,0.0,0.0,0.0,0.0,0.75,0.25,none
B2_TERN_SOL_086_Ru_Hf87_V12,2.545970218,3.07696301,-0.18818354643694446,-1.0637350309999953,-0.188866832,0.5,0.4375,0.0,0.0,0.0,0.0,0.0,0.0,0.75,0.25,none
B2_TERN_SOL_087_Ru_Hf75_V25,3.180813173,3.07696301,0.03281926230184964,-0.9467614393620036,0.033190757,0.5,0.375,0.0,0.0,0.0,0.0,0.0,0.0,0.75,0.25,none
B2_PENALTY_108_Ru100Al0_Hf,5.135083991,3.07696301,0.12596486533058338,-1.189230427310751,0.501244326,0.5,0.5,0.0,0.0,0.0,0.0,0.0,0.0,0.75,0.25,none
B2_PENALTY_109_Ru87Al12_Hf,2.578995294,3.07696301,-0.17599110346000035,-1.0644391099999968,-0.176086063,0.4375,0.5,0.0,0.0625,0.0,0.0,0.0,0.0,0.75,0.25,none
B2_PENALTY_110_Ru75Al25_Hf,3.264770933,3.07696301,0.05899039163899988,-0.9557422499999952,0.059229203,0.375,0.5,0.0,0.125,0.0,0.0,0.0,0.0,0.75,0.25,none
B2_PENALTY_111_Ru62Al37_Hf,2.60403723,3.07696301,-0.17145927738499991,-0.8428135389999994,-0.166493843,0.3125,0.5,0.0,0.1875,0.0,0.0,0.0,0.0,0.75,0.25,none
B2_PENALTY_112_Ru50Al50_Hf,4.152701731,3.07696301,0.29518785767249967,-0.7296493139999997,0.297590209,0.25,0.5,0.0,0.25,0.0,0.0,0.0,0.0,0.75,0.25,none
B2_PENALTY_113_Ru87Cr12_Hf,2.562502587,3.07696301,-0.18162233143000026,-1.035615576999996,-0.182450062,0.4375,0.5,0.0,0.0,0.0,0.0,0.0,0.0,0.75,0.25,none
B2_PENALTY_114_Ru75Cr25_Hf,3.225424668,3.07696301,0.05238842929999996,-0.878162691,0.047112829,0.375,0.5,0.0,0.0,0.0,0.0,0.0,0.0,0.75,0.25,none
B2_PENALTY_115_Ru62Cr37_Hf,2.556723432,3.07696301,-0.17993593825500018,-0.716377173,-0.184688865,0.3125,0.5,0.0,0.0,0.0,0.0,0.0,0.0,0.75,0.25,none
B2_PENALTY_116_Ru50Cr50_Hf,4.053567315,3.07696301,0.2757103321003342,-0.5527963570000015,0.273921927,0.25,0.5,0.0,0.0,0.0,0.0,0.0,0.0,0.75,0.25,none
B2_PENALTY_117_Ru87Cu12_Hf,2.569438099,3.07696301,-0.1789839200875002,-1.0451929749999984,-0.179769344,0.4375,0.5,0.0,0.0,0.0,0.0,0.0,0.0,0.75,0.25,none
B2_PENALTY_118_Ru75Cu25_Hf,3.236261822,3.07696301,0.053386878028999905,-0.9233898889999995,0.050465116,0.375,0.5,0.0,0.0,0.0,0.0,0.0,0.0,0.75,0.25,none
B2_PENALTY_119_Ru62Cu37_Hf,2.568274935,3.07696301,-0.1788078514850002,-0.7996843589999976,-0.180218471,0.3125,0.5,0.0,0.0,0.0,0.0,0.0,0.0,0.75,0.25,none
B2_PENALTY_120_Ru50Cu50_Hf,4.076680397,3.07696301,0.2812086387784165,-0.6773582790000026,0.279498804,0.25,0.5,0.0,0.0,0.0,0.0,0.0,0.0,0.75,0.25,none
B2_PENALTY_121_Ru87Si12_Hf,2.574158138,3.07696301,-0.17766537162249973,-1.089550642000004,-0.177948715,0.4375,0.5,0.0,0.0,0.0,0.0,0.0,0.0,0.75,0.25,none
B2_PENALTY_122_Ru75Si25_Hf,3.248412429,3.07696301,0.05497402258416675,-1.0097945739701244,0.054210037,0.375,0.5,0.0,0.0,0.0,0.0,0.0,0.0,0.75,0.25,none
B2_PENALTY_123_Ru62Si37_Hf,2.583127124,3.07696301,-0.17376786348000034,-0.9206944270000007,-0.174497534,0.3125,0.5,0.0,0.0,0.0,0.0,0.0,0.0,0.75,0.25,none
B2_PENALTY_124_Ru50Si50_Hf,4.107906653,3.07696301,0.2876571434733327,-0.8383272110000037,0.286976296,0.25,0.5,0.0,0.0,0.0,0.0,0.0,0.0,0.75,0.25,none
B2_MULTI_159_A_Ru87_Al12_B_HfTi,2.518380484,3.07696301,-0.19798941762500008,-0.9951158348858226,-0.19965978,0.4375,0.25,0.25,0.0625,0.0,0.0,0.0,0.0,0.75,0.25,none
B2_MULTI_160_A_Ru75_Al25_B_HfTi,3.186447237,3.07696301,0.03614278864500011,-0.9000343030000024,0.034959941,0.375,0.25,0.25,0.125,0.0,0.0,0.0,0.0,0.75,0.25,none
B2_MULTI_161_A_Ru87_Al12_B_HfZr,2.593983772,3.07696301,-0.1700922632400001,-0.9668944039999964,-0.170334604,0.4375,0.25,0.0,0.0625,0.25,0.0,0.0,0.0,0.75,0.25,none
B2_MULTI_162_A_Ru75_Al25_B_HfZr,3.283818469,3.07696301,0.06508904130899988,-0.8758682595082984,0.065040895,0.375,0.25,0.0,0.125,0.25,0.0,0.0,0.0,0.75,0.25,none
B2_MULTI_163_A_Ru87_Al12_B_HfAl,2.495293785,3.07696301,-0.2212927985300003,-4.954411073999979,-0.208773302,0.25,0.0625,0.0,0.1875,0.0,0.0,0.0,0.0,0.75,0.25,none
B2_MULTI_163_A_Ru87_Al13_B_HfAl,2.494957013,3.07696301,-0.20777848144500047,-1.042495012961614,-0.208906802,0.4375,0.25,0.0,0.3125,0.0,0.0,0.0,0.0,0.75,0.25,none
B2_MULTI_164_A_Ru75_Al25_B_HfAl,3.160855152,3.07696301,0.02867511878999997,-0.9328003089999964,0.026897912,0.375,0.25,0.0,0.375,0.0,0.0,0.0,0.0,0.75,0.25,none
B2_014_RuHf,2.571059804,3.23145248,0.1239923069911627,-1.1890904625122145,-0.227623017,0.5,0.5,0.0,0.0,0.0,0.0,0.5,0.0,0.0,0.5,none
B2_TERN_SOL_078_Ru_Hf87_Nb12,2.562008656,3.23145248,-0.23090437653182044,-1.0910112459999959,-0.231103241,0.5,0.4375,0.0,0.0,0.0,0.0,0.5,0.0,0.0,0.5,none
B2_TERN_SOL_079_Ru_Hf75_Nb25,3.221161604,3.23145248,-0.0028147372472432947,-0.9908841988318224,-0.003189677,0.5,0.375,0.0,0.0,0.0,0.0,0.5,0.0,0.0,0.5,secondary_2pct
B2_TERN_SOL_080_Ru_Hf87_Mo12,2.554397326,3.23145248,-0.23391486127945213,-1.0115803170000022,-0.234038275,0.5,0.4375,0.0,0.0,0.0,0.0625,0.5,0.0,0.0,0.5,none
B2_TERN_SOL_081_Ru_Hf75_Mo25,3.200127757,3.23145248,-0.00548905004535801,-0.833822359000001,-0.00974091,0.5,0.375,0.0,0.0,0.0,0.125,0.5,0.0,0.0,0.5,secondary_2pct
B2_TERN_SOL_082_Ru_Hf87_Ta12,2.560296043,3.23145248,-0.23141118528616564,-1.1136808880000029,-0.231762976,0.5,0.4375,0.0,0.0,0.0,0.0,0.5,0.0,0.0,0.5,none
B2_TERN_SOL_083_Ru_Hf75_Ta25,3.216563145,3.23145248,-0.003331815797009347,-1.031572072333247,-0.004618269,0.5,0.375,0.0,0.0,0.0,0.0,0.5,0.0,0.0,0.5,secondary_2pct
B2_TERN_SOL_084_Ru_Hf87_W12,2.554348108,3.23145248,-0.23414661524320196,-1.0171735110000026,-0.234057279,0.5,0.4375,0.0,0.0,0.0,0.0,0.5,0.0,0.0,0.5,none
B2_TERN_SOL_085_Ru_Hf75_W25,3.200893611,3.23145248,-0.007327347573604861,-0.8368685089999989,-0.009501625,0.5,0.375,0.0,0.0,0.0,0.0,0.5,0.0,0.0,0.5,secondary_2pct
B2_TERN_SOL_086_Ru_Hf87_V12,2.545970218,3.23145248,-0.23594179755180916,-1.0637350309999953,-0.237296905,0.5,0.4375,0.0,0.0,0.0,0.0,0.5,0.0,0.0,0.5,none
B2_TERN_SOL_087_Ru_Hf75_V25,3.180813173,3.23145248,-0.007096868689418021,-0.9467614393620036,-0.015794513,0.5,0.375,0.0,0.0,0.0,0.0,0.5,0.0,0.0,0.5,secondary_2pct
B2_PENALTY_108_Ru100Al0_Hf,5.135083991,3.23145248,0.1239923069911627,-1.1890904625122145,0.455058438,0.5,0.5,0.0,0.0,0.0,0.0,0.5,0.0,0.0,0.5,none
B2_PENALTY_109_Ru87Al12_Hf,2.578995294,3.23145248,-0.22417073733500054,-1.0644391099999968,-0.22458069,0.4375,0.5,0.0,0.0625,0.0,0.0,0.5,0.0,0.0,0.5,none
B2_PENALTY_110_Ru75Al25_Hf,3.264770933,3.23145248,0.008765791413333323,-0.9557422499999952,0.010257792,0.375,0.5,0.0,0.125,0.0,0.0,0.5,0.0,0.0,0.5,secondary_2pct
B2_PENALTY_111_Ru62Al37_Hf,2.60403723,3.23145248,-0.21533930949500055,-0.8428135389999994,-0.215034309,0.3125,0.5,0.0,0.1875,0.0,0.0,0.5,0.0,0.0,0.5,none
B2_PENALTY_112_Ru50Al50_Hf,4.152701731,3.23145248,0.24967175952750026,-0.7296493139999997,0.249520588,0.25,0.5,0.0,0.25,0.0,0.0,0.5,0.0,0.0,0.5,none
B2_PENALTY_113_Ru87Cr12_Hf,2.562502587,3.23145248,-0.2299466998025006,-1.035615576999996,-0.230913041,0.4375,0.5,0.0,0.0,0.0,0.0,0.5,0.0,0.0,0.5,none
B2_PENALTY_114_Ru75Cr25_Hf,3.225424668,3.23145248,0.0017578461849999938,-0.878162691,-0.001867098,0.375,0.5,0.0,0.0,0.0,0.0,0.5,0.0,0.0,0.5,secondary_2pct
B2_PENALTY_115_Ru62Cr37_Hf,2.556723432,3.23145248,-0.23076079963000037,-0.716377173,-0.233140478,0.3125,0.5,0.0,0.0,0.0,0.0,0.5,0.0,0.0,0.5,none
B2_PENALTY_116_Ru50Cr50_Hf,4.053567315,3.23145248,0.22842179368776164,-0.5527963570000015,0.225700096,0.25,0.5,0.0,0.0,0.0,0.0,0.5,0.0,0.0,0.5,none
B2_PENALTY_117_Ru87Cu12_Hf,2.569438099,3.23145248,-0.22702142829900063,-1.0451929749999984,-0.228245774,0.4375,0.5,0.0,0.0,0.0,0.0,0.5,0.0,0.0,0.5,none
B2_PENALTY_118_Ru75Cu25_Hf,3.236261822,3.23145248,0.002027901084999996,-0.9233898889999995,0.001487184,0.375,0.5,0.0,0.0,0.0,0.0,0.5,0.0,0.0,0.5,secondary_2pct
B2_PENALTY_119_Ru62Cu37_Hf,2.568274935,3.23145248,-0.22705658074000015,-0.7996843589999976,-0.22869266,0.3125,0.5,0.0,0.0,0.0,0.0,0.5,0.0,0.0,0.5,none
B2_PENALTY_120_Ru50Cu50_Hf,4.076680397,3.23145248,0.23202373315526167,-0.6773582790000026,0.23131159,0.25,0.5,0.0,0.0,0.0,0.0,0.5,0.0,0.0,0.5,none
B2_PENALTY_121_Ru87Si12_Hf,2.574158138,3.23145248,-0.2260045308425002,-1.089550642000004,-0.226434181,0.4375,0.5,0.0,0.0,0.0,0.0,0.5,0.0,0.0,0.5,none
B2_PENALTY_122_Ru75Si25_Hf,3.248412429,3.23145248,0.004782168870000007,-1.0097945739701244,0.005234661,0.375,0.5,0.0,0.0,0.0,0.0,0.5,0.0,0.0,0.5,secondary_2pct
B2_PENALTY_123_Ru62Si37_Hf,2.583127124,3.23145248,-0.22297973546000008,-0.9206944270000007,-0.222999907,0.3125,0.5,0.0,0.0,0.0,0.0,0.5,0.0,0.0,0.5,none
B2_PENALTY_124_Ru50Si50_Hf,4.107906653,3.23145248,0.24021284401216697,-0.8383272110000037,0.238836704,0.25,0.5,0.0,0.0,0.0,0.0,0.5,0.0,0.0,0.5,none
B2_MULTI_159_A_Ru87_Al12_B_HfTi,2.518380484,3.23145248,-0.2474190619049997,-0.9951158348858226,-0.248032247,0.4375,0.25,0.25,0.0625,0.0,0.0,0.5,0.0,0.0,0.5,none
B2_MULTI_160_A_Ru75_Al25_B_HfTi,3.186447237,3.23145248,-0.013022785835,-0.9000343030000024,-0.014024913,0.375,0.25,0.25,0.125,0.0,0.0,0.5,0.0,0.0,0.5,secondary_2pct
B2_MULTI_161_A_Ru87_Al12_B_HfZr,2.593983772,3.23145248,-0.21930667572500012,-0.9668944039999964,-0.218856985,0.4375,0.25,0.0,0.0625,0.25,0.0,0.5,0.0,0.0,0.5,none
B2_MULTI_162_A_Ru75_Al25_B_HfZr,3.283818469,3.23145248,0.016038891054999987,-0.8758682595082984,0.016074846,0.375,0.25,0.0,0.125,0.25,0.0,0.5,0.0,0.0,0.5,secondary_2pct
B2_MULTI_163_A_Ru87_Al12_B_HfAl,2.495293785,3.23145248,-0.25739267571999924,-4.954411073999979,-0.257094923,0.25,0.0625,0.0,0.1875,0.0,0.0,0.5,0.0,0.0,0.5,none
B2_MULTI_163_A_Ru87_Al13_B_HfAl,2.494957013,3.23145248,-0.2561637909100001,-1.042495012961614,-0.257227663,0.4375,0.25,0.0,0.3125,0.0,0.0,0.5,0.0,0.0,0.5,none
B2_MULTI_164_A_Ru75_Al25_B_HfAl,3.160855152,3.23145248,-0.021103654120000016,-0.9328003089999964,-0.022088214,0.375,0.25,0.0,0.375,0.0,0.0,0.5,0.0,0.0,0.5,none
B2_014_RuHf,2.571059804,3.31693148,0.06915948369916669,-1.1892653431885005,-0.253353526,0.5,0.5,0.0,0.0,0.0,0.0,0.0,0.5,0.0,0.5,none
B2_TERN_SOL_078_Ru_Hf87_Nb12,2.562008656,3.31693148,-0.25703535925540516,-1.0910112459999959,-0.256822763,0.5,0.4375,0.0,0.0,0.0,0.0,0.0,0.5,0.0,0.5,none
B2_TERN_SOL_079_Ru_Hf75_Nb25,3.221161604,3.31693148,-0.03105180031068336,-0.9908841988318224,-0.029295966,0.5,0.375,0.0,0.0,0.0,0.0,0.0,0.5,0.0,0.5,none
B2_TERN_SOL_080_Ru_Hf87_Mo12,2.554397326,3.31693148,-0.2584141619088254,-1.0115803170000022,-0.259748408,0.5,0.4375,0.0,0.0,0.0,0.0625,0.0,0.5,0.0,0.5,none
B2_TERN_SOL_081_Ru_Hf75_Mo25,3.200127757,3.31693148,-0.03311182000764433,-0.833822359000001,-0.035845531,0.5,0.375,0.0,0.0,0.0,0.125,0.0,0.5,0.0,0.5,none
B2_TERN_SOL_082_Ru_Hf87_Ta12,2.560296043,3.31693148,-0.2568775188101789,-1.1136808880000029,-0.257480397,0.5,0.4375,0.0,0.0,0.0,0.0,0.0,0.5,0.0,0.5,none
B2_TERN_SOL_083_Ru_Hf75_Ta25,3.216563145,3.31693148,-0.03136308236602226,-1.031572072333247,-0.030724242,0.5,0.375,0.0,0.0,0.0,0.0,0.0,0.5,0.0,0.5,none
B2_TERN_SOL_084_Ru_Hf87_W12,2.554348108,3.31693148,-0.2586568489153136,-1.0171735110000026,-0.259767351,0.5,0.4375,0.0,0.0,0.0,0.0,0.0,0.5,0.0,0.5,none
B2_TERN_SOL_085_Ru_Hf75_W25,3.200893611,3.31693148,-0.03340248858300108,-0.8368685089999989,-0.035606316,0.5,0.375,0.0,0.0,0.0,0.0,0.0,0.5,0.0,0.5,none
B2_TERN_SOL_086_Ru_Hf87_V12,2.545970218,3.31693148,-0.2621277256112377,-1.0637350309999953,-0.262996483,0.5,0.4375,0.0,0.0,0.0,0.0,0.0,0.5,0.0,0.5,none
B2_TERN_SOL_087_Ru_Hf75_V25,3.180813173,3.31693148,-0.03537936088922806,-0.9467614393620036,-0.041897093,0.5,0.375,0.0,0.0,0.0,0.0,0.0,0.5,0.0,0.5,none
B2_PENALTY_108_Ru100Al0_Hf,5.135083991,3.31693148,0.06915948369916669,-1.1892653431885005,0.430229338,0.5,0.5,0.0,0.0,0.0,0.0,0.0,0.5,0.0,0.5,none
B2_PENALTY_109_Ru87Al12_Hf,2.578995294,3.31693148,-0.25030082578983304,-1.0644391099999968,-0.250320675,0.4375,0.5,0.0,0.0625,0.0,0.0,0.0,0.5,0.0,0.5,none
B2_PENALTY_110_Ru75Al25_Hf,3.264770933,3.31693148,-0.016347130770138905,-0.9557422499999952,-0.015850169,0.375,0.5,0.0,0.125,0.0,0.0,0.0,0.5,0.0,0.5,secondary_2pct
B2_PENALTY_111_Ru62Al37_Hf,2.60403723,3.31693148,-0.2396442378216663,-0.8428135389999994,-0.240803249,0.3125,0.5,0.0,0.1875,0.0,0.0,0.0,0.5,0.0,0.5,none
B2_PENALTY_112_Ru50Al50_Hf,4.152701731,3.31693148,0.22629033727675008,-0.7296493139999997,0.223778123,0.25,0.5,0.0,0.25,0.0,0.0,0.0,0.5,0.0,0.5,none
B2_PENALTY_113_Ru87Cr12_Hf,2.562502587,3.31693148,-0.255974627324666,-1.035615576999996,-0.256633167,0.4375,0.5,0.0,0.0,0.0,0.0,0.0,0.5,0.0,0.5,none
B2_PENALTY_114_Ru75Cr25_Hf,3.225424668,3.31693148,-0.02210504229041665,-0.878162691,-0.027973657,0.375,0.5,0.0,0.0,0.0,0.0,0.0,0.5,0.0,0.5,none
B2_PENALTY_115_Ru62Cr37_Hf,2.556723432,3.31693148,-0.2572846434163336,-0.716377173,-0.258853494,0.3125,0.5,0.0,0.0,0.0,0.0,0.0,0.5,0.0,0.5,none
B2_PENALTY_116_Ru50Cr50_Hf,4.053567315,3.31693148,0.20070097488823044,-0.5527963570000015,0.199887648,0.25,0.5,0.0,0.0,0.0,0.0,0.0,0.5,0.0,0.5,none
B2_PENALTY_117_Ru87Cu12_Hf,2.569438099,3.31693148,-0.25300973545564587,-1.0451929749999984,-0.253974329,0.4375,0.5,0.0,0.0,0.0,0.0,0.0,0.5,0.0,0.5,none
B2_PENALTY_118_Ru75Cu25_Hf,3.236261822,3.31693148,-0.023786707271249975,-0.9233898889999995,-0.024619954,0.375,0.5,0.0,0.0,0.0,0.0,0.0,0.5,0.0,0.5,none
B2_PENALTY_119_Ru62Cu37_Hf,2.568274935,3.31693148,-0.2536823406758331,-0.7996843589999976,-0.254419809,0.3125,0.5,0.0,0.0,0.0,0.0,0.0,0.5,0.0,0.5,none
B2_PENALTY_120_Ru50Cu50_Hf,4.076680397,3.31693148,0.20568138548518447,-0.6773582790000026,0.205514958,0.25,0.5,0.0,0.0,0.0,0.0,0.0,0.5,0.0,0.5,none
B2_PENALTY_121_Ru87Si12_Hf,2.574158138,3.31693148,-0.25200310908666634,-1.089550642000004,-0.252168407,0.4375,0.5,0.0,0.0,0.0,0.0,0.0,0.5,0.0,0.5,none
B2_PENALTY_122_Ru75Si25_Hf,3.248412429,3.31693148,-0.020255994819107098,-1.0097945739701244,-0.020872951,0.375,0.5,0.0,0.0,0.0,0.0,0.0,0.5,0.0,0.5,none
B2_PENALTY_123_Ru62Si37_Hf,2.583127124,3.31693148,-0.2485160863638333,-0.9206944270000007,-0.248744769,0.3125,0.5,0.0,0.0,0.0,0.0,0.0,0.5,0.0,0.5,none
B2_PENALTY_124_Ru50Si50_Hf,4.107906653,3.31693148,0.217223560043084,-0.8383272110000037,0.21306193,0.25,0.5,0.0,0.0,0.0,0.0,0.0,0.5,0.0,0.5,none
B2_MULTI_159_A_Ru87_Al12_B_HfTi,2.518380484,3.31693148,-0.2718767163536668,-0.9951158348858226,-0.273696077,0.4375,0.25,0.25,0.0625,0.0,0.0,0.0,0.5,0.0,0.5,none
B2_MULTI_160_A_Ru75_Al25_B_HfTi,3.186447237,3.31693148,-0.03909266466350005,-0.9000343030000024,-0.040128139,0.375,0.25,0.25,0.125,0.0,0.0,0.0,0.5,0.0,0.5,none
B2_MULTI_161_A_Ru87_Al12_B_HfZr,2.593983772,3.31693148,-0.2445474427085567,-0.9668944039999964,-0.244614472,0.4375,0.25,0.0,0.0625,0.25,0.0,0.0,0.5,0.0,0.5,none
B2_MULTI_162_A_Ru75_Al25_B_HfZr,3.283818469,3.31693148,-0.009043420444999976,-0.8758682595082984,-0.010033106,0.375,0.25,0.0,0.125,0.25,0.0,0.0,0.5,0.0,0.5,secondary_2pct
B2_MULTI_163_A_Ru87_Al12_B_HfAl,2.495293785,3.31693148,-0.2802975090450007,-4.954411073999979,-0.282727409,0.25,0.0625,0.0,0.1875,0.0,0.0,0.0,0.5,0.0,0.5,none
B2_MULTI_163_A_Ru87_Al13_B_HfAl,2.494957013,3.31693148,-0.2816439982616667,-1.042495012961614,-0.282859683,0.4375,0.25,0.0,0.3125,0.0,0.0,0.0,0.5,0.0,0.5,none
B2_MULTI_164_A_Ru75_Al25_B_HfAl,3.160855152,3.31693148,-0.04727688504499995,-0.9328003089999964,-0.048188166,0.375,0.25,0.0,0.375,0.0,0.0,0.0,0.5,0.0,0.5,none
B2_014_RuHf,2.571059804,3.16642062,0.3464238995644995,-1.1882716968957119,-0.20753389,0.5,0.5,0.0,0.0,0.0,0.0,0.0,0.0,0.5,0.5,none
B2_TERN_SOL_078_Ru_Hf87_Nb12,2.562008656,3.16642062,-0.2101004112373589,-1.0910112459999959,-0.211021882,0.5,0.4375,0.0,0.0,0.0,0.0,0.0,0.0,0.5,0.5,none
B2_TERN_SOL_079_Ru_Hf75_Nb25,3.221161604,3.16642062,0.016446074643849874,-0.9908841988318224,0.017139813,0.5,0.375,0.0,0.0,0.0,0.0,0.0,0.0,0.5,0.5,secondary_2pct
B2_TERN_SOL_080_Ru_Hf87_Mo12,2.554397326,3.16642062,-0.21180597540437346,-1.0115803170000022,-0.213963562,0.5,0.4375,0.0,0.0,0.0,0.0625,0.0,0.0,0.5,0.5,none
B2_TERN_SOL_081_Ru_Hf75_Mo25,3.200127757,3.16642062,0.014199183120437197,-0.833822359000001,0.010588826,0.5,0.375,0.0,0.0,0.0,0.125,0.0,0.0,0.5,0.5,secondary_2pct
B2_TERN_SOL_082_Ru_Hf87_Ta12,2.560296043,3.16642062,-0.21077206798485879,-1.1136808880000029,-0.211683103,0.5,0.4375,0.0,0.0,0.0,0.0,0.0,0.0,0.5,0.5,none
B2_TERN_SOL_083_Ru_Hf75_Ta25,3.216563145,3.16642062,0.01565243498854361,-1.031572072333247,0.015711312,0.5,0.375,0.0,0.0,0.0,0.0,0.0,0.0,0.5,0.5,secondary_2pct
B2_TERN_SOL_084_Ru_Hf87_W12,2.554348108,3.16642062,-0.21171877614937315,-1.0171735110000026,-0.21398261,0.5,0.4375,0.0,0.0,0.0,0.0,0.0,0.0,0.5,0.5,none
B2_TERN_SOL_085_Ru_Hf75_W25,3.200893611,3.16642062,0.01696913938501655,-0.8368685089999989,0.01082811,0.5,0.375,0.0,0.0,0.0,0.0,0.0,0.0,0.5,0.5,secondary_2pct
B2_TERN_SOL_086_Ru_Hf87_V12,2.545970218,3.16642062,-0.2128755528601606,-1.0637350309999953,-0.217229675,0.5,0.4375,0.0,0.0,0.0,0.0,0.0,0.0,0.5,0.5,none
B2_TERN_SOL_087_Ru_Hf75_V25,3.180813173,3.16642062,0.00646488978937658,-0.9467614393620036,0.004535063,0.5,0.375,0.0,0.0,0.0,0.0,0.0,0.0,0.5,0.5,secondary_2pct
B2_PENALTY_108_Ru100Al0_Hf,5.135083991,3.16642062,0.3464238995644995,-1.1882716968957119,0.474290737,0.5,0.5,0.0,0.0,0.0,0.0,0.0,0.0,0.5,0.5,none
B2_PENALTY_109_Ru87Al12_Hf,2.578995294,3.16642062,-0.20406793777999976,-1.0644391099999968,-0.204484874,0.4375,0.5,0.0,0.0625,0.0,0.0,0.0,0.0,0.5,0.5,none
B2_PENALTY_110_Ru75Al25_Hf,3.264770933,3.16642062,0.027986457590000055,-0.9557422499999952,0.030585409,0.375,0.5,0.0,0.125,0.0,0.0,0.0,0.0,0.5,0.5,none
B2_PENALTY_111_Ru62Al37_Hf,2.60403723,3.16642062,-0.19661845906000028,-0.8428135389999994,-0.194918117,0.3125,0.5,0.0,0.1875,0.0,0.0,0.0,0.0,0.5,0.5,none
B2_PENALTY_112_Ru50Al50_Hf,4.152701731,3.16642062,0.2693107830100002,-0.7296493139999997,0.269508027,0.25,0.5,0.0,0.25,0.0,0.0,0.0,0.0,0.5,0.5,none
B2_PENALTY_113_Ru87Cr12_Hf,2.562502587,3.16642062,-0.2093336319099994,-1.035615576999996,-0.210831254,0.4375,0.5,0.0,0.0,0.0,0.0,0.0,0.0,0.5,0.5,none
B2_PENALTY_114_Ru75Cr25_Hf,3.225424668,3.16642062,0.020448484709999968,-0.878162691,0.018462289,0.375,0.5,0.0,0.0,0.0,0.0,0.0,0.0,0.5,0.5,none
B2_PENALTY_115_Ru62Cr37_Hf,2.556723432,3.16642062,-0.2082629400450003,-0.716377173,-0.213063722,0.3125,0.5,0.0,0.0,0.0,0.0,0.0,0.0,0.5,0.5,none
B2_PENALTY_116_Ru50Cr50_Hf,4.053567315,3.16642062,0.2538022345210001,-0.5527963570000015,0.245747418,0.25,0.5,0.0,0.0,0.0,0.0,0.0,0.0,0.5,0.5,none
B2_PENALTY_117_Ru87Cu12_Hf,2.569438099,3.16642062,-0.20715934444499978,-1.0451929749999984,-0.208158028,0.4375,0.5,0.0,0.0,0.0,0.0,0.0,0.0,0.5,0.5,none
B2_PENALTY_118_Ru75Cu25_Hf,3.236261822,3.16642062,0.02373573379749997,-0.9233898889999995,0.021816232,0.375,0.5,0.0,0.0,0.0,0.0,0.0,0.0,0.5,0.5,none
B2_PENALTY_119_Ru62Cu37_Hf,2.568274935,3.16642062,-0.2066061156049997,-0.7996843589999976,-0.208605907,0.3125,0.5,0.0,0.0,0.0,0.0,0.0,0.0,0.5,0.5,none
B2_PENALTY_120_Ru50Cu50_Hf,4.076680397,3.16642062,0.2539904144124996,-0.6773582790000026,0.251345322,0.25,0.5,0.0,0.0,0.0,0.0,0.0,0.0,0.5,0.5,none
B2_PENALTY_121_Ru87Si12_Hf,2.574158138,3.16642062,-0.2052871425700001,-1.089550642000004,-0.206342429,0.4375,0.5,0.0,0.0,0.0,0.0,0.0,0.0,0.5,0.5,none
B2_PENALTY_122_Ru75Si25_Hf,3.248412429,3.16642062,0.025775215965,-1.0097945739701244,0.025563193,0.375,0.5,0.0,0.0,0.0,0.0,0.0,0.0,0.5,0.5,none
B2_PENALTY_123_Ru62Si37_Hf,2.583127124,3.16642062,-0.20165357902500017,-0.9206944270000007,-0.202900653,0.3125,0.5,0.0,0.0,0.0,0.0,0.0,0.0,0.5,0.5,none
B2_PENALTY_124_Ru50Si50_Hf,4.107906653,3.16642062,0.26036538608916704,-0.8383272110000037,0.258851712,0.25,0.5,0.0,0.0,0.0,0.0,0.0,0.0,0.5,0.5,none
B2_MULTI_159_A_Ru87_Al12_B_HfTi,2.518380484,3.16642062,-0.22171889861499972,-0.9951158348858226,-0.227990434,0.4375,0.25,0.25,0.0625,0.0,0.0,0.0,0.0,0.5,0.5,none
B2_MULTI_160_A_Ru75_Al25_B_HfTi,3.186447237,3.16642062,0.00932952967250001,-0.9000343030000024,0.006304748,0.375,0.25,0.25,0.125,0.0,0.0,0.0,0.0,0.5,0.5,secondary_2pct
B2_MULTI_161_A_Ru87_Al12_B_HfZr,2.593983772,3.16642062,-0.2030152443899998,-0.9668944039999964,-0.198748841,0.4375,0.25,0.0,0.0625,0.25,0.0,0.0,0.0,0.5,0.5,none
B2_MULTI_162_A_Ru75_Al25_B_HfZr,3.283818469,3.16642062,0.0357734856950001,-0.8758682595082984,0.036401084,0.375,0.25,0.0,0.125,0.25,0.0,0.0,0.0,0.5,0.5,none
B2_MULTI_163_A_Ru87_Al12_B_HfAl,2.495293785,3.16642062,-0.23305325142000058,-4.954411073999979,-0.237075482,0.25,0.0625,0.0,0.1875,0.0,0.0,0.0,0.0,0.5,0.5,none
B2_MULTI_163_A_Ru87_Al13_B_HfAl,2.494957013,3.16642062,-0.22707969165499983,-1.042495012961614,-0.237208556,0.4375,0.25,0.0,0.3125,0.0,0.0,0.0,0.0,0.5,0.5,none
B2_MULTI_164_A_Ru75_Al25_B_HfAl,3.160855152,3.16642062,0.00081328416,-0.9328003089999964,-0.001759199,0.375,0.25,0.0,0.375,0.0,0.0,0.0,0.0,0.5,0.5,secondary_2pct
B2_014_RuHf,2.571059804,3.27521311,0.1346237673055555,-1.1890361638030011,-0.240889646,0.5,0.5,0.0,0.0,0.0,0.0,0.25,0.0,0.0,0.75,none
B2_TERN_SOL_078_Ru_Hf87_Nb12,2.562008656,3.27521311,-0.2430982536317602,-1.0910112459999959,-0.244364351,0.5,0.4375,0.0,0.0,0.0,0.0,0.25,0.0,0.0,0.75,none
B2_TERN_SOL_079_Ru_Hf75_Nb25,3.221161604,3.27521311,-0.015914654030103906,-0.9908841988318224,-0.016640514,0.5,0.375,0.0,0.0,0.0,0.0,0.25,0.0,0.0,0.75,secondary_2pct
B2_TERN_SOL_080_Ru_Hf87_Mo12,2.554397326,3.27521311,-0.2466472137347145,-1.0115803170000022,-0.247294666,0.5,0.4375,0.0,0.0,0.0,0.0625,0.25,0.0,0.0,0.75,none
B2_TERN_SOL_081_Ru_Hf75_Mo25,3.200127757,3.27521311,-0.018441905250447876,-0.833822359000001,-0.023191166,0.5,0.375,0.0,0.0,0.0,0.125,0.25,0.0,0.0,0.75,secondary_2pct
B2_TERN_SOL_082_Ru_Hf87_Ta12,2.560296043,3.27521311,-0.24367920286595013,-1.1136808880000029,-0.24502303,0.5,0.4375,0.0,0.0,0.0,0.0,0.25,0.0,0.0,0.75,none
B2_TERN_SOL_083_Ru_Hf75_Ta25,3.216563145,3.27521311,-0.01722037627823774,-1.031572072333247,-0.018069004,0.5,0.375,0.0,0.0,0.0,0.0,0.25,0.0,0.0,0.75,secondary_2pct
B2_TERN_SOL_084_Ru_Hf87_W12,2.554348108,3.27521311,-0.24712554225054809,-1.0171735110000026,-0.24731364,0.5,0.4375,0.0,0.0,0.0,0.0,0.25,0.0,0.0,0.75,none
B2_TERN_SOL_085_Ru_Hf75_W25,3.200893611,3.27521311,-0.020874360763783018,-0.8368685089999989,-0.022951907,0.5,0.375,0.0,0.0,0.0,0.0,0.25,0.0,0.0,0.75,none
B2_TERN_SOL_086_Ru_Hf87_V12,2.545970218,3.27521311,-0.24846432650661918,-1.0637350309999953,-0.25054799,0.5,0.4375,0.0,0.0,0.0,0.0,0.25,0.0,0.0,0.75,none
B2_TERN_SOL_087_Ru_Hf75_V25,3.180813173,3.27521311,-0.01869036502356501,-0.9467614393620036,-0.029243975,0.5,0.375,0.0,0.0,0.0,0.0,0.25,0.0,0.0,0.75,secondary_2pct
B2_PENALTY_108_Ru100Al0_Hf,5.135083991,3.27521311,0.1346237673055555,-1.1890361638030011,0.442284228,0.5,0.5,0.0,0.0,0.0,0.0,0.25,0.0,0.0,0.75,none
B2_PENALTY_109_Ru87Al12_Hf,2.578995294,3.27521311,-0.23717327661506002,-1.0644391099999968,-0.237852078,0.4375,0.5,0.0,0.0625,0.0,0.0,0.25,0.0,0.0,0.75,none
B2_PENALTY_110_Ru75Al25_Hf,3.264770933,3.27521311,-0.003739867916666665,-0.9557422499999952,-0.003193334,0.375,0.5,0.0,0.125,0.0,0.0,0.25,0.0,0.0,0.75,secondary_2pct
B2_PENALTY_111_Ru62Al37_Hf,2.60403723,3.27521311,-0.22837284994999968,-0.8428135389999994,-0.228320225,0.3125,0.5,0.0,0.1875,0.0,0.0,0.25,0.0,0.0,0.75,none
B2_PENALTY_112_Ru50Al50_Hf,4.152701731,3.27521311,0.23528647116516596,-0.7296493139999997,0.236267819,0.25,0.5,0.0,0.25,0.0,0.0,0.25,0.0,0.0,0.75,none
B2_PENALTY_113_Ru87Cr12_Hf,2.562502587,3.27521311,-0.24310880401166646,-1.035615576999996,-0.244174455,0.4375,0.5,0.0,0.0,0.0,0.0,0.25,0.0,0.0,0.75,none
B2_PENALTY_114_Ru75Cr25_Hf,3.225424668,3.27521311,-0.008953846326666667,-0.878162691,-0.015318018,0.375,0.5,0.0,0.0,0.0,0.0,0.25,0.0,0.0,0.75,secondary_2pct
B2_PENALTY_115_Ru62Cr37_Hf,2.556723432,3.27521311,-0.24462664154299937,-0.716377173,-0.246398318,0.3125,0.5,0.0,0.0,0.0,0.0,0.25,0.0,0.0,0.75,none
B2_PENALTY_116_Ru50Cr50_Hf,4.053567315,3.27521311,0.21502245814742846,-0.5527963570000015,0.212410295,0.25,0.5,0.0,0.0,0.0,0.0,0.25,0.0,0.0,0.75,none
B2_PENALTY_117_Ru87Cu12_Hf,2.569438099,3.27521311,-0.24045226811523818,-1.0451929749999984,-0.241511422,0.4375,0.5,0.0,0.0,0.0,0.0,0.25,0.0,0.0,0.75,none
B2_PENALTY_118_Ru75Cu25_Hf,3.236261822,3.27521311,-0.00993441240666665,-0.9233898889999995,-0.011963891,0.375,0.5,0.0,0.0,0.0,0.0,0.25,0.0,0.0,0.75,secondary_2pct
B2_PENALTY_119_Ru62Cu37_Hf,2.568274935,3.27521311,-0.2384799924874999,-0.7996843589999976,-0.241957601,0.3125,0.5,0.0,0.0,0.0,0.0,0.25,0.0,0.0,0.75,none
B2_PENALTY_120_Ru50Cu50_Hf,4.076680397,3.27521311,0.21942009313471403,-0.6773582790000026,0.218030168,0.25,0.5,0.0,0.0,0.0,0.0,0.25,0.0,0.0,0.75,none
B2_PENALTY_121_Ru87Si12_Hf,2.574158138,3.27521311,-0.23996686818249965,-1.089550642000004,-0.239702677,0.4375,0.5,0.0,0.0,0.0,0.0,0.25,0.0,0.0,0.75,none
B2_PENALTY_122_Ru75Si25_Hf,3.248412429,3.27521311,-0.0058252779016666634,-1.0097945739701244,-0.008216499,0.375,0.5,0.0,0.0,0.0,0.0,0.25,0.0,0.0,0.75,secondary_2pct
B2_PENALTY_123_Ru62Si37_Hf,2.583127124,3.27521311,-0.23412673222799987,-0.9206944270000007,-0.236273743,0.3125,0.5,0.0,0.0,0.0,0.0,0.25,0.0,0.0,0.75,none
B2_PENALTY_124_Ru50Si50_Hf,4.107906653,3.27521311,0.22608772072528574,-0.8383272110000037,0.225566852,0.25,0.5,0.0,0.0,0.0,0.0,0.25,0.0,0.0,0.75,none
B2_MULTI_159_A_Ru87_Al12_B_HfTi,2.518380484,3.27521311,-0.26072709302499963,-0.9951158348858226,-0.261265349,0.4375,0.25,0.25,0.0625,0.0,0.0,0.25,0.0,0.0,0.75,none
B2_MULTI_160_A_Ru75_Al25_B_HfTi,3.186447237,3.27521311,-0.027193462649999986,-0.9000343030000024,-0.027474633,0.375,0.25,0.25,0.125,0.0,0.0,0.25,0.0,0.0,0.75,none
B2_MULTI_161_A_Ru87_Al12_B_HfZr,2.593983772,3.27521311,-0.23204365956208317,-0.9668944039999964,-0.232137157,0.4375,0.25,0.0,0.0625,0.25,0.0,0.25,0.0,0.0,0.75,none
B2_MULTI_162_A_Ru75_Al25_B_HfZr,3.283818469,3.27521311,0.0035204221974999912,-0.8758682595082984,0.002623972,0.375,0.25,0.0,0.125,0.25,0.0,0.25,0.0,0.0,0.75,secondary_2pct
B2_MULTI_163_A_Ru87_Al12_B_HfAl,2.495293785,3.27521311,-0.2718787352349997,-4.954411073999979,-0.270312241,0.25,0.0625,0.0,0.1875,0.0,0.0,0.25,0.0,0.0,0.75,none
B2_MULTI_163_A_Ru87_Al13_B_HfAl,2.494957013,3.27521311,-0.2700145538450004,-1.042495012961614,-0.270444746,0.4375,0.25,0.0,0.3125,0.0,0.0,0.25,0.0,0.0,0.75,none
B2_MULTI_164_A_Ru75_Al25_B_HfAl,3.160855152,3.27521311,-0.03345225366000006,-0.9328003089999964,-0.03553659,0.375,0.25,0.0,0.375,0.0,0.0,0.25,0.0,0.0,0.75,none
B2_014_RuHf,2.571059804,3.31909493,0.06963900345699997,-1.1891945740940006,-0.253995068,0.5,0.5,0.0,0.0,0.0,0.0,0.0,0.25,0.0,0.75,none
B2_TERN_SOL_078_Ru_Hf87_Nb12,2.562008656,3.31909493,-0.25733835219734547,-1.0910112459999959,-0.257464016,0.5,0.4375,0.0,0.0,0.0,0.0,0.0,0.25,0.0,0.75,none
B2_TERN_SOL_079_Ru_Hf75_Nb25,3.221161604,3.31909493,-0.03104557557668335,-0.9908841988318224,-0.029947855,0.5,0.375,0.0,0.0,0.0,0.0,0.0,0.25,0.0,0.75,none
B2_TERN_SOL_080_Ru_Hf87_Mo12,2.554397326,3.31909493,-0.2589326238904922,-1.0115803170000022,-0.260389414,0.5,0.4375,0.0,0.0,0.0,0.0625,0.0,0.25,0.0,0.75,none
B2_TERN_SOL_081_Ru_Hf75_Mo25,3.200127757,3.31909493,-0.033152663998811,-0.833822359000001,-0.036497349,0.5,0.375,0.0,0.0,0.0,0.125,0.0,0.25,0.0,0.75,none
B2_TERN_SOL_082_Ru_Hf87_Ta12,2.560296043,3.31909493,-0.25713185135378575,-1.1136808880000029,-0.258121595,0.5,0.4375,0.0,0.0,0.0,0.0,0.0,0.25,0.0,0.75,none
B2_TERN_SOL_083_Ru_Hf75_Ta25,3.216563145,3.31909493,-0.03140392402702226,-1.031572072333247,-0.031376117,0.5,0.375,0.0,0.0,0.0,0.0,0.0,0.25,0.0,0.75,none
B2_TERN_SOL_084_Ru_Hf87_W12,2.554348108,3.31909493,-0.2589075165619799,-1.0171735110000026,-0.260408356,0.5,0.4375,0.0,0.0,0.0,0.0,0.0,0.25,0.0,0.75,none
B2_TERN_SOL_085_Ru_Hf75_W25,3.200893611,3.31909493,-0.033167471749167746,-0.8368685089999989,-0.036258137,0.5,0.375,0.0,0.0,0.0,0.0,0.0,0.25,0.0,0.75,none
B2_TERN_SOL_086_Ru_Hf87_V12,2.545970218,3.31909493,-0.2625190864532374,-1.0637350309999953,-0.263637212,0.5,0.4375,0.0,0.0,0.0,0.0,0.0,0.25,0.0,0.75,none
B2_TERN_SOL_087_Ru_Hf75_V25,3.180813173,3.31909493,-0.03484579175589472,-0.9467614393620036,-0.042548834,0.5,0.375,0.0,0.0,0.0,0.0,0.0,0.25,0.0,0.75,none
B2_PENALTY_108_Ru100Al0_Hf,5.135083991,3.31909493,0.06963900345699997,-1.1891945740940006,0.429607435,0.5,0.5,0.0,0.0,0.0,0.0,0.0,0.25,0.0,0.75,none
B2_PENALTY_109_Ru87Al12_Hf,2.578995294,3.31909493,-0.25070576199316696,-1.0644391099999968,-0.250962467,0.4375,0.5,0.0,0.0625,0.0,0.0,0.0,0.25,0.0,0.75,none
B2_PENALTY_110_Ru75Al25_Hf,3.264770933,3.31909493,-0.016621036376805568,-0.9557422499999952,-0.016502158,0.375,0.5,0.0,0.125,0.0,0.0,0.0,0.25,0.0,0.75,secondary_2pct
B2_PENALTY_111_Ru62Al37_Hf,2.60403723,3.31909493,-0.2394410583766663,-0.8428135389999994,-0.241445803,0.3125,0.5,0.0,0.1875,0.0,0.0,0.0,0.25,0.0,0.75,none
B2_PENALTY_112_Ru50Al50_Hf,4.152701731,3.31909493,0.2273904682367499,-0.7296493139999997,0.223134231,0.25,0.5,0.0,0.25,0.0,0.0,0.0,0.25,0.0,0.75,none
B2_PENALTY_113_Ru87Cr12_Hf,2.562502587,3.31909493,-0.2563069269271669,-1.035615576999996,-0.257274436,0.4375,0.5,0.0,0.0,0.0,0.0,0.0,0.25,0.0,0.75,none
B2_PENALTY_114_Ru75Cr25_Hf,3.225424668,3.31909493,-0.023637271213333307,-0.878162691,-0.028625558,0.375,0.5,0.0,0.0,0.0,0.0,0.0,0.25,0.0,0.75,none
B2_PENALTY_115_Ru62Cr37_Hf,2.556723432,3.31909493,-0.257398681251334,-0.716377173,-0.259494576,0.3125,0.5,0.0,0.0,0.0,0.0,0.0,0.25,0.0,0.75,none
B2_PENALTY_116_Ru50Cr50_Hf,4.053567315,3.31909493,0.20057682144483746,-0.5527963570000015,0.199242108,0.25,0.5,0.0,0.0,0.0,0.0,0.0,0.25,0.0,0.75,none
B2_PENALTY_117_Ru87Cu12_Hf,2.569438099,3.31909493,-0.253699228562313,-1.0451929749999984,-0.254615819,0.4375,0.5,0.0,0.0,0.0,0.0,0.0,0.25,0.0,0.75,none
B2_PENALTY_118_Ru75Cu25_Hf,3.236261822,3.31909493,-0.024245911396249997,-0.9233898889999995,-0.025271884,0.375,0.5,0.0,0.0,0.0,0.0,0.0,0.25,0.0,0.75,none
B2_PENALTY_119_Ru62Cu37_Hf,2.568274935,3.31909493,-0.25357989027583305,-0.7996843589999976,-0.255061262,0.3125,0.5,0.0,0.0,0.0,0.0,0.0,0.25,0.0,0.75,none
B2_PENALTY_120_Ru50Cu50_Hf,4.076680397,3.31909493,0.20559658901089878,-0.6773582790000026,0.204869789,0.25,0.5,0.0,0.0,0.0,0.0,0.0,0.25,0.0,0.75,none
B2_PENALTY_121_Ru87Si12_Hf,2.574158138,3.31909493,-0.25233339776499997,-1.089550642000004,-0.252810047,0.4375,0.5,0.0,0.0,0.0,0.0,0.0,0.25,0.0,0.75,none
B2_PENALTY_122_Ru75Si25_Hf,3.248412429,3.31909493,-0.02064965058410711,-1.0097945739701244,-0.02152491,0.375,0.5,0.0,0.0,0.0,0.0,0.0,0.25,0.0,0.75,none
B2_PENALTY_123_Ru62Si37_Hf,2.583127124,3.31909493,-0.24890572351383372,-0.9206944270000007,-0.249386688,0.3125,0.5,0.0,0.0,0.0,0.0,0.0,0.25,0.0,0.75,none
B2_PENALTY_124_Ru50Si50_Hf,4.107906653,3.31909493,0.21782787555058397,-0.8383272110000037,0.212417276,0.25,0.5,0.0,0.0,0.0,0.0,0.0,0.25,0.0,0.75,none
B2_MULTI_159_A_Ru87_Al12_B_HfTi,2.518380484,3.31909493,-0.27247867761366645,-0.9951158348858226,-0.274335869,0.4375,0.25,0.25,0.0625,0.0,0.0,0.0,0.25,0.0,0.75,none
B2_MULTI_160_A_Ru75_Al25_B_HfTi,3.186447237,3.31909493,-0.03905843128099996,-0.9000343030000024,-0.040779904,0.375,0.25,0.25,0.125,0.0,0.0,0.0,0.25,0.0,0.75,none
B2_MULTI_161_A_Ru87_Al12_B_HfZr,2.593983772,3.31909493,-0.2448275458333065,-0.9668944039999964,-0.245256725,0.4375,0.25,0.0,0.0625,0.25,0.0,0.0,0.25,0.0,0.75,none
B2_MULTI_162_A_Ru75_Al25_B_HfZr,3.283818469,3.31909493,-0.007747055464999988,-0.8758682595082984,-0.01068512,0.375,0.25,0.0,0.125,0.25,0.0,0.0,0.25,0.0,0.75,secondary_2pct
B2_MULTI_163_A_Ru87_Al12_B_HfAl,2.495293785,3.31909493,-0.28072096789500034,-4.954411073999979,-0.283366381,0.25,0.0625,0.0,0.1875,0.0,0.0,0.0,0.25,0.0,0.75,none
B2_MULTI_163_A_Ru87_Al13_B_HfAl,2.494957013,3.31909493,-0.2816421484066672,-1.042495012961614,-0.283498643,0.4375,0.25,0.0,0.3125,0.0,0.0,0.0,0.25,0.0,0.75,none
B2_MULTI_164_A_Ru75_Al25_B_HfAl,3.160855152,3.31909493,-0.04738160086000005,-0.9328003089999964,-0.048839814,0.375,0.25,0.0,0.375,0.0,0.0,0.0,0.25,0.0,0.75,none
B2_014_RuHf,2.571059804,3.24817106,0.09698149970868648,-1.1891403758139651,-0.232715035,0.5,0.5,0.0,0.0,0.0,0.0,0.0,0.0,0.25,0.75,none
B2_TERN_SOL_078_Ru_Hf87_Nb12,2.562008656,3.24817106,-0.2361941356156551,-1.0910112459999959,-0.236193177,0.5,0.4375,0.0,0.0,0.0,0.0,0.0,0.0,0.25,0.75,none
B2_TERN_SOL_079_Ru_Hf75_Nb25,3.221161604,3.24817106,-0.011621308658457253,-0.9908841988318224,-0.008349998,0.5,0.375,0.0,0.0,0.0,0.0,0.0,0.0,0.25,0.75,secondary_2pct
B2_TERN_SOL_080_Ru_Hf87_Mo12,2.554397326,3.24817106,-0.23777412067929204,-1.0115803170000022,-0.239126431,0.5,0.4375,0.0,0.0,0.0,0.0625,0.0,0.0,0.25,0.75,none
B2_TERN_SOL_081_Ru_Hf75_Mo25,3.200127757,3.24817106,-0.012931126866779613,-0.833822359000001,-0.014901078,0.5,0.375,0.0,0.0,0.0,0.125,0.0,0.0,0.25,0.75,secondary_2pct
B2_TERN_SOL_082_Ru_Hf87_Ta12,2.560296043,3.24817106,-0.23660623119232174,-1.1136808880000029,-0.236852514,0.5,0.4375,0.0,0.0,0.0,0.0,0.0,0.0,0.25,0.75,none
B2_TERN_SOL_083_Ru_Hf75_Ta25,3.216563145,3.24817106,-0.012922443700177701,-1.031572072333247,-0.009778566,0.5,0.375,0.0,0.0,0.0,0.0,0.0,0.0,0.25,0.75,secondary_2pct
B2_TERN_SOL_084_Ru_Hf87_W12,2.554348108,3.24817106,-0.23803160812054194,-1.0171735110000026,-0.239145424,0.5,0.4375,0.0,0.0,0.0,0.0,0.0,0.0,0.25,0.75,none
B2_TERN_SOL_085_Ru_Hf75_W25,3.200893611,3.24817106,-0.013348524285151058,-0.8368685089999989,-0.0146618,0.5,0.375,0.0,0.0,0.0,0.0,0.0,0.0,0.25,0.75,secondary_2pct
B2_TERN_SOL_086_Ru_Hf87_V12,2.545970218,3.24817106,-0.24043515427803885,-1.0637350309999953,-0.242383058,0.5,0.4375,0.0,0.0,0.0,0.0,0.0,0.0,0.25,0.75,none
B2_TERN_SOL_087_Ru_Hf75_V25,3.180813173,3.24817106,-0.01731862142299222,-0.9467614393620036,-0.020954441,0.5,0.375,0.0,0.0,0.0,0.0,0.0,0.0,0.25,0.75,secondary_2pct
B2_PENALTY_108_Ru100Al0_Hf,5.135083991,3.24817106,0.09698149970868648,-1.1891403758139651,0.450162358,0.5,0.5,0.0,0.0,0.0,0.0,0.0,0.0,0.25,0.75,none
B2_PENALTY_109_Ru87Al12_Hf,2.578995294,3.24817106,-0.2300200833600009,-1.0644391099999968,-0.229674502,0.4375,0.5,0.0,0.0625,0.0,0.0,0.0,0.0,0.25,0.75,none
B2_PENALTY_110_Ru75Al25_Hf,3.264770933,3.24817106,0.0029488185570833297,-0.9557422499999952,0.005097504,0.375,0.5,0.0,0.125,0.0,0.0,0.0,0.0,0.25,0.75,secondary_2pct
B2_PENALTY_111_Ru62Al37_Hf,2.60403723,3.24817106,-0.2215262928850001,-0.8428135389999994,-0.220133597,0.3125,0.5,0.0,0.1875,0.0,0.0,0.0,0.0,0.25,0.75,none
B2_PENALTY_112_Ru50Al50_Hf,4.152701731,3.24817106,0.2425519381859991,-0.7296493139999997,0.244438919,0.25,0.5,0.0,0.25,0.0,0.0,0.0,0.0,0.25,0.75,none
B2_PENALTY_113_Ru87Cr12_Hf,2.562502587,3.24817106,-0.23627087306249983,-1.035615576999996,-0.236003092,0.4375,0.5,0.0,0.0,0.0,0.0,0.0,0.0,0.25,0.75,none
B2_PENALTY_114_Ru75Cr25_Hf,3.225424668,3.24817106,-0.004526053442916663,-0.878162691,-0.007027437,0.375,0.5,0.0,0.0,0.0,0.0,0.0,0.0,0.25,0.75,secondary_2pct
B2_PENALTY_115_Ru62Cr37_Hf,2.556723432,3.24817106,-0.23505813906999978,-0.716377173,-0.23822918,0.3125,0.5,0.0,0.0,0.0,0.0,0.0,0.0,0.25,0.75,none
B2_PENALTY_116_Ru50Cr50_Hf,4.053567315,3.24817106,0.22195201631191694,-0.5527963570000015,0.220603975,0.25,0.5,0.0,0.0,0.0,0.0,0.0,0.0,0.25,0.75,none
B2_PENALTY_117_Ru87Cu12_Hf,2.569438099,3.24817106,-0.23341804526749996,-1.0451929749999984,-0.233337422,0.4375,0.5,0.0,0.0,0.0,0.0,0.0,0.0,0.25,0.75,none
B2_PENALTY_118_Ru75Cu25_Hf,3.236261822,3.24817106,-0.0021312465529166684,-0.9233898889999995,-0.003673178,0.375,0.5,0.0,0.0,0.0,0.0,0.0,0.0,0.25,0.75,secondary_2pct
B2_PENALTY_119_Ru62Cu37_Hf,2.568274935,3.24817106,-0.23051658001999997,-0.7996843589999976,-0.233784041,0.3125,0.5,0.0,0.0,0.0,0.0,0.0,0.0,0.25,0.75,none
B2_PENALTY_120_Ru50Cu50_Hf,4.076680397,3.24817106,0.22659568260243979,-0.6773582790000026,0.226218741,0.25,0.5,0.0,0.0,0.0,0.0,0.0,0.0,0.25,0.75,none
B2_PENALTY_121_Ru87Si12_Hf,2.574158138,3.24817106,-0.23477421779749988,-1.089550642000004,-0.231526902,0.4375,0.5,0.0,0.0,0.0,0.0,0.0,0.0,0.25,0.75,none
B2_PENALTY_122_Ru75Si25_Hf,3.248412429,3.24817106,-5.51455416666666e-05,-1.0097945739701244,7.43e-05,0.375,0.5,0.0,0.0,0.0,0.0,0.0,0.0,0.25,0.75,secondary_2pct
B2_PENALTY_123_Ru62Si37_Hf,2.583127124,3.24817106,-0.22859709914500012,-0.9206944270000007,-0.228094642,0.3125,0.5,0.0,0.0,0.0,0.0,0.0,0.0,0.25,0.75,none
B2_PENALTY_124_Ru50Si50_Hf,4.107906653,3.24817106,0.23370247125066612,-0.8383272110000037,0.233748371,0.25,0.5,0.0,0.0,0.0,0.0,0.0,0.0,0.25,0.75,none
B2_MULTI_159_A_Ru87_Al12_B_HfTi,2.518380484,3.24817106,-0.25401629800000053,-0.9951158348858226,-0.253111611,0.4375,0.25,0.25,0.0625,0.0,0.0,0.0,0.0,0.25,0.75,none
B2_MULTI_160_A_Ru75_Al25_B_HfTi,3.186447237,3.24817106,-0.01990289832999995,-0.9000343030000024,-0.019184921,0.375,0.25,0.25,0.125,0.0,0.0,0.0,0.0,0.25,0.75,secondary_2pct
B2_MULTI_161_A_Ru87_Al12_B_HfZr,2.593983772,3.24817106,-0.22451626894744098,-0.9668944039999964,-0.223954108,0.4375,0.25,0.0,0.0625,0.25,0.0,0.0,0.0,0.25,0.75,none
B2_MULTI_162_A_Ru75_Al25_B_HfZr,3.283818469,3.24817106,0.00948812296999998,-0.8758682595082984,0.010914717,0.375,0.25,0.0,0.125,0.25,0.0,0.0,0.0,0.25,0.75,secondary_2pct
B2_MULTI_163_A_Ru87_Al12_B_HfAl,2.495293785,3.24817106,-0.26748099718000046,-4.954411073999979,-0.262168324,0.25,0.0625,0.0,0.1875,0.0,0.0,0.0,0.0,0.25,0.75,none
B2_MULTI_163_A_Ru87_Al13_B_HfAl,2.494957013,3.24817106,-0.2625977169850005,-1.042495012961614,-0.262300975,0.4375,0.25,0.0,0.3125,0.0,0.0,0.0,0.0,0.25,0.75,none
B2_MULTI_164_A_Ru75_Al25_B_HfAl,3.160855152,3.24817106,-0.025678840429999947,-0.9328003089999964,-0.027247792,0.375,0.25,0.0,0.375,0.0,0.0,0.0,0.0,0.25,0.75,none
B2_014_RuHf,2.571059804,3.07386981,0.13526381608775018,-1.1893140848165005,-0.178145713,0.5,0.5,0.0,0.0,0.0,0.0,0.0,0.25,0.75,0.0,none
B2_TERN_SOL_078_Ru_Hf87_Nb12,2.562008656,3.07386981,-0.18319386926575398,-1.0910112459999959,-0.181643787,0.5,0.4375,0.0,0.0,0.0,0.0,0.0,0.25,0.75,0.0,none
B2_TERN_SOL_079_Ru_Hf75_Nb25,3.221161604,3.07386981,0.044672853925720964,-0.9908841988318224,0.046796206,0.5,0.375,0.0,0.0,0.0,0.0,0.0,0.25,0.75,0.0,none
B2_TERN_SOL_080_Ru_Hf87_Mo12,2.554397326,3.07386981,-0.1894553980019445,-1.0115803170000022,-0.184594111,0.5,0.4375,0.0,0.0,0.0,0.0625,0.0,0.25,0.75,0.0,none
B2_TERN_SOL_081_Ru_Hf75_Mo25,3.200127757,3.07386981,0.042412560116590996,-0.833822359000001,0.040248006,0.5,0.375,0.0,0.0,0.0,0.125,0.0,0.25,0.75,0.0,none
B2_TERN_SOL_082_Ru_Hf87_Ta12,2.560296043,3.07386981,-0.18247976395575388,-1.1136808880000029,-0.18230694,0.5,0.4375,0.0,0.0,0.0,0.0,0.0,0.25,0.75,0.0,none
B2_TERN_SOL_083_Ru_Hf75_Ta25,3.216563145,3.07386981,0.043720103624938444,-1.031572072333247,0.045368367,0.5,0.375,0.0,0.0,0.0,0.0,0.0,0.25,0.75,0.0,none
B2_TERN_SOL_084_Ru_Hf87_W12,2.554348108,3.07386981,-0.18750668914444424,-1.0171735110000026,-0.184613215,0.5,0.4375,0.0,0.0,0.0,0.0,0.0,0.25,0.75,0.0,none
B2_TERN_SOL_085_Ru_Hf75_W25,3.200893611,3.07386981,0.03948978428247188,-0.8368685089999989,0.0404872,0.5,0.375,0.0,0.0,0.0,0.0,0.0,0.25,0.75,0.0,none
B2_TERN_SOL_086_Ru_Hf87_V12,2.545970218,3.07386981,-0.18728039164694454,-1.0637350309999953,-0.187869971,0.5,0.4375,0.0,0.0,0.0,0.0,0.0,0.25,0.75,0.0,none
B2_TERN_SOL_087_Ru_Hf75_V25,3.180813173,3.07386981,0.03270995358506394,-0.9467614393620036,0.034196254,0.5,0.375,0.0,0.0,0.0,0.0,0.0,0.25,0.75,0.0,none
B2_PENALTY_108_Ru100Al0_Hf,5.135083991,3.07386981,0.13526381608775018,-1.1893140848165005,0.502186815,0.5,0.5,0.0,0.0,0.0,0.0,0.0,0.25,0.75,0.0,none
B2_PENALTY_109_Ru87Al12_Hf,2.578995294,3.07386981,-0.1756444536300005,-1.0644391099999968,-0.175088033,0.4375,0.5,0.0,0.0625,0.0,0.0,0.0,0.25,0.75,0.0,none
B2_PENALTY_110_Ru75Al25_Hf,3.264770933,3.07386981,0.05945541685899983,-0.9557422499999952,0.060234088,0.375,0.5,0.0,0.125,0.0,0.0,0.0,0.25,0.75,0.0,none
B2_PENALTY_111_Ru62Al37_Hf,2.60403723,3.07386981,-0.17031584421749987,-0.8428135389999994,-0.165494988,0.3125,0.5,0.0,0.1875,0.0,0.0,0.0,0.25,0.75,0.0,none
B2_PENALTY_112_Ru50Al50_Hf,4.152701731,3.07386981,0.29576002416849956,-0.7296493139999997,0.29857365,0.25,0.5,0.0,0.25,0.0,0.0,0.0,0.25,0.75,0.0,none
B2_PENALTY_113_Ru87Cr12_Hf,2.562502587,3.07386981,-0.18140918194000022,-1.035615576999996,-0.181452604,0.4375,0.5,0.0,0.0,0.0,0.0,0.0,0.25,0.75,0.0,none
B2_PENALTY_114_Ru75Cr25_Hf,3.225424668,3.07386981,0.052216275319999984,-0.878162691,0.048118042,0.375,0.5,0.0,0.0,0.0,0.0,0.0,0.25,0.75,0.0,none
B2_PENALTY_115_Ru62Cr37_Hf,2.556723432,3.07386981,-0.17983321157750026,-0.716377173,-0.183691613,0.3125,0.5,0.0,0.0,0.0,0.0,0.0,0.25,0.75,0.0,none
B2_PENALTY_116_Ru50Cr50_Hf,4.053567315,3.07386981,0.2764149347413335,-0.5527963570000015,0.274908775,0.25,0.5,0.0,0.0,0.0,0.0,0.0,0.25,0.75,0.0,none
B2_PENALTY_117_Ru87Cu12_Hf,2.569438099,3.07386981,-0.1785601130975003,-1.0451929749999984,-0.178771642,0.4375,0.5,0.0,0.0,0.0,0.0,0.0,0.25,0.75,0.0,none
B2_PENALTY_118_Ru75Cu25_Hf,3.236261822,3.07386981,0.05407196246212492,-0.9233898889999995,0.051470245,0.375,0.5,0.0,0.0,0.0,0.0,0.0,0.25,0.75,0.0,none
B2_PENALTY_119_Ru62Cu37_Hf,2.568274935,3.07386981,-0.17818917926999997,-0.7996843589999976,-0.17922081,0.3125,0.5,0.0,0.0,0.0,0.0,0.0,0.25,0.75,0.0,none
B2_PENALTY_120_Ru50Cu50_Hf,4.076680397,3.07386981,0.28148782683133383,-0.6773582790000026,0.280484874,0.25,0.5,0.0,0.0,0.0,0.0,0.0,0.25,0.75,0.0,none
B2_PENALTY_121_Ru87Si12_Hf,2.574158138,3.07386981,-0.17734620497249998,-1.089550642000004,-0.17695085,0.4375,0.5,0.0,0.0,0.0,0.0,0.0,0.25,0.75,0.0,none
B2_PENALTY_122_Ru75Si25_Hf,3.248412429,3.07386981,0.055820045154791734,-1.0097945739701244,0.055215067,0.375,0.5,0.0,0.0,0.0,0.0,0.0,0.25,0.75,0.0,none
B2_PENALTY_123_Ru62Si37_Hf,2.583127124,3.07386981,-0.1739411515600004,-0.9206944270000007,-0.173499364,0.3125,0.5,0.0,0.0,0.0,0.0,0.0,0.25,0.75,0.0,none
B2_PENALTY_124_Ru50Si50_Hf,4.107906653,3.07386981,0.28810487221166614,-0.8383272110000037,0.2879613,0.25,0.5,0.0,0.0,0.0,0.0,0.0,0.25,0.75,0.0,none
B2_MULTI_159_A_Ru87_Al12_B_HfTi,2.518380484,3.07386981,-0.1981415881449999,-0.9951158348858226,-0.198663971,0.4375,0.25,0.25,0.0625,0.0,0.0,0.0,0.25,0.75,0.0,none
B2_MULTI_160_A_Ru75_Al25_B_HfTi,3.186447237,3.07386981,0.03677345661500003,-0.9000343030000024,0.035965408,0.375,0.25,0.25,0.125,0.0,0.0,0.0,0.25,0.75,0.0,none
B2_MULTI_161_A_Ru87_Al12_B_HfZr,2.593983772,3.07386981,-0.1700989473700002,-0.9668944039999964,-0.169336074,0.4375,0.25,0.0,0.0625,0.25,0.0,0.0,0.25,0.75,0.0,none
B2_MULTI_162_A_Ru75_Al25_B_HfZr,3.283818469,3.07386981,0.06543506098899994,-0.8758682595082984,0.066045597,0.375,0.25,0.0,0.125,0.25,0.0,0.0,0.25,0.75,0.0,none
B2_MULTI_163_A_Ru87_Al12_B_HfAl,2.495293785,3.07386981,-0.2176973167750003,-4.954411073999979,-0.207778427,0.25,0.0625,0.0,0.1875,0.0,0.0,0.0,0.25,0.75,0.0,none
B2_MULTI_163_A_Ru87_Al13_B_HfAl,2.494957013,3.07386981,-0.2045893590200002,-1.042495012961614,-0.207911941,0.4375,0.25,0.0,0.3125,0.0,0.0,0.0,0.25,0.75,0.0,none
B2_MULTI_164_A_Ru75_Al25_B_HfAl,3.160855152,3.07386981,0.029187290075000042,-0.9328003089999964,0.027903506,0.375,0.25,0.0,0.375,0.0,0.0,0.0,0.25,0.75,0.0,none
B2_014_RuHf,2.571059804,3.15902895,0.11497572998474997,-1.1891587208772512,-0.205221654,0.5,0.5,0.0,0.0,0.0,0.0,0.0,0.5,0.5,0.0,none
B2_TERN_SOL_078_Ru_Hf87_Nb12,2.562008656,3.15902895,-0.2091110886744658,-1.0910112459999959,-0.208710495,0.5,0.4375,0.0,0.0,0.0,0.0,0.0,0.5,0.5,0.0,none
B2_TERN_SOL_079_Ru_Hf75_Nb25,3.221161604,3.15902895,0.016814006683397494,-0.9908841988318224,0.019476739,0.5,0.375,0.0,0.0,0.0,0.0,0.0,0.5,0.5,0.0,secondary_2pct
B2_TERN_SOL_080_Ru_Hf87_Mo12,2.554397326,3.15902895,-0.20983668383695672,-1.0115803170000022,-0.211652901,0.5,0.4375,0.0,0.0,0.0,0.0625,0.0,0.5,0.5,0.0,none
B2_TERN_SOL_081_Ru_Hf75_Mo25,3.200127757,3.15902895,0.015578792454484805,-0.833822359000001,0.012925867,0.5,0.375,0.0,0.0,0.0,0.125,0.0,0.5,0.5,0.0,secondary_2pct
B2_TERN_SOL_082_Ru_Hf87_Ta12,2.560296043,3.15902895,-0.20953987290346596,-1.1136808880000029,-0.209371878,0.5,0.4375,0.0,0.0,0.0,0.0,0.0,0.5,0.5,0.0,none
B2_TERN_SOL_083_Ru_Hf75_Ta25,3.216563145,3.15902895,0.016167875464924562,-1.031572072333247,0.018048267,0.5,0.375,0.0,0.0,0.0,0.0,0.0,0.5,0.5,0.0,secondary_2pct
B2_TERN_SOL_084_Ru_Hf87_W12,2.554348108,3.15902895,-0.20883478947195677,-1.0171735110000026,-0.211671954,0.5,0.4375,0.0,0.0,0.0,0.0,0.0,0.5,0.5,0.0,none
B2_TERN_SOL_085_Ru_Hf75_W25,3.200893611,3.15902895,0.015521992131373676,-0.8368685089999989,0.013165148,0.5,0.375,0.0,0.0,0.0,0.0,0.0,0.5,0.5,0.0,secondary_2pct
B2_TERN_SOL_086_Ru_Hf87_V12,2.545970218,3.15902895,-0.21249193820516052,-1.0637350309999953,-0.214919832,0.5,0.4375,0.0,0.0,0.0,0.0,0.0,0.5,0.5,0.0,none
B2_TERN_SOL_087_Ru_Hf75_V25,3.180813173,3.15902895,0.007908966398281335,-0.9467614393620036,0.006872166,0.5,0.375,0.0,0.0,0.0,0.0,0.0,0.5,0.5,0.0,secondary_2pct
B2_PENALTY_108_Ru100Al0_Hf,5.135083991,3.15902895,0.11497572998474997,-1.1891587208772512,0.476495812,0.5,0.5,0.0,0.0,0.0,0.0,0.0,0.5,0.5,0.0,none
B2_PENALTY_109_Ru87Al12_Hf,2.578995294,3.15902895,-0.20224327891499957,-1.0644391099999968,-0.202171908,0.4375,0.5,0.0,0.0625,0.0,0.0,0.0,0.5,0.5,0.0,none
B2_PENALTY_110_Ru75Al25_Hf,3.264770933,3.15902895,0.028172140330000008,-0.9557422499999952,0.032921942,0.375,0.5,0.0,0.125,0.0,0.0,0.0,0.5,0.5,0.0,none
B2_PENALTY_111_Ru62Al37_Hf,2.60403723,3.15902895,-0.19357046087000032,-0.8428135389999994,-0.192602931,0.3125,0.5,0.0,0.1875,0.0,0.0,0.0,0.5,0.5,0.0,none
B2_PENALTY_112_Ru50Al50_Hf,4.152701731,3.15902895,0.26874104696249984,-0.7296493139999997,0.271802347,0.25,0.5,0.0,0.25,0.0,0.0,0.0,0.5,0.5,0.0,none
B2_PENALTY_113_Ru87Cr12_Hf,2.562502587,3.15902895,-0.20733478068499953,-1.035615576999996,-0.20851982,0.4375,0.5,0.0,0.0,0.0,0.0,0.0,0.5,0.5,0.0,none
B2_PENALTY_114_Ru75Cr25_Hf,3.225424668,3.15902895,0.021821690950000014,-0.878162691,0.020799186,0.375,0.5,0.0,0.0,0.0,0.0,0.0,0.5,0.5,0.0,none
B2_PENALTY_115_Ru62Cr37_Hf,2.556723432,3.15902895,-0.2039797163100001,-0.716377173,-0.210752838,0.3125,0.5,0.0,0.0,0.0,0.0,0.0,0.5,0.5,0.0,none
B2_PENALTY_116_Ru50Cr50_Hf,4.053567315,3.15902895,0.2523805795110003,-0.5527963570000015,0.248048922,0.25,0.5,0.0,0.0,0.0,0.0,0.0,0.5,0.5,0.0,none
B2_PENALTY_117_Ru87Cu12_Hf,2.569438099,3.15902895,-0.20515702548999992,-1.0451929749999984,-0.205845943,0.4375,0.5,0.0,0.0,0.0,0.0,0.0,0.5,0.5,0.0,none
B2_PENALTY_118_Ru75Cu25_Hf,3.236261822,3.15902895,0.02473046959249998,-0.9233898889999995,0.024153045,0.375,0.5,0.0,0.0,0.0,0.0,0.0,0.5,0.5,0.0,none
B2_PENALTY_119_Ru62Cu37_Hf,2.568274935,3.15902895,-0.20439064726999978,-0.7996843589999976,-0.206293931,0.3125,0.5,0.0,0.0,0.0,0.0,0.0,0.5,0.5,0.0,none
B2_PENALTY_120_Ru50Cu50_Hf,4.076680397,3.15902895,0.2549266939224994,-0.6773582790000026,0.253645193,0.25,0.5,0.0,0.0,0.0,0.0,0.0,0.5,0.5,0.0,none
B2_PENALTY_121_Ru87Si12_Hf,2.574158138,3.15902895,-0.20357267958999992,-1.089550642000004,-0.204029906,0.4375,0.5,0.0,0.0,0.0,0.0,0.0,0.5,0.5,0.0,none
B2_PENALTY_122_Ru75Si25_Hf,3.248412429,3.15902895,0.027381464164999997,-1.0097945739701244,0.027899898,0.375,0.5,0.0,0.0,0.0,0.0,0.0,0.5,0.5,0.0,none
B2_PENALTY_123_Ru62Si37_Hf,2.583127124,3.15902895,-0.19906095107500005,-0.9206944270000007,-0.200587312,0.3125,0.5,0.0,0.0,0.0,0.0,0.0,0.5,0.5,0.0,none
B2_PENALTY_124_Ru50Si50_Hf,4.107906653,3.15902895,0.26107985009416734,-0.8383272110000037,0.261149336,0.25,0.5,0.0,0.0,0.0,0.0,0.0,0.5,0.5,0.0,none
B2_MULTI_159_A_Ru87_Al12_B_HfTi,2.518380484,3.15902895,-0.22372171331000015,-0.9951158348858226,-0.225683377,0.4375,0.25,0.25,0.0625,0.0,0.0,0.0,0.5,0.5,0.0,none
B2_MULTI_160_A_Ru75_Al25_B_HfTi,3.186447237,3.15902895,0.01031340345250003,-0.9000343030000024,0.008641837,0.375,0.25,0.25,0.125,0.0,0.0,0.0,0.5,0.5,0.0,secondary_2pct
B2_MULTI_161_A_Ru87_Al12_B_HfZr,2.593983772,3.15902895,-0.20139522676,-0.9668944039999964,-0.196434531,0.4375,0.25,0.0,0.0625,0.25,0.0,0.0,0.5,0.5,0.0,none
B2_MULTI_162_A_Ru75_Al25_B_HfZr,3.283818469,3.15902895,0.037071891339999954,-0.8758682595082984,0.038737381,0.375,0.25,0.0,0.125,0.25,0.0,0.0,0.5,0.5,0.0,none
B2_MULTI_163_A_Ru87_Al12_B_HfAl,2.495293785,3.15902895,-0.23577854852000044,-4.954411073999979,-0.234770881,0.25,0.0625,0.0,0.1875,0.0,0.0,0.0,0.5,0.5,0.0,none
B2_MULTI_163_A_Ru87_Al13_B_HfAl,2.494957013,3.15902895,-0.22814374080999988,-1.042495012961614,-0.234903992,0.4375,0.25,0.0,0.3125,0.0,0.0,0.0,0.5,0.5,0.0,none
B2_MULTI_164_A_Ru75_Al25_B_HfAl,3.160855152,3.15902895,0.0026736583300000045,-0.9328003089999964,0.000577923,0.375,0.25,0.0,0.375,0.0,0.0,0.0,0.5,0.5,0.0,secondary_2pct
B2_014_RuHf,2.571059804,3.23816412,0.04981408785241666,-1.1891510547832864,-0.229670718,0.5,0.5,0.0,0.0,0.0,0.0,0.0,0.75,0.25,0.0,none
B2_TERN_SOL_078_Ru_Hf87_Nb12,2.562008656,3.23816412,-0.2333479387790999,-1.0910112459999959,-0.233150111,0.5,0.4375,0.0,0.0,0.0,0.0,0.0,0.75,0.25,0.0,none
B2_TERN_SOL_079_Ru_Hf75_Nb25,3.221161604,3.23816412,-0.009309271448963326,-0.9908841988318224,-0.005264486,0.5,0.375,0.0,0.0,0.0,0.0,0.0,0.75,0.25,0.0,secondary_2pct
B2_TERN_SOL_080_Ru_Hf87_Mo12,2.554397326,3.23816412,-0.23494179371952928,-1.0115803170000022,-0.236084434,0.5,0.4375,0.0,0.0,0.0,0.0625,0.0,0.75,0.25,0.0,none
B2_TERN_SOL_081_Ru_Hf75_Mo25,3.200127757,3.23816412,-0.01085513837976041,-0.833822359000001,-0.011815669,0.5,0.375,0.0,0.0,0.0,0.125,0.0,0.75,0.25,0.0,secondary_2pct
B2_TERN_SOL_082_Ru_Hf87_Ta12,2.560296043,3.23816412,-0.23400762698159963,-1.1136808880000029,-0.233809687,0.5,0.4375,0.0,0.0,0.0,0.0,0.0,0.75,0.25,0.0,none
B2_TERN_SOL_083_Ru_Hf75_Ta25,3.216563145,3.23816412,-0.009978040929626569,-1.031572072333247,-0.006693071,0.5,0.375,0.0,0.0,0.0,0.0,0.0,0.75,0.25,0.0,secondary_2pct
B2_TERN_SOL_084_Ru_Hf87_W12,2.554348108,3.23816412,-0.23402678935852939,-1.0171735110000026,-0.236103433,0.5,0.4375,0.0,0.0,0.0,0.0,0.0,0.75,0.25,0.0,none
B2_TERN_SOL_085_Ru_Hf75_W25,3.200893611,3.23816412,-0.011025369435945847,-0.8368685089999989,-0.011576386,0.5,0.375,0.0,0.0,0.0,0.0,0.0,0.75,0.25,0.0,secondary_2pct
B2_TERN_SOL_086_Ru_Hf87_V12,2.545970218,3.23816412,-0.23721593677320546,-1.0637350309999953,-0.239342263,0.5,0.4375,0.0,0.0,0.0,0.0,0.0,0.75,0.25,0.0,none
B2_TERN_SOL_087_Ru_Hf75_V25,3.180813173,3.23816412,-0.014688529057546217,-0.9467614393620036,-0.017869185,0.5,0.375,0.0,0.0,0.0,0.0,0.0,0.75,0.25,0.0,secondary_2pct
B2_PENALTY_108_Ru100Al0_Hf,5.135083991,3.23816412,0.04981408785241666,-1.1891510547832864,0.453090568,0.5,0.5,0.0,0.0,0.0,0.0,0.0,0.75,0.25,0.0,none
B2_PENALTY_109_Ru87Al12_Hf,2.578995294,3.23816412,-0.22748926070500045,-1.0644391099999968,-0.226629109,0.4375,0.5,0.0,0.0625,0.0,0.0,0.0,0.75,0.25,0.0,none
B2_PENALTY_110_Ru75Al25_Hf,3.264770933,3.23816412,0.005910161496428569,-0.9557422499999952,0.008183017,0.375,0.5,0.0,0.125,0.0,0.0,0.0,0.75,0.25,0.0,secondary_2pct
B2_PENALTY_111_Ru62Al37_Hf,2.60403723,3.23816412,-0.21857973690499993,-0.8428135389999994,-0.217084914,0.3125,0.5,0.0,0.1875,0.0,0.0,0.0,0.75,0.25,0.0,none
B2_PENALTY_112_Ru50Al50_Hf,4.152701731,3.23816412,0.24578593652999928,-0.7296493139999997,0.2474778,0.25,0.5,0.0,0.25,0.0,0.0,0.0,0.75,0.25,0.0,none
B2_PENALTY_113_Ru87Cr12_Hf,2.562502587,3.23816412,-0.23332438004857095,-1.035615576999996,-0.232959957,0.4375,0.5,0.0,0.0,0.0,0.0,0.0,0.75,0.25,0.0,none
B2_PENALTY_114_Ru75Cr25_Hf,3.225424668,3.23816412,-0.0034188435230000066,-0.878162691,-0.003941913,0.375,0.5,0.0,0.0,0.0,0.0,0.0,0.75,0.25,0.0,secondary_2pct
B2_PENALTY_115_Ru62Cr37_Hf,2.556723432,3.23816412,-0.23327026245499968,-0.716377173,-0.235186855,0.3125,0.5,0.0,0.0,0.0,0.0,0.0,0.75,0.25,0.0,none
B2_PENALTY_116_Ru50Cr50_Hf,4.053567315,3.23816412,0.22474692297875024,-0.5527963570000015,0.223651461,0.25,0.5,0.0,0.0,0.0,0.0,0.0,0.75,0.25,0.0,none
B2_PENALTY_117_Ru87Cu12_Hf,2.569438099,3.23816412,-0.23108153528499983,-1.0451929749999984,-0.230293328,0.4375,0.5,0.0,0.0,0.0,0.0,0.0,0.75,0.25,0.0,none
B2_PENALTY_118_Ru75Cu25_Hf,3.236261822,3.23816412,0.0007569585764285687,-0.9233898889999995,-0.000587634,0.375,0.5,0.0,0.0,0.0,0.0,0.0,0.75,0.25,0.0,secondary_2pct
B2_PENALTY_119_Ru62Cu37_Hf,2.568274935,3.23816412,-0.22891481633999988,-0.7996843589999976,-0.230740107,0.3125,0.5,0.0,0.0,0.0,0.0,0.0,0.75,0.25,0.0,none
B2_PENALTY_120_Ru50Cu50_Hf,4.076680397,3.23816412,0.2284643766619995,-0.6773582790000026,0.229264279,0.25,0.5,0.0,0.0,0.0,0.0,0.0,0.75,0.25,0.0,none
B2_PENALTY_121_Ru87Si12_Hf,2.574158138,3.23816412,-0.23159862680357118,-1.089550642000004,-0.228482163,0.4375,0.5,0.0,0.0,0.0,0.0,0.0,0.75,0.25,0.0,none
B2_PENALTY_122_Ru75Si25_Hf,3.248412429,3.23816412,0.0023411581044999975,-1.0097945739701244,0.003159851,0.375,0.5,0.0,0.0,0.0,0.0,0.0,0.75,0.25,0.0,secondary_2pct
B2_PENALTY_123_Ru62Si37_Hf,2.583127124,3.23816412,-0.2252751515800005,-0.9206944270000007,-0.225048694,0.3125,0.5,0.0,0.0,0.0,0.0,0.0,0.75,0.25,0.0,none
B2_PENALTY_124_Ru50Si50_Hf,4.107906653,3.23816412,0.23581975398724964,-0.8383272110000037,0.236791221,0.25,0.5,0.0,0.0,0.0,0.0,0.0,0.75,0.25,0.0,none
B2_MULTI_159_A_Ru87_Al12_B_HfTi,2.518380484,3.23816412,-0.2543292813850004,-0.9951158348858226,-0.250074892,0.4375,0.25,0.25,0.0625,0.0,0.0,0.0,0.75,0.25,0.0,none
B2_MULTI_160_A_Ru75_Al25_B_HfTi,3.186447237,3.23816412,-0.02000743058999996,-0.9000343030000024,-0.016099614,0.375,0.25,0.25,0.125,0.0,0.0,0.0,0.75,0.25,0.0,none
B2_MULTI_161_A_Ru87_Al12_B_HfZr,2.593983772,3.23816412,-0.22126220657119083,-0.9668944039999964,-0.220906726,0.4375,0.25,0.0,0.0625,0.25,0.0,0.0,0.75,0.25,0.0,none
B2_MULTI_162_A_Ru75_Al25_B_HfZr,3.283818469,3.23816412,0.012274680904499999,-0.8758682595082984,0.014000144,0.375,0.25,0.0,0.125,0.25,0.0,0.0,0.75,0.25,0.0,secondary_2pct
B2_MULTI_163_A_Ru87_Al12_B_HfAl,2.495293785,3.23816412,-0.27436654396500054,-4.954411073999979,-0.259135184,0.25,0.0625,0.0,0.1875,0.0,0.0,0.0,0.75,0.25,0.0,none
B2_MULTI_163_A_Ru87_Al13_B_HfAl,2.494957013,3.23816412,-0.2619059716700001,-1.042495012961614,-0.259267889,0.4375,0.25,0.0,0.3125,0.0,0.0,0.0,0.75,0.25,0.0,none
B2_MULTI_164_A_Ru75_Al25_B_HfAl,3.160855152,3.23816412,-0.026781739134999944,-0.9328003089999964,-0.024162755,0.375,0.25,0.0,0.375,0.0,0.0,0.0,0.75,0.25,0.0,none
