category,alloy_name,x_Al,x_Cr,x_Cu,x_Hf,x_Mo,x_Nb,x_Ru,x_Si,x_Ta,x_Ti,x_V,x_W,x_Zr,natoms,E_total_eV,E_per_atom_eV,E_form_per_atom_eV,volume_A3,volume_per_atom_A3,Ru_at_frac,vec_avg,radius_avg,vol_avg,delta_r,chi_avg,delta_chi,Hmix_kJmol
01_Baselines,BASE_001_Al,1.0,0.0,0.0,0.0,0.0,0.0,0.0,0.0,0.0,0.0,0.0,0.0,0.0,1,-3.35659495,-3.35659495,0.0,14.895500000000004,14.895500000000004,0.0,3.0,1.43,16.6,0.0,1.61,0.0,0.0
01_Baselines,BASE_002_Cr,0.0,1.0,0.0,0.0,0.0,0.0,0.0,0.0,0.0,0.0,0.0,0.0,0.0,1,-8.94261807,-8.94261807,0.0,14.895500000000004,14.895500000000004,0.0,6.0,1.28,12.3,0.0,1.66,0.0,0.0
01_Baselines,BASE_003_Cu,0.0,0.0,1.0,0.0,0.0,0.0,0.0,0.0,0.0,0.0,0.0,0.0,0.0,1,-3.27883897,-3.27883897,0.0,14.895500000000004,14.895500000000004,0.0,11.0,1.28,11.8,0.0,1.9,0.0,0.0
01_Baselines,BASE_004_Hf,0.0,0.0,0.0,1.0,0.0,0.0,0.0,0.0,0.0,0.0,0.0,0.0,0.0,1,-8.5020101,-8.5020101,0.0,14.895500000000004,14.895500000000004,0.0,4.0,1.58,22.3,0.0,1.3,0.0,0.0
01_Baselines,BASE_005_Mo,0.0,0.0,0.0,0.0,1.0,0.0,0.0,0.0,0.0,0.0,0.0,0.0,0.0,1,-10.877107,-10.877107,0.0,14.895500000000004,14.895500000000004,0.0,6.0,1.39,15.6,0.0,2.16,0.0,0.0
01_Baselines,BASE_006_Nb,0.0,0.0,0.0,0.0,0.0,1.0,0.0,0.0,0.0,0.0,0.0,0.0,0.0,1,-9.48106087,-9.48106087,0.0,14.895500000000004,14.895500000000004,0.0,5.0,1.46,18.0,0.0,1.6,0.0,0.0
01_Baselines,BASE_007_Ru,0.0,0.0,0.0,0.0,0.0,0.0,1.0,0.0,0.0,0.0,0.0,0.0,0.0,1,-8.62930151,-8.62930151,0.0,14.895500000000004,14.895500000000004,1.0,8.0,1.34,13.8,0.0,2.2,0.0,0.0
01_Baselines,BASE_008_Si,0.0,0.0,0.0,0.0,0.0,0.0,0.0,1.0,0.0,0.0,0.0,0.0,0.0,1,-4.72159989,-4.72159989,0.0,14.895500000000004,14.895500000000004,0.0,4.0,1.17,20.0,0.0,1.9,0.0,0.0
01_Baselines,BASE_009_Ta,0.0,0.0,0.0,0.0,0.0,0.0,0.0,0.0,1.0,0.0,0.0,0.0,0.0,1,-11.42007781,-11.42007781,0.0,14.895500000000004,14.895500000000004,0.0,5.0,1.46,18.0,0.0,1.5,0.0,0.0
01_Baselines,BASE_010_Ti,0.0,0.0,0.0,0.0,0.0,0.0,0.0,0.0,0.0,1.0,0.0,0.0,0.0,1,-7.59495453,-7.59495453,0.0,14.895500000000004,14.895500000000004,0.0,4.0,1.47,17.7,0.0,1.54,0.0,0.0
01_Baselines,BASE_011_V,0.0,0.0,0.0,0.0,0.0,0.0,0.0,0.0,0.0,0.0,1.0,0.0,0.0,1,-8.93851939,-8.93851939,0.0,14.895500000000004,14.895500000000004,0.0,5.0,1.34,13.4,0.0,1.63,0.0,0.0
01_Baselines,BASE_012_W,0.0,0.0,0.0,0.0,0.0,0.0,0.0,0.0,0.0,0.0,0.0,1.0,0.0,1,-12.78932715,-12.78932715,0.0,14.895500000000004,14.895500000000004,0.0,6.0,1.39,15.8,0.0,2.36,0.0,0.0
01_Baselines,BASE_013_Zr,0.0,0.0,0.0,0.0,0.0,0.0,0.0,0.0,0.0,0.0,0.0,0.0,1.0,1,-7.14619815,-7.14619815,0.0,14.895500000000004,14.895500000000004,0.0,4.0,1.6,23.3,0.0,1.33,0.0,0.0
02_Binary_B2,B2_014_RuHf,0.0,0.0,0.0,0.5,0.0,0.0,0.5,0.0,0.0,0.0,0.0,0.0,0.0,2,-20.30514992,-10.15257496,-1.5869191550000021,29.79100000000001,14.895500000000006,0.5,6.0,1.46,18.05,0.0821917808219178,1.75,0.45000000000000007,-15.0
02_Binary_B2,B2_015_RuTi,0.0,0.0,0.0,0.0,0.0,0.0,0.5,0.0,0.0,0.5,0.0,0.0,0.0,2,-18.3919902,-9.1959951,-1.0838670799999992,29.79100000000001,14.895500000000006,0.5,6.0,1.405,15.75,0.0462633451957295,1.87,0.33000000000000007,-10.0
02_Binary_B2,B2_016_RuZr,0.0,0.0,0.0,0.0,0.0,0.0,0.5,0.0,0.0,0.0,0.0,0.0,0.5,2,-18.20037919,-9.100189595,-1.212439765,29.79100000000001,14.895500000000006,0.5,6.0,1.4700000000000002,18.55,0.08843537414965985,1.7650000000000001,0.43500000000000005,-18.0
02_Binary_B2,B2_017_RuAl,0.5,0.0,0.0,0.0,0.0,0.0,0.5,0.0,0.0,0.0,0.0,0.0,0.0,2,-14.36806087,-7.184030435,-1.1910822050000007,29.79100000000001,14.895500000000006,0.5,5.5,1.385,15.200000000000001,0.03249097472924184,1.9050000000000002,0.29500000000000004,-20.0
03_Matrix_Binaries,MATRIX_BIN_018_Nb12_Mo87,0.0,0.0,0.0,0.0,0.875,0.125,0.0,0.0,0.0,0.0,0.0,0.0,0.0,8,-86.92449871,-10.86556233875,-0.16296110499999727,119.16400000000006,14.895500000000007,0.0,5.875,1.3987499999999997,15.9,0.016550723125515757,2.0900000000000003,0.18520259177452136,-0.875
03_Matrix_Binaries,MATRIX_BIN_019_Nb25_Mo75,0.0,0.0,0.0,0.0,0.75,0.25,0.0,0.0,0.0,0.0,0.0,0.0,0.0,8,-85.80793625,-10.72599203125,-0.19789656374999964,119.16400000000006,14.895500000000007,0.0,5.75,1.4075,16.2,0.021535267589666326,2.02,0.24248711305964285,-1.5
03_Matrix_Binaries,MATRIX_BIN_020_Nb50_Mo50,0.0,0.0,0.0,0.0,0.5,0.5,0.0,0.0,0.0,0.0,0.0,0.0,0.0,8,-83.11726092,-10.389657615,-0.21057367999999954,119.16400000000006,14.895500000000007,0.0,5.5,1.4249999999999998,16.8,0.02456140350877195,1.8800000000000001,0.28,-2.0
03_Matrix_Binaries,MATRIX_BIN_021_Nb75_Mo25,0.0,0.0,0.0,0.0,0.25,0.75,0.0,0.0,0.0,0.0,0.0,0.0,0.0,8,-80.34202567,-10.04275320875,-0.21268080624999897,119.16400000000006,14.895500000000007,0.0,5.25,1.4425,17.4,0.02101274809875594,1.7400000000000002,0.24248711305964285,-1.5
03_Matrix_Binaries,MATRIX_BIN_022_Nb87_Mo12,0.0,0.0,0.0,0.0,0.125,0.875,0.0,0.0,0.0,0.0,0.0,0.0,0.0,8,-78.90014666,-9.8625183325,-0.20695169624999998,119.16400000000006,14.895500000000007,0.0,5.125,1.45125,17.7,0.01595198895560049,1.6700000000000002,0.18520259177452136,-0.875
03_Matrix_Binaries,MATRIX_BIN_023_Nb12_Ta87,0.0,0.0,0.0,0.0,0.0,0.125,0.0,0.0,0.875,0.0,0.0,0.0,0.0,8,-88.95547326,-11.1194341575,0.058266534999999564,119.16400000000006,14.895500000000007,0.0,5.0,1.46,18.0,0.0,1.5125,0.03307189138830741,-0.4375
03_Matrix_Binaries,MATRIX_BIN_024_Nb25_Ta75,0.0,0.0,0.0,0.0,0.0,0.25,0.0,0.0,0.75,0.0,0.0,0.0,0.0,8,-87.30243525,-10.91280440625,0.022519168749999707,119.16399999999996,14.895499999999995,0.0,5.0,1.46,18.0,0.0,1.525,0.043301270189221974,-0.75
03_Matrix_Binaries,MATRIX_BIN_025_Nb50_Ta50,0.0,0.0,0.0,0.0,0.0,0.5,0.0,0.0,0.5,0.0,0.0,0.0,0.0,8,-84.00684586,-10.5008557325,-0.050286392499998556,119.16399999999996,14.895499999999995,0.0,5.0,1.46,18.0,0.0,1.55,0.050000000000000044,-1.0
03_Matrix_Binaries,MATRIX_BIN_026_Nb75_Ta25,0.0,0.0,0.0,0.0,0.0,0.75,0.0,0.0,0.25,0.0,0.0,0.0,0.0,8,-80.71799837,-10.08974979625,-0.12393469124999967,119.16399999999996,14.895499999999995,0.0,5.0,1.46,18.0,0.0,1.5750000000000002,0.043301270189221974,-0.75
03_Matrix_Binaries,MATRIX_BIN_027_Nb87_Ta12,0.0,0.0,0.0,0.0,0.0,0.875,0.0,0.0,0.125,0.0,0.0,0.0,0.0,8,-79.07290741,-9.88411342625,-0.16067543874999934,119.16400000000006,14.895500000000007,0.0,5.0,1.46,18.0,0.0,1.5875000000000001,0.03307189138830741,-0.4375
03_Matrix_Binaries,MATRIX_BIN_028_Nb12_W87,0.0,0.0,0.0,0.0,0.0,0.125,0.0,0.0,0.0,0.0,0.0,0.875,0.0,8,-101.19975143,-12.64996892875,-0.2741750637500022,119.16400000000006,14.895500000000007,0.0,5.875,1.3987499999999997,16.075000000000003,0.016550723125515757,2.265,0.25134637455113606,-0.875
03_Matrix_Binaries,MATRIX_BIN_029_Nb25_W75,0.0,0.0,0.0,0.0,0.0,0.25,0.0,0.0,0.0,0.0,0.0,0.75,0.0,8,-97.82139178,-12.2276739725,-0.2654133924999993,119.16400000000006,14.895500000000007,0.0,5.75,1.4075,16.35,0.021535267589666326,2.17,0.3290896534380866,-1.5
03_Matrix_Binaries,MATRIX_BIN_030_Nb50_W50,0.0,0.0,0.0,0.0,0.0,0.5,0.0,0.0,0.0,0.0,0.0,0.5,0.0,8,-90.67925941,-11.33490742625,-0.19971341625000072,119.16399999999996,14.895499999999995,0.0,5.5,1.4249999999999998,16.9,0.02456140350877195,1.98,0.3799999999999999,-2.0
03_Matrix_Binaries,MATRIX_BIN_031_Nb75_W25,0.0,0.0,0.0,0.0,0.0,0.75,0.0,0.0,0.0,0.0,0.0,0.25,0.0,8,-83.85903926,-10.4823799075,-0.17425246750000056,119.16399999999996,14.895499999999995,0.0,5.25,1.4425,17.45,0.02101274809875594,1.79,0.3290896534380866,-1.5
03_Matrix_Binaries,MATRIX_BIN_032_Nb87_W12,0.0,0.0,0.0,0.0,0.0,0.875,0.0,0.0,0.0,0.0,0.0,0.125,0.0,8,-80.54919474,-10.0686493425,-0.1740551874999987,119.16400000000006,14.895500000000007,0.0,5.125,1.45125,17.725,0.01595198895560049,1.695,0.25134637455113606,-0.875
03_Matrix_Binaries,MATRIX_BIN_033_Nb12_V87,0.0,0.0,0.0,0.0,0.0,0.125,0.0,0.0,0.0,0.0,0.875,0.0,0.0,8,-71.6435032,-8.9554379,0.050899175000001406,119.16400000000006,14.895500000000007,0.0,5.0,1.355,13.975,0.029288759901084035,1.62625,0.00992156741649215,-0.4375
03_Matrix_Binaries,MATRIX_BIN_034_Nb25_V75,0.0,0.0,0.0,0.0,0.0,0.25,0.0,0.0,0.0,0.0,0.75,0.0,0.0,8,-72.86322755,-9.10790344375,-0.03374868375000162,119.16399999999996,14.895499999999995,0.0,5.0,1.37,14.55,0.03792811987377094,1.6225,0.012990381056766495,-0.75
03_Matrix_Binaries,MATRIX_BIN_035_Nb50_V50,0.0,0.0,0.0,0.0,0.0,0.5,0.0,0.0,0.0,0.0,0.5,0.0,0.0,8,-74.78725012,-9.348406265,-0.13861613499999947,119.16399999999985,14.89549999999998,0.0,5.0,1.4,15.7,0.042857142857142816,1.615,0.014999999999999902,-1.0
03_Matrix_Binaries,MATRIX_BIN_036_Nb75_V25,0.0,0.0,0.0,0.0,0.0,0.75,0.0,0.0,0.0,0.0,0.25,0.0,0.0,8,-76.29275336,-9.53659417,-0.1911686699999997,119.16400000000006,14.895500000000007,0.0,5.0,1.43,16.85,0.036336730228717674,1.6075000000000002,0.012990381056766495,-0.75
03_Matrix_Binaries,MATRIX_BIN_037_Nb87_V12,0.0,0.0,0.0,0.0,0.0,0.875,0.0,0.0,0.0,0.0,0.125,0.0,0.0,8,-76.93231294,-9.6165391175,-0.20329593249999967,119.16400000000006,14.895500000000007,0.0,5.0,1.4449999999999998,17.425,0.027464546481639363,1.6037500000000002,0.00992156741649215,-0.4375
03_Matrix_Binaries,MATRIX_BIN_038_Mo12_Ta87,0.0,0.0,0.0,0.0,0.125,0.0,0.0,0.0,0.875,0.0,0.0,0.0,0.0,8,-90.79467695,-11.34933461875,0.002871840000000958,119.16400000000006,14.895500000000007,0.0,5.125,1.45125,17.7,0.01595198895560049,1.5825,0.2182744831628288,-0.875
03_Matrix_Binaries,MATRIX_BIN_039_Mo25_Ta75,0.0,0.0,0.0,0.0,0.25,0.0,0.0,0.0,0.75,0.0,0.0,0.0,0.0,8,-90.85447798,-11.3568097475,-0.07247463999999937,119.16399999999996,14.895499999999995,0.0,5.25,1.4425,17.4,0.02101274809875594,1.665,0.2857883832488648,-1.5
03_Matrix_Binaries,MATRIX_BIN_040_Mo50_Ta50,0.0,0.0,0.0,0.0,0.5,0.0,0.0,0.0,0.5,0.0,0.0,0.0,0.0,8,-90.36966885,-11.29620860625,-0.14761620124999908,119.16400000000016,14.89550000000002,0.0,5.5,1.4249999999999998,16.8,0.02456140350877195,1.83,0.33000000000000007,-2.0
03_Matrix_Binaries,MATRIX_BIN_041_Mo75_Ta25,0.0,0.0,0.0,0.0,0.75,0.0,0.0,0.0,0.25,0.0,0.0,0.0,0.0,8,-89.70462887,-11.21307860875,-0.20022890624999867,119.16400000000006,14.895500000000007,0.0,5.75,1.4075,16.2,0.021535267589666326,1.995,0.2857883832488648,-1.5
03_Matrix_Binaries,MATRIX_BIN_042_Mo87_Ta12,0.0,0.0,0.0,0.0,0.875,0.0,0.0,0.0,0.125,0.0,0.0,0.0,0.0,8,-89.00589109,-11.12573638625,-0.1807580350000002,119.16400000000006,14.895500000000007,0.0,5.875,1.3987499999999997,15.9,0.016550723125515757,2.0775,0.2182744831628288,-0.875
03_Matrix_Binaries,MATRIX_BIN_043_Mo12_W87,0.0,0.0,0.0,0.0,0.125,0.0,0.0,0.0,0.0,0.0,0.0,0.875,0.0,8,-102.03733036,-12.754666295,-0.204366663750001,119.16400000000006,14.895500000000007,0.0,6.0,1.39,15.775,0.0,2.335,0.06614378277661467,-0.4375
03_Matrix_Binaries,MATRIX_BIN_044_Mo25_W75,0.0,0.0,0.0,0.0,0.25,0.0,0.0,0.0,0.0,0.0,0.0,0.75,0.0,8,-100.04862943,-12.50607867875,-0.1948065662499996,119.16400000000006,14.895500000000007,0.0,6.0,1.39,15.750000000000002,0.0,2.31,0.08660254037844375,-0.75
03_Matrix_Binaries,MATRIX_BIN_045_Mo50_W50,0.0,0.0,0.0,0.0,0.5,0.0,0.0,0.0,0.0,0.0,0.0,0.5,0.0,8,-96.045863,-12.005732875,-0.17251579999999933,119.16400000000006,14.895500000000007,0.0,6.0,1.39,15.7,0.0,2.26,0.09999999999999987,-1.0
03_Matrix_Binaries,MATRIX_BIN_046_Mo75_W25,0.0,0.0,0.0,0.0,0.75,0.0,0.0,0.0,0.0,0.0,0.0,0.25,0.0,8,-91.99133171,-11.49891646375,-0.14375442625000012,119.16400000000006,14.895500000000007,0.0,6.0,1.39,15.649999999999999,0.0,2.21,0.08660254037844375,-0.75
03_Matrix_Binaries,MATRIX_BIN_047_Mo87_W12,0.0,0.0,0.0,0.0,0.875,0.0,0.0,0.0,0.0,0.0,0.0,0.125,0.0,8,-89.95255632,-11.24406954,-0.12793502124999812,119.16400000000006,14.895500000000007,0.0,6.0,1.39,15.625,0.0,2.185,0.06614378277661467,-0.4375
03_Matrix_Binaries,MATRIX_BIN_048_Mo12_V87,0.0,0.0,0.0,0.0,0.125,0.0,0.0,0.0,0.0,0.0,0.875,0.0,0.0,8,-72.85203981,-9.10650497625,0.07433786500000039,119.16400000000006,14.895500000000007,0.0,5.125,1.3462500000000002,13.674999999999999,0.012282968017941435,1.69625,0.1752810243580292,-0.4375
03_Matrix_Binaries,MATRIX_BIN_049_Mo25_V75,0.0,0.0,0.0,0.0,0.25,0.0,0.0,0.0,0.0,0.0,0.75,0.0,0.0,8,-75.51000214,-9.4387502675,-0.015583975000000194,119.16400000000006,14.895500000000007,0.0,5.25,1.3525,13.950000000000001,0.016007863286218792,1.7625,0.22949673200287635,-0.75
03_Matrix_Binaries,MATRIX_BIN_050_Mo50_V50,0.0,0.0,0.0,0.0,0.5,0.0,0.0,0.0,0.0,0.0,0.5,0.0,0.0,8,-80.08050114,-10.0100626425,-0.1022494475000002,119.16400000000006,14.895500000000007,0.0,5.5,1.365,14.5,0.01831501831501825,1.895,0.2650000000000001,-1.0
03_Matrix_Binaries,MATRIX_BIN_051_Mo75_V25,0.0,0.0,0.0,0.0,0.75,0.0,0.0,0.0,0.0,0.0,0.25,0.0,0.0,8,-84.46326363,-10.55790795375,-0.16544785625000102,119.16399999999996,14.895499999999995,0.0,5.75,1.3775,15.049999999999999,0.015717339451623145,2.0275,0.22949673200287632,-0.75
03_Matrix_Binaries,MATRIX_BIN_052_Mo87_V12,0.0,0.0,0.0,0.0,0.875,0.0,0.0,0.0,0.0,0.0,0.125,0.0,0.0,8,-86.34177054,-10.7927213175,-0.1579377687499992,119.16400000000006,14.895500000000007,0.0,5.875,1.3837499999999998,15.325000000000001,0.011950096255937556,2.09375,0.1752810243580292,-0.4375
03_Matrix_Binaries,MATRIX_BIN_053_Ta12_W87,0.0,0.0,0.0,0.0,0.0,0.0,0.0,0.0,0.125,0.0,0.0,0.875,0.0,8,-103.20956911,-12.90119613875,-0.2830251562500017,119.16400000000006,14.895500000000007,0.0,5.875,1.3987499999999997,16.075000000000003,0.016550723125515757,2.2525,0.2844182659394434,-0.4375
03_Matrix_Binaries,MATRIX_BIN_054_Ta25_W75,0.0,0.0,0.0,0.0,0.0,0.0,0.0,0.0,0.25,0.0,0.0,0.75,0.0,8,-101.74902737,-12.71862842125,-0.2716136062499981,119.16400000000006,14.895500000000007,0.0,5.75,1.4075,16.35,0.021535267589666326,2.145,0.3723909236273086,-0.75
03_Matrix_Binaries,MATRIX_BIN_055_Ta50_W50,0.0,0.0,0.0,0.0,0.0,0.0,0.0,0.0,0.5,0.0,0.0,0.5,0.0,8,-98.09918784,-12.26239848,-0.15769599999999961,119.16399999999996,14.895499999999995,0.0,5.5,1.4249999999999998,16.9,0.02456140350877195,1.93,0.42999999999999994,-1.0
03_Matrix_Binaries,MATRIX_BIN_056_Ta75_W25,0.0,0.0,0.0,0.0,0.0,0.0,0.0,0.0,0.75,0.0,0.0,0.25,0.0,8,-94.39233075,-11.79904134375,-0.03665119875000045,119.16399999999996,14.895499999999995,0.0,5.25,1.4425,17.45,0.02101274809875594,1.7149999999999999,0.3723909236273086,-0.75
03_Matrix_Binaries,MATRIX_BIN_057_Ta87_W12,0.0,0.0,0.0,0.0,0.0,0.0,0.0,0.0,0.875,0.0,0.0,0.125,0.0,8,-92.50687817,-11.56335977125,0.027874206250002587,119.16400000000006,14.895500000000007,0.0,5.125,1.45125,17.725,0.01595198895560049,1.6075,0.2844182659394434,-0.4375
03_Matrix_Binaries,MATRIX_BIN_058_Ta12_V87,0.0,0.0,0.0,0.0,0.0,0.0,0.0,0.0,0.125,0.0,0.875,0.0,0.0,8,-73.42092463,-9.17761557875,0.07109861374999937,119.16400000000006,14.895500000000007,0.0,5.0,1.355,13.975,0.029288759901084035,1.61375,0.042993458804799566,0.0
03_Matrix_Binaries,MATRIX_BIN_059_Ta25_V75,0.0,0.0,0.0,0.0,0.0,0.0,0.0,0.0,0.25,0.0,0.75,0.0,0.0,8,-76.40914757,-9.55114344625,0.00776554874999924,119.16400000000006,14.895500000000007,0.0,5.0,1.37,14.55,0.03792811987377094,1.5975,0.056291651245988464,0.0
03_Matrix_Binaries,MATRIX_BIN_060_Ta50_V50,0.0,0.0,0.0,0.0,0.0,0.0,0.0,0.0,0.5,0.0,0.5,0.0,0.0,8,-81.78915484,-10.223644355,-0.04434575500000015,119.16399999999996,14.895499999999995,0.0,5.0,1.4,15.7,0.042857142857142816,1.565,0.06499999999999995,0.0
03_Matrix_Binaries,MATRIX_BIN_061_Ta75_V25,0.0,0.0,0.0,0.0,0.0,0.0,0.0,0.0,0.75,0.0,0.25,0.0,0.0,8,-86.43429916,-10.804287395,-0.004599190000000419,119.16399999999996,14.895499999999995,0.0,5.0,1.43,16.85,0.036336730228717674,1.5325,0.056291651245988464,0.0
03_Matrix_Binaries,MATRIX_BIN_062_Ta87_V12,0.0,0.0,0.0,0.0,0.0,0.0,0.0,0.0,0.875,0.0,0.125,0.0,0.0,8,-88.6232293,-11.0779036625,0.03197934499999988,119.16400000000006,14.895500000000007,0.0,5.0,1.4449999999999998,17.425,0.027464546481639363,1.5162499999999999,0.042993458804799566,0.0
03_Matrix_Binaries,MATRIX_BIN_063_W12_V87,0.0,0.0,0.0,0.0,0.0,0.0,0.0,0.0,0.0,0.0,0.875,0.125,0.0,8,-74.81881937,-9.35235242125,0.0675179387500009,119.16400000000006,14.895500000000007,0.0,5.125,1.3462500000000002,13.7,0.012282968017941435,1.72125,0.24142480713464387,0.0
03_Matrix_Binaries,MATRIX_BIN_064_W25_V75,0.0,0.0,0.0,0.0,0.0,0.0,0.0,0.0,0.0,0.0,0.75,0.25,0.0,8,-79.39914985,-9.92489373125,-0.023672401249999808,119.16399999999996,14.895499999999995,0.0,5.25,1.3525,14.0,0.016007863286218792,1.8125,0.31609927238132013,0.0
03_Matrix_Binaries,MATRIX_BIN_065_W50_V50,0.0,0.0,0.0,0.0,0.0,0.0,0.0,0.0,0.0,0.0,0.5,0.5,0.0,8,-88.25503273,-11.03187909125,-0.16795582124999875,119.16399999999996,14.895499999999995,0.0,5.5,1.365,14.600000000000001,0.01831501831501825,1.9949999999999999,0.365,0.0
03_Matrix_Binaries,MATRIX_BIN_066_W75_V25,0.0,0.0,0.0,0.0,0.0,0.0,0.0,0.0,0.0,0.0,0.25,0.75,0.0,8,-96.89815283,-12.11226910375,-0.28564389375000054,119.16399999999996,14.895499999999995,0.0,5.75,1.3775,15.200000000000001,0.015717339451623145,2.1775,0.31609927238132013,0.0
03_Matrix_Binaries,MATRIX_BIN_067_W87_V12,0.0,0.0,0.0,0.0,0.0,0.0,0.0,0.0,0.0,0.0,0.125,0.875,0.0,8,-100.77381372,-12.596726715,-0.2887505350000019,119.16400000000006,14.895500000000007,0.0,5.875,1.3837499999999998,15.500000000000002,0.011950096255937556,2.26875,0.24142480713464387,0.0
04_Matrix_Ternaries,MATRIX_TERN_068_Nb33_Mo33_Ta33,0.0,0.0,0.0,0.0,0.3333333333333333,0.3333333333333333,0.0,0.0,0.3333333333333333,0.0,0.0,0.0,0.0,9,-98.24339595,-10.915932883333333,-0.3231843233333329,134.05949999999999,14.895499999999998,0.0,5.333333333333333,1.4366666666666665,17.2,0.022968665746198817,1.7533333333333334,0.29044027881055956,-2.2222222222222223
04_Matrix_Ternaries,MATRIX_TERN_069_Nb33_Mo33_W33,0.0,0.0,0.0,0.0,0.3333333333333333,0.3333333333333333,0.0,0.0,0.0,0.0,0.0,0.3333333333333333,0.0,9,-101.77494505,-11.308327227777777,-0.25916222111111153,134.05949999999999,14.895499999999998,0.0,5.666666666666666,1.413333333333333,16.466666666666665,0.023347865416536953,2.04,0.3216623488483951,-2.2222222222222223
04_Matrix_Ternaries,MATRIX_TERN_070_Nb33_Mo33_V33,0.0,0.0,0.0,0.0,0.3333333333333333,0.3333333333333333,0.0,0.0,0.0,0.0,0.3333333333333333,0.0,0.0,9,-90.58700033,-10.065222258888888,-0.29965983888888736,134.05950000000024,14.895500000000027,0.0,5.333333333333333,1.3966666666666665,15.666666666666666,0.03523824119387447,1.7966666666666666,0.25720722298480575,-1.7777777777777777
04_Matrix_Ternaries,MATRIX_TERN_071_Nb33_Ta33_W33,0.0,0.0,0.0,0.0,0.0,0.3333333333333333,0.0,0.0,0.3333333333333333,0.0,0.0,0.3333333333333333,0.0,9,-103.78462632,-11.531625146666666,-0.3014698700000018,134.05949999999976,14.895499999999974,0.0,5.333333333333333,1.4366666666666665,17.266666666666666,0.022968665746198817,1.8199999999999998,0.3840138886377244,-1.7777777777777777
04_Matrix_Ternaries,MATRIX_TERN_072_Nb33_Ta33_V33,0.0,0.0,0.0,0.0,0.0,0.3333333333333333,0.0,0.0,0.3333333333333333,0.0,0.3333333333333333,0.0,0.0,9,-92.85108969,-10.316787743333332,-0.3702350533333316,134.05949999999999,14.895499999999998,0.0,5.0,1.42,16.46666666666667,0.03983700175698854,1.5766666666666664,0.0555777733351102,-0.8888888888888888
04_Matrix_Ternaries,MATRIX_TERN_073_Nb33_W33_V33,0.0,0.0,0.0,0.0,0.0,0.3333333333333333,0.0,0.0,0.0,0.0,0.3333333333333333,0.3333333333333333,0.0,9,-96.39645146,-10.710716828888888,-0.30774769222222176,134.05949999999987,14.895499999999986,0.0,5.333333333333333,1.3966666666666665,15.733333333333334,0.035238241193874476,1.8633333333333333,0.35140985883849196,-1.3333333333333333
04_Matrix_Ternaries,MATRIX_TERN_074_Mo33_Ta33_W33,0.0,0.0,0.0,0.0,0.3333333333333333,0.0,0.0,0.0,0.3333333333333333,0.0,0.0,0.3333333333333333,0.0,9,-107.36410264,-11.929344737777777,-0.2338407511111118,134.05950000000024,14.895500000000027,0.0,5.666666666666666,1.413333333333333,16.466666666666665,0.023347865416536953,2.006666666666667,0.36745370078721784,-1.7777777777777777
04_Matrix_Ternaries,MATRIX_TERN_075_Mo33_Ta33_V33,0.0,0.0,0.0,0.0,0.3333333333333333,0.0,0.0,0.0,0.3333333333333333,0.0,0.3333333333333333,0.0,0.0,9,-95.96570959,-10.66285662111111,-0.250955221111111,134.05950000000024,14.895500000000027,0.0,5.333333333333333,1.3966666666666665,15.666666666666666,0.03523824119387447,1.7633333333333332,0.2854625875467553,-1.3333333333333333
04_Matrix_Ternaries,MATRIX_TERN_076_Mo33_W33_V33,0.0,0.0,0.0,0.0,0.3333333333333333,0.0,0.0,0.0,0.0,0.0,0.3333333333333333,0.3333333333333333,0.0,9,-99.43423866,-11.04824874,-0.17993089333333323,134.05949999999999,14.895499999999998,0.0,5.666666666666666,1.373333333333333,14.933333333333334,0.017162785951129734,2.05,0.30800432897390695,-0.8888888888888888
04_Matrix_Ternaries,MATRIX_TERN_077_Ta33_W33_V33,0.0,0.0,0.0,0.0,0.0,0.0,0.0,0.0,0.3333333333333333,0.0,0.3333333333333333,0.3333333333333333,0.0,9,-101.76632551,-11.307369501111111,-0.2580613844444457,134.05949999999987,14.895499999999986,0.0,5.333333333333333,1.3966666666666665,15.733333333333334,0.035238241193874476,1.8299999999999998,0.3785058343892028,-0.4444444444444444
05_B2_Ternaries_Solubility,B2_TERN_SOL_078_Ru_Hf87_Nb12,0.0,0.0,0.0,0.4375,0.0,0.0625,0.5,0.0,0.0,0.0,0.0,0.0,0.0,16,-162.18942406,-10.13683900375,-1.509992525625,238.32800000000015,14.895500000000009,0.5,6.0625,1.4525000000000001,17.78125,0.07982594578523391,1.7687500000000003,0.43691925741491416,-14.078125
05_B2_Ternaries_Solubility,B2_TERN_SOL_079_Ru_Hf75_Nb25,0.0,0.0,0.0,0.375,0.0,0.125,0.5,0.0,0.0,0.0,0.0,0.0,0.0,16,-161.22248462,-10.07640528875,-1.3883681374999988,238.32800000000015,14.895500000000009,0.5,6.125,1.4450000000000003,17.512500000000003,0.07698475938161588,1.7875,0.42260353760942426,-13.0625
05_B2_Ternaries_Solubility,B2_TERN_SOL_080_Ru_Hf87_Mo12,0.0,0.0,0.0,0.4375,0.0625,0.0,0.5,0.0,0.0,0.0,0.0,0.0,0.0,16,-162.10869964,-10.1317937275,-1.4176943662500001,238.32800000000015,14.895500000000009,0.5,6.125,1.448125,17.63125,0.08072396608079238,1.8037500000000002,0.4443657699463361,-14.125
05_B2_Ternaries_Solubility,B2_TERN_SOL_081_Ru_Hf75_Mo25,0.0,0.0,0.0,0.375,0.125,0.0,0.5,0.0,0.0,0.0,0.0,0.0,0.0,16,-161.16268425,-10.072667765625,-1.2101248481250018,238.32799999999992,14.895499999999995,0.5,6.25,1.4362500000000002,17.212500000000002,0.07830480237963841,1.8575000000000002,0.4320228581915545,-13.25
05_B2_Ternaries_Solubility,B2_TERN_SOL_082_Ru_Hf87_Ta12,0.0,0.0,0.0,0.4375,0.0,0.0,0.5,0.0,0.0625,0.0,0.0,0.0,0.0,16,-164.41841165,-10.276150728125,-1.5281156912499991,238.32800000000015,14.895500000000009,0.5,6.0625,1.4525000000000001,17.78125,0.07982594578523391,1.7625000000000002,0.4399928976699511,-13.625
05_B2_Ternaries_Solubility,B2_TERN_SOL_083_Ru_Hf75_Ta25,0.0,0.0,0.0,0.375,0.0,0.0,0.5,0.0,0.125,0.0,0.0,0.0,0.0,16,-165.56519059,-10.347824411875,-1.4174101431250001,238.32800000000015,14.895500000000009,0.5,6.125,1.4450000000000003,17.512500000000003,0.07698475938161588,1.7750000000000001,0.4293891009329418,-12.25
05_B2_Ternaries_Solubility,B2_TERN_SOL_084_Ru_Hf87_W12,0.0,0.0,0.0,0.4375,0.0,0.0,0.5,0.0,0.0,0.0,0.0,0.0625,0.0,16,-164.22814338,-10.26425896125,-1.4306458406250009,238.32800000000015,14.895500000000009,0.5,6.125,1.448125,17.64375,0.08072396608079238,1.8162500000000001,0.45684892196436233,-13.875
05_B2_Ternaries_Solubility,B2_TERN_SOL_085_Ru_Hf75_W25,0.0,0.0,0.0,0.375,0.0,0.0,0.5,0.0,0.0,0.0,0.0,0.125,0.0,16,-165.32742933,-10.332964333125,-1.2313938968749998,238.32799999999992,14.895499999999995,0.5,6.25,1.4362500000000002,17.2375,0.07830480237963841,1.8825,0.4540305606454262,-12.75
05_B2_Ternaries_Solubility,B2_TERN_SOL_086_Ru_Hf87_V12,0.0,0.0,0.0,0.4375,0.0,0.0,0.5,0.0,0.0,0.0,0.0625,0.0,0.0,16,-161.46983002,-10.09186437625,-1.4989267406249986,238.32800000000015,14.895500000000009,0.5,6.0625,1.445,17.49375,0.0823936394449181,1.7706250000000001,0.43625492475730293,-13.375
05_B2_Ternaries_Solubility,B2_TERN_SOL_087_Ru_Hf75_V25,0.0,0.0,0.0,0.375,0.0,0.0,0.5,0.0,0.0,0.0,0.125,0.0,0.0,16,-159.77264357,-9.985790223125,-1.3655707568750017,238.32799999999972,14.895499999999982,0.5,6.125,1.4300000000000002,16.9375,0.08125139887148426,1.7912500000000002,0.42105336657008224,-11.75
05_B2_Ternaries_Solubility,B2_TERN_SOL_088_Ru_Ti87_Nb12,0.0,0.0,0.0,0.0,0.0,0.0625,0.5,0.0,0.0,0.4375,0.0,0.0,0.0,16,-148.73597223,-9.295998264375,-1.0659885981249992,238.32800000000015,14.895500000000009,0.5,6.0625,1.404375,15.76875,0.045869131623880455,1.8737500000000002,0.3265515847458102,-9.59375
05_B2_Ternaries_Solubility,B2_TERN_SOL_089_Ru_Ti75_Nb25,0.0,0.0,0.0,0.0,0.0,0.125,0.5,0.0,0.0,0.375,0.0,0.0,0.0,16,-149.87438271,-9.367148919375,-1.0192576068749997,238.32799999999992,14.895499999999995,0.5,6.125,1.40375,15.7875,0.0454664199865351,1.8775000000000002,0.3230228320103705,-9.125
05_B2_Ternaries_Solubility,B2_TERN_SOL_090_Ru_Ti87_Mo12,0.0,0.0,0.0,0.0,0.0625,0.0,0.5,0.0,0.0,0.4375,0.0,0.0,0.0,16,-148.48610272,-9.28038142,-0.9631188706249993,238.32800000000015,14.895500000000009,0.5,6.125,1.4,15.61875,0.04489216103563043,1.9087500000000002,0.32534356840115963,-9.75
05_B2_Ternaries_Solubility,B2_TERN_SOL_091_Ru_Ti75_Mo25,0.0,0.0,0.0,0.0,0.125,0.0,0.5,0.0,0.0,0.375,0.0,0.0,0.0,16,-149.36881212,-9.3355507575,-0.81315367875,238.32800000000015,14.895500000000009,0.5,6.25,1.395,15.487499999999999,0.04315983719997233,1.9475000000000002,0.3159014878090954,-9.5
05_B2_Ternaries_Solubility,B2_TERN_SOL_092_Ru_Ti87_Ta12,0.0,0.0,0.0,0.0,0.0,0.0,0.5,0.0,0.0625,0.4375,0.0,0.0,0.0,16,-150.95700895,-9.434813059375,-1.083614834375,238.32800000000015,14.895500000000009,0.5,6.0625,1.404375,15.76875,0.045869131623880455,1.8675000000000002,0.33263155292305036,-9.25
05_B2_Ternaries_Solubility,B2_TERN_SOL_093_Ru_Ti75_Ta25,0.0,0.0,0.0,0.0,0.0,0.0,0.5,0.0,0.125,0.375,0.0,0.0,0.0,16,-154.27901404,-9.6424383775,-1.0521699474999995,238.32799999999992,14.895499999999995,0.5,6.125,1.40375,15.7875,0.0454664199865351,1.8650000000000002,0.33522380583723477,-8.5
05_B2_Ternaries_Solubility,B2_TERN_SOL_094_Ru_Ti87_W12,0.0,0.0,0.0,0.0,0.0,0.0,0.5,0.0,0.0,0.4375,0.0,0.0625,0.0,16,-150.72964719,-9.420602949375,-0.9838266406250007,238.32800000000015,14.895500000000009,0.5,6.125,1.4,15.631250000000001,0.04489216103563043,1.9212500000000001,0.33833923434919577,-9.5
05_B2_Ternaries_Solubility,B2_TERN_SOL_095_Ru_Ti75_W25,0.0,0.0,0.0,0.0,0.0,0.0,0.5,0.0,0.0,0.375,0.0,0.125,0.0,16,-153.86366964,-9.6164793525,-0.8550547550000012,238.32800000000015,14.895500000000009,0.5,6.25,1.395,15.5125,0.04315983719997233,1.9725000000000001,0.3388122636505355,-9.0
05_B2_Ternaries_Solubility,B2_TERN_SOL_096_Ru_Ti87_V12,0.0,0.0,0.0,0.0,0.0,0.0,0.5,0.0,0.0,0.4375,0.0625,0.0,0.0,16,-147.49317612,-9.2183235075,-1.02222268375,238.32800000000015,14.895500000000009,0.5,6.0625,1.3968749999999999,15.481250000000001,0.04616747254206669,1.875625,0.3250570863325395,-9.0
05_B2_Ternaries_Solubility,B2_TERN_SOL_097_Ru_Ti75_V25,0.0,0.0,0.0,0.0,0.0,0.0,0.5,0.0,0.0,0.375,0.125,0.0,0.0,16,-147.44572911,-9.215358069375,-0.9352844418749999,238.32799999999992,14.895499999999995,0.5,6.125,1.38875,15.2125,0.045318436994326215,1.88125,0.3199389590218735,-8.0
05_B2_Ternaries_Solubility,B2_TERN_SOL_098_Ru_Zr87_Nb12,0.0,0.0,0.0,0.0,0.0,0.0625,0.5,0.0,0.0,0.0,0.0,0.0,0.4375,16,-148.02758941,-9.251724338125,-1.2180455881249994,238.32800000000015,14.895500000000009,0.5,6.0625,1.4612500000000002,18.21875,0.08594856903506175,1.7818750000000003,0.4228655038839182,-16.703125
05_B2_Ternaries_Solubility,B2_TERN_SOL_099_Ru_Zr75_Nb25,0.0,0.0,0.0,0.0,0.0,0.125,0.5,0.0,0.0,0.0,0.0,0.0,0.375,16,-149.08582073,-9.317863795625,-1.1382561256250003,238.32799999999992,14.895499999999995,0.5,6.125,1.4525000000000001,17.887500000000003,0.08288467557889503,1.79875,0.40967784599609486,-15.3125
05_B2_Ternaries_Solubility,B2_TERN_SOL_100_Ru_Zr87_Mo12,0.0,0.0,0.0,0.0,0.0625,0.0,0.5,0.0,0.0,0.0,0.0,0.0,0.4375,16,-148.03559825,-9.252224890625,-1.1312932574999994,238.32800000000015,14.895500000000009,0.5,6.125,1.4568750000000001,18.06875,0.08701732015536008,1.8168750000000002,0.42948688498602616,-16.75
05_B2_Ternaries_Solubility,B2_TERN_SOL_101_Ru_Zr75_Mo25,0.0,0.0,0.0,0.0,0.125,0.0,0.5,0.0,0.0,0.0,0.0,0.0,0.375,16,-149.1851952,-9.3240747,-0.969961263750001,238.32800000000034,14.895500000000022,0.5,6.25,1.44375,17.587500000000002,0.0845431381750008,1.8687500000000001,0.4175056137347138,-15.5
05_B2_Ternaries_Solubility,B2_TERN_SOL_102_Ru_Zr87_Ta12,0.0,0.0,0.0,0.0,0.0,0.0,0.5,0.0,0.0625,0.0,0.0,0.0,0.4375,16,-150.20025204,-9.3875157525,-1.2326484437500014,238.32800000000015,14.895500000000009,0.5,6.0625,1.4612500000000002,18.21875,0.08594856903506175,1.7756250000000002,0.4262330458505066,-16.25
05_B2_Ternaries_Solubility,B2_TERN_SOL_103_Ru_Zr75_Ta25,0.0,0.0,0.0,0.0,0.0,0.0,0.5,0.0,0.125,0.0,0.0,0.0,0.375,16,-153.40987034,-9.58811689625,-1.1661321087500003,238.32799999999992,14.895499999999995,0.5,6.125,1.4525000000000001,17.887500000000003,0.08288467557889503,1.7862500000000001,0.4170113157937085,-14.5
05_B2_Ternaries_Solubility,B2_TERN_SOL_104_Ru_Zr87_W12,0.0,0.0,0.0,0.0,0.0,0.0,0.5,0.0,0.0,0.0,0.0,0.0625,0.4375,16,-150.1127575,-9.38204734375,-1.1416019512499993,238.32800000000015,14.895500000000009,0.5,6.125,1.4568750000000001,18.08125,0.08701732015536008,1.8293750000000002,0.44201907127973566,-16.5
05_B2_Ternaries_Solubility,B2_TERN_SOL_105_Ru_Zr75_W25,0.0,0.0,0.0,0.0,0.0,0.0,0.5,0.0,0.0,0.0,0.0,0.125,0.375,16,-153.24119194,-9.57757449625,-0.9844335412499987,238.32799999999992,14.895499999999995,0.5,6.25,1.44375,17.6125,0.0845431381750008,1.89375,0.4396003156277302,-15.0
05_B2_Ternaries_Solubility,B2_TERN_SOL_106_Ru_Zr87_V12,0.0,0.0,0.0,0.0,0.0,0.0,0.5,0.0,0.0,0.0,0.0625,0.0,0.4375,16,-147.41322926,-9.21332682875,-1.2135569212500013,238.32800000000015,14.895500000000009,0.5,6.0625,1.45375,17.93125,0.08872252891790117,1.7837500000000002,0.42212076174952595,-16.0
05_B2_Ternaries_Solubility,B2_TERN_SOL_107_Ru_Zr75_V25,0.0,0.0,0.0,0.0,0.0,0.0,0.5,0.0,0.0,0.0,0.125,0.0,0.375,16,-147.77780123,-9.236112576875,-1.124322591875,238.32800000000015,14.895500000000009,0.5,6.125,1.4375,17.3125,0.08756310174034158,1.8025,0.4079751830687745,-14.0
06_B2_Penalty_RuSubstitution,B2_PENALTY_108_Ru100Al0_Hf,0.0,0.0,0.0,0.5,0.0,0.0,0.5,0.0,0.0,0.0,0.0,0.0,0.0,16,-163.13178961,-10.195736850625,-1.6300810456250012,238.32800000000015,14.895500000000009,0.5,6.0,1.46,18.05,0.0821917808219178,1.75,0.45000000000000007,-15.0
06_B2_Penalty_RuSubstitution,B2_PENALTY_109_Ru87Al12_Hf,0.0625,0.0,0.0,0.5,0.0,0.0,0.4375,0.0,0.0,0.0,0.0,0.0,0.0,16,-155.59501286,-9.72468830375,-1.4885766587500004,238.32800000000015,14.895500000000009,0.4375,5.6875,1.4656250000000002,18.225,0.07934864242623813,1.7131250000000002,0.4355559486162484,-15.3125
06_B2_Penalty_RuSubstitution,B2_PENALTY_110_Ru75Al25_Hf,0.125,0.0,0.0,0.5,0.0,0.0,0.375,0.0,0.0,0.0,0.0,0.0,0.0,16,-148.32029526,-9.27001845375,-1.3634509687499996,238.32800000000015,14.895500000000009,0.375,5.375,1.47125,18.400000000000002,0.07625289023781602,1.67625,0.4173708632619197,-15.0
06_B2_Penalty_RuSubstitution,B2_PENALTY_111_Ru62Al37_Hf,0.1875,0.0,0.0,0.5,0.0,0.0,0.3125,0.0,0.0,0.0,0.0,0.0,0.0,16,-141.01469087,-8.813418179375,-1.2363948543750007,238.32799999999992,14.895499999999995,0.3125,5.0625,1.476875,18.575,0.07287612004350151,1.6393749999999998,0.3949282964982378,-14.0625
06_B2_Penalty_RuSubstitution,B2_PENALTY_112_Ru50Al50_Hf,0.25,0.0,0.0,0.5,0.0,0.0,0.25,0.0,0.0,0.0,0.0,0.0,0.0,16,-133.63000137,-8.351875085625,-1.1043959206250005,238.32799999999992,14.895499999999995,0.25,4.75,1.4825,18.75,0.06918108430612488,1.6025,0.3674489760497368,-12.5
06_B2_Penalty_RuSubstitution,B2_PENALTY_113_Ru87Cr12_Hf,0.0,0.0625,0.0,0.5,0.0,0.0,0.4375,0.0,0.0,0.0,0.0,0.0,0.0,16,-162.32619957,-10.145387473125,-1.5601493831249993,238.32800000000015,14.895500000000009,0.4375,5.875,1.4562500000000003,17.95625,0.08552303127252676,1.7162500000000003,0.4349838359065772,-12.578125
06_B2_Penalty_RuSubstitution,B2_PENALTY_114_Ru75Cr25_Hf,0.0,0.125,0.0,0.5,0.0,0.0,0.375,0.0,0.0,0.0,0.0,0.0,0.0,16,-161.05866895,-10.066166809375,-1.4613464343750007,238.32799999999992,14.895499999999995,0.375,5.75,1.4525,17.862500000000004,0.08868621706016011,1.6825,0.41670583149267304,-10.3125
06_B2_Penalty_RuSubstitution,B2_PENALTY_115_Ru62Cr37_Hf,0.0,0.1875,0.0,0.5,0.0,0.0,0.3125,0.0,0.0,0.0,0.0,0.0,0.0,16,-159.51363694,-9.96960230875,-1.3451996487500004,238.32800000000015,14.895500000000009,0.3125,5.625,1.44875,17.76875,0.09169796160786031,1.64875,0.3947131078390988,-8.203125
06_B2_Penalty_RuSubstitution,B2_PENALTY_116_Ru50Cr50_Hf,0.0,0.25,0.0,0.5,0.0,0.0,0.25,0.0,0.0,0.0,0.0,0.0,0.0,16,-157.91457825,-9.869661140625,-1.2256761956250006,238.32799999999992,14.895499999999995,0.25,5.5,1.445,17.675,0.09457197487001007,1.615,0.3683408747342603,-6.25
06_B2_Penalty_RuSubstitution,B2_PENALTY_117_Ru87Cu12_Hf,0.0,0.0,0.0625,0.5,0.0,0.0,0.4375,0.0,0.0,0.0,0.0,0.0,0.0,16,-156.02232274,-9.75139517125,-1.5201432749999988,238.32800000000015,14.895500000000009,0.4375,6.1875,1.4562500000000003,17.925,0.08552303127252676,1.7312500000000002,0.43691925741491416,-14.4375
06_B2_Penalty_RuSubstitution,B2_PENALTY_118_Ru75Cu25_Hf,0.0,0.0,0.125,0.5,0.0,0.0,0.375,0.0,0.0,0.0,0.0,0.0,0.0,16,-149.26809426,-9.32925589125,-1.4324079037499997,238.32800000000015,14.895500000000009,0.375,6.375,1.4525,17.800000000000004,0.08868621706016011,1.7125000000000001,0.42260353760942426,-13.5
06_B2_Penalty_RuSubstitution,B2_PENALTY_119_Ru62Cu37_Hf,0.0,0.0,0.1875,0.5,0.0,0.0,0.3125,0.0,0.0,0.0,0.0,0.0,0.0,16,-142.47296115,-8.904560071875,-1.3421159931250006,238.32799999999992,14.895499999999995,0.3125,6.5625,1.44875,17.675,0.09169796160786031,1.6937499999999999,0.4069225202664508,-12.1875
06_B2_Penalty_RuSubstitution,B2_PENALTY_120_Ru50Cu50_Hf,0.0,0.0,0.25,0.5,0.0,0.0,0.25,0.0,0.0,0.0,0.0,0.0,0.0,16,-135.71726573,-8.482329108125,-1.2542889381250006,238.32799999999992,14.895499999999995,0.25,6.75,1.445,17.55,0.09457197487001007,1.675,0.3897114317029974,-10.5
06_B2_Penalty_RuSubstitution,B2_PENALTY_121_Ru87Si12_Hf,0.0,0.0,0.0,0.5,0.0,0.0,0.4375,0.0625,0.0,0.0,0.0,0.0,0.0,16,-157.59555097,-9.849721935625,-1.5282974818750006,238.32800000000015,14.895500000000009,0.4375,5.75,1.4493750000000003,18.4375,0.09420659775232863,1.7312500000000002,0.43691925741491416,-12.25
06_B2_Penalty_RuSubstitution,B2_PENALTY_122_Ru75Si25_Hf,0.0,0.0,0.0,0.5,0.0,0.0,0.375,0.125,0.0,0.0,0.0,0.0,0.0,16,-152.47852808,-9.529908005,-1.4527149024999986,238.32799999999992,14.895499999999995,0.375,5.5,1.43875,18.825000000000003,0.10462936747667187,1.7125000000000001,0.42260353760942426,-9.75
06_B2_Penalty_RuSubstitution,B2_PENALTY_123_Ru62Si37_Hf,0.0,0.0,0.0,0.5,0.0,0.0,0.3125,0.1875,0.0,0.0,0.0,0.0,0.0,16,-147.32246713,-9.207654195625,-1.3746924443750004,238.32800000000015,14.895500000000009,0.3125,5.25,1.428125,19.2125,0.11388566543972621,1.6937499999999999,0.4069225202664508,-7.5
06_B2_Penalty_RuSubstitution,B2_PENALTY_124_Ru50Si50_Hf,0.0,0.0,0.0,0.5,0.0,0.0,0.25,0.25,0.0,0.0,0.0,0.0,0.0,16,-142.19717951,-8.887323719375,-1.2985933193750014,238.32800000000015,14.895500000000009,0.25,5.0,1.4175,19.6,0.12222871173896784,1.6750000000000003,0.3897114317029974,-5.5
06_B2_Penalty_RuSubstitution,B2_PENALTY_125_Ru100Al0_Ti,0.0,0.0,0.0,0.0,0.0,0.0,0.5,0.0,0.0,0.5,0.0,0.0,0.0,16,-147.51734673,-9.219834170625,-1.1077061506250008,238.32800000000015,14.895500000000009,0.5,6.0,1.405,15.75,0.0462633451957295,1.87,0.33000000000000007,-10.0
06_B2_Penalty_RuSubstitution,B2_PENALTY_126_Ru87Al12_Ti,0.0625,0.0,0.0,0.0,0.0,0.0,0.4375,0.0,0.0,0.5,0.0,0.0,0.0,16,-141.06223063,-8.816389414375,-1.0338055543749993,238.32800000000015,14.895500000000009,0.4375,5.6875,1.410625,15.924999999999999,0.04465745004478511,1.8331250000000001,0.3239737402552868,-10.9375
06_B2_Penalty_RuSubstitution,B2_PENALTY_127_Ru75Al25_Ti,0.125,0.0,0.0,0.0,0.0,0.0,0.375,0.0,0.0,0.5,0.0,0.0,0.0,16,-134.62097901,-8.413811188125,-0.9607714881250011,238.32799999999992,14.895499999999995,0.375,5.375,1.41625,16.1,0.04264945958817138,1.7962500000000001,0.3135258163213997,-11.25
06_B2_Penalty_RuSubstitution,B2_PENALTY_128_Ru62Al37_Ti,0.1875,0.0,0.0,0.0,0.0,0.0,0.3125,0.0,0.0,0.5,0.0,0.0,0.0,16,-128.16359254,-8.01022453375,-0.8867289937500002,238.32799999999992,14.895499999999995,0.3125,5.0625,1.421875,16.275,0.040187941520337556,1.759375,0.2981918164118526,-10.9375
06_B2_Penalty_RuSubstitution,B2_PENALTY_129_Ru50Al50_Ti,0.25,0.0,0.0,0.0,0.0,0.0,0.25,0.0,0.0,0.5,0.0,0.0,0.0,16,-121.55166209,-7.596978880625,-0.8030275006250003,238.32800000000015,14.895500000000009,0.25,4.75,1.4275,16.45,0.037192225186681756,1.7225000000000001,0.27716195626384227,-10.0
06_B2_Penalty_RuSubstitution,B2_PENALTY_130_Ru87Cr12_Ti,0.0,0.0625,0.0,0.0,0.0,0.0,0.4375,0.0,0.0,0.5,0.0,0.0,0.0,16,-146.68572997,-9.167858123125,-1.0361478181250003,238.32800000000015,14.895500000000009,0.4375,5.875,1.40125,15.65625,0.05007472685347437,1.8362500000000002,0.32204182569970635,-8.203125
06_B2_Penalty_RuSubstitution,B2_PENALTY_131_Ru75Cr25_Ti,0.0,0.125,0.0,0.0,0.0,0.0,0.375,0.0,0.0,0.5,0.0,0.0,0.0,16,-145.43836343,-9.089897714375,-0.9386051243750018,238.32799999999992,14.895499999999995,0.375,5.75,1.3975,15.5625,0.05351797961234915,1.8025000000000002,0.31023176819919657,-6.5625
06_B2_Penalty_RuSubstitution,B2_PENALTY_132_Ru62Cr37_Ti,0.0,0.1875,0.0,0.0,0.0,0.0,0.3125,0.0,0.0,0.5,0.0,0.0,0.0,16,-143.98429408,-8.99901838,-0.8281435050000017,238.32799999999992,14.895499999999995,0.3125,5.625,1.39375,15.46875,0.056658620527666674,1.76875,0.294106167055368,-5.078125
06_B2_Penalty_RuSubstitution,B2_PENALTY_133_Ru50Cr50_Ti,0.0,0.25,0.0,0.0,0.0,0.0,0.25,0.0,0.0,0.5,0.0,0.0,0.0,16,-142.46695122,-8.90418445125,-0.7137272912500006,238.32799999999992,14.895499999999995,0.25,5.5,1.39,15.375,0.05954296891095989,1.735,0.27290108097990384,-3.75
06_B2_Penalty_RuSubstitution,B2_PENALTY_134_Ru87Cu12_Ti,0.0,0.0,0.0625,0.0,0.0,0.0,0.4375,0.0,0.0,0.5,0.0,0.0,0.0,16,-140.41343592,-8.775839745,-0.9981156337500012,238.32800000000015,14.895500000000009,0.4375,6.1875,1.40125,15.625,0.05007472685347437,1.85125,0.3190586740710869,-10.0625
06_B2_Penalty_RuSubstitution,B2_PENALTY_135_Ru75Cu25_Ti,0.0,0.0,0.125,0.0,0.0,0.0,0.375,0.0,0.0,0.5,0.0,0.0,0.0,16,-133.4882068,-8.343012925,-0.8996927225000002,238.32799999999992,14.895499999999995,0.375,6.375,1.3975,15.5,0.05351797961234915,1.8325000000000002,0.30658400153954546,-9.75
06_B2_Penalty_RuSubstitution,B2_PENALTY_136_Ru62Cu37_Ti,0.0,0.0,0.1875,0.0,0.0,0.0,0.3125,0.0,0.0,0.5,0.0,0.0,0.0,16,-126.55899946,-7.90993746625,-0.8010211725000005,238.32800000000034,14.895500000000022,0.3125,6.5625,1.39375,15.375,0.056658620527666674,1.81375,0.292379782987812,-9.0625
06_B2_Penalty_RuSubstitution,B2_PENALTY_137_Ru50Cu50_Ti,0.0,0.0,0.25,0.0,0.0,0.0,0.25,0.0,0.0,0.5,0.0,0.0,0.0,16,-119.62981468,-7.4768634175,-0.7023510325000002,238.32799999999992,14.895499999999995,0.25,6.75,1.39,15.25,0.05954296891095989,1.7950000000000002,0.27617928959282956,-8.0
06_B2_Penalty_RuSubstitution,B2_PENALTY_138_Ru87Si12_Ti,0.0,0.0,0.0,0.0,0.0,0.0,0.4375,0.0625,0.0,0.5,0.0,0.0,0.0,16,-142.66407755,-8.916504846875,-1.0486081781250007,238.32800000000015,14.895500000000009,0.4375,5.75,1.3943750000000001,16.1375,0.06127315210233097,1.85125,0.3190586740710869,-7.875
06_B2_Penalty_RuSubstitution,B2_PENALTY_139_Ru75Si25_Ti,0.0,0.0,0.0,0.0,0.0,0.0,0.375,0.125,0.0,0.5,0.0,0.0,0.0,16,-138.03777623,-8.627361014375,-1.003695696875,238.32800000000015,14.895500000000009,0.375,5.5,1.38375,16.525,0.07280177311096221,1.8325000000000002,0.30658400153954546,-6.0
06_B2_Penalty_RuSubstitution,B2_PENALTY_140_Ru62Si37_Ti,0.0,0.0,0.0,0.0,0.0,0.0,0.3125,0.1875,0.0,0.5,0.0,0.0,0.0,16,-133.27544291,-8.329715181875,-0.9502812156250009,238.32799999999992,14.895499999999995,0.3125,5.25,1.373125,16.9125,0.08230204262182104,1.81375,0.292379782987812,-4.375
06_B2_Penalty_RuSubstitution,B2_PENALTY_141_Ru50Si50_Ti,0.0,0.0,0.0,0.0,0.0,0.0,0.25,0.25,0.0,0.5,0.0,0.0,0.0,16,-128.51983256,-8.032489535,-0.89728692,238.32800000000015,14.895500000000009,0.25,5.0,1.3625,17.3,0.09039374632479703,1.795,0.27617928959282956,-3.0
06_B2_Penalty_RuSubstitution,B2_PENALTY_142_Ru100Al0_Zr,0.0,0.0,0.0,0.0,0.0,0.0,0.5,0.0,0.0,0.0,0.0,0.0,0.5,16,-146.92192547,-9.182620341875,-1.2948705118749997,238.32800000000015,14.895500000000009,0.5,6.0,1.4700000000000002,18.55,0.08843537414965985,1.7650000000000001,0.43500000000000005,-18.0
06_B2_Penalty_RuSubstitution,B2_PENALTY_143_Ru87Al12_Zr,0.0625,0.0,0.0,0.0,0.0,0.0,0.4375,0.0,0.0,0.0,0.0,0.0,0.5,16,-139.80347068,-8.7377169175,-1.1795112474999998,238.32800000000015,14.895500000000009,0.4375,5.6875,1.475625,18.725,0.08548459790634136,1.7281250000000001,0.4213552353715331,-17.9375
06_B2_Penalty_RuSubstitution,B2_PENALTY_144_Ru75Al25_Zr,0.125,0.0,0.0,0.0,0.0,0.0,0.375,0.0,0.0,0.0,0.0,0.0,0.5,16,-132.95740602,-8.30983787625,-1.0811763662500002,238.32799999999992,14.895499999999995,0.375,5.375,1.4812500000000002,18.900000000000002,0.08229903454198233,1.6912500000000001,0.4039009005932025,-17.25
06_B2_Penalty_RuSubstitution,B2_PENALTY_145_Ru62Al37_Zr,0.1875,0.0,0.0,0.0,0.0,0.0,0.3125,0.0,0.0,0.0,0.0,0.0,0.5,16,-126.25124793,-7.890702995625,-0.9915856456250003,238.32799999999992,14.895499999999995,0.3125,5.0625,1.486875,19.075,0.07885357031484395,1.654375,0.38211530900370905,-15.9375
06_B2_Penalty_RuSubstitution,B2_PENALTY_146_Ru50Al50_Zr,0.25,0.0,0.0,0.0,0.0,0.0,0.25,0.0,0.0,0.0,0.0,0.0,0.5,16,-119.49375372,-7.4683596075,-0.8987864175000002,238.32800000000034,14.895500000000022,0.25,4.75,1.4925,19.25,0.07511587043476943,1.6175000000000002,0.35520240708643863,-14.0
06_B2_Penalty_RuSubstitution,B2_PENALTY_147_Ru87Cr12_Zr,0.0,0.0625,0.0,0.0,0.0,0.0,0.4375,0.0,0.0,0.0,0.0,0.0,0.5,16,-146.39757643,-9.149848526875,-1.2425164118749992,238.32800000000015,14.895500000000009,0.4375,5.875,1.46625,18.45625,0.09171967089237006,1.7312500000000002,0.42065239509599855,-15.203125
06_B2_Penalty_RuSubstitution,B2_PENALTY_148_Ru75Cr25_Zr,0.0,0.125,0.0,0.0,0.0,0.0,0.375,0.0,0.0,0.0,0.0,0.0,0.5,16,-145.54058363,-9.096286476875,-1.169372076874999,238.32800000000015,14.895500000000009,0.375,5.75,1.4625000000000001,18.362500000000004,0.09485254289918002,1.6975000000000002,0.40298107896029073,-12.5625
06_B2_Penalty_RuSubstitution,B2_PENALTY_149_Ru62Cr37_Zr,0.0,0.1875,0.0,0.0,0.0,0.0,0.3125,0.0,0.0,0.0,0.0,0.0,0.5,16,-144.27055505,-9.016909690625,-1.0704130056250012,238.32800000000015,14.895500000000009,0.3125,5.625,1.45875,18.26875,0.09784784982518248,1.66375,0.38152449135016225,-10.078125
06_B2_Penalty_RuSubstitution,B2_PENALTY_150_Ru50Cr50_Zr,0.0,0.25,0.0,0.0,0.0,0.0,0.25,0.0,0.0,0.0,0.0,0.0,0.5,16,-142.97638826,-8.93602426625,-0.9699452962499997,238.32800000000015,14.895500000000009,0.25,5.5,1.455,18.175,0.10071718824572407,1.6300000000000001,0.355598087733891,-7.75
06_B2_Penalty_RuSubstitution,B2_PENALTY_151_Ru87Cu12_Zr,0.0,0.0,0.0625,0.0,0.0,0.0,0.4375,0.0,0.0,0.0,0.0,0.0,0.5,16,-140.26620682,-8.76663792625,-1.2132920050000005,238.32800000000015,14.895500000000009,0.4375,6.1875,1.46625,18.425,0.09171967089237006,1.74625,0.42212076174952595,-17.0625
06_B2_Penalty_RuSubstitution,B2_PENALTY_152_Ru75Cu25_Zr,0.0,0.0,0.125,0.0,0.0,0.0,0.375,0.0,0.0,0.0,0.0,0.0,0.5,16,-133.95290583,-8.372056614375,-1.1531146018749991,238.32800000000015,14.895500000000009,0.375,6.375,1.4625000000000001,18.300000000000004,0.09485254289918002,1.7275000000000003,0.40797518306877445,-15.75
06_B2_Penalty_RuSubstitution,B2_PENALTY_153_Ru62Cu37_Zr,0.0,0.0,0.1875,0.0,0.0,0.0,0.3125,0.0,0.0,0.0,0.0,0.0,0.5,16,-127.52910116,-7.9705688225,-1.08603071875,238.32799999999992,14.895499999999995,0.3125,6.5625,1.45875,18.175,0.09784784982518248,1.70875,0.3924263465925804,-14.0625
06_B2_Penalty_RuSubstitution,B2_PENALTY_154_Ru50Cu50_Zr,0.0,0.0,0.25,0.0,0.0,0.0,0.25,0.0,0.0,0.0,0.0,0.0,0.5,16,-121.20715287,-7.575447054375,-1.025312859375,238.32799999999992,14.895499999999995,0.25,6.75,1.455,18.05,0.10071718824572407,1.6900000000000002,0.3752998800959041,-12.0
06_B2_Penalty_RuSubstitution,B2_PENALTY_155_Ru87Si12_Zr,0.0,0.0,0.0,0.0,0.0,0.0,0.4375,0.0625,0.0,0.0,0.0,0.0,0.5,16,-141.90561607,-8.869101004375,-1.2255825256250006,238.32800000000015,14.895500000000009,0.4375,5.75,1.459375,18.9375,0.10013631928395365,1.74625,0.42212076174952595,-14.875
06_B2_Penalty_RuSubstitution,B2_PENALTY_156_Ru75Si25_Zr,0.0,0.0,0.0,0.0,0.0,0.0,0.375,0.125,0.0,0.0,0.0,0.0,0.5,16,-137.34571505,-8.584107190625,-1.1848200631249997,238.32800000000015,14.895500000000009,0.375,5.5,1.4487500000000002,19.325000000000003,0.11040969708429442,1.7275000000000003,0.40797518306877445,-12.0
06_B2_Penalty_RuSubstitution,B2_PENALTY_157_Ru62Si37_Zr,0.0,0.0,0.0,0.0,0.0,0.0,0.3125,0.1875,0.0,0.0,0.0,0.0,0.5,16,-132.99487753,-8.312179845625,-1.1571240693749996,238.32800000000057,14.895500000000036,0.3125,5.25,1.4381249999999999,19.7125,0.1196127751262542,1.70875,0.3924263465925804,-9.375
06_B2_Penalty_RuSubstitution,B2_PENALTY_158_Ru50Si50_Zr,0.0,0.0,0.0,0.0,0.0,0.0,0.25,0.25,0.0,0.0,0.0,0.0,0.5,16,-128.6285628,-8.039285175,-1.1284607500000003,238.32800000000015,14.895500000000009,0.25,5.0,1.4275,20.1,0.12796578117079907,1.69,0.37529988009590415,-7.0
07_B2_HighOrder,B2_MULTI_159_A_Ru87_Al12_B_HfTi,0.0625,0.0,0.0,0.25,0.0,0.0,0.4375,0.0,0.0,0.25,0.0,0.0,0.0,16,-148.92206605,-9.307629128125,-1.2982813756250007,238.32800000000015,14.895500000000009,0.4375,5.6875,1.438125,17.075000000000003,0.06778407265478988,1.773125,0.3885022321364448,-13.125
07_B2_HighOrder,B2_MULTI_160_A_Ru75_Al25_B_HfTi,0.125,0.0,0.0,0.25,0.0,0.0,0.375,0.0,0.0,0.25,0.0,0.0,0.0,16,-142.11271521,-8.882044700625,-1.2022411081250004,238.32799999999992,14.895499999999995,0.375,5.375,1.44375,17.25,0.0652460087640544,1.73625,0.3739631499225559,-13.125
07_B2_HighOrder,B2_MULTI_161_A_Ru87_Al12_B_HfZr,0.0625,0.0,0.0,0.25,0.0,0.0,0.4375,0.0,0.0,0.0,0.0,0.0,0.25,16,-147.72980202,-9.23311262625,-1.3359539687499993,238.32799999999992,14.895499999999995,0.4375,5.6875,1.470625,18.475,0.08256505629691842,1.720625,0.42858005013649436,-16.625
07_B2_HighOrder,B2_MULTI_162_A_Ru75_Al25_B_HfZr,0.125,0.0,0.0,0.25,0.0,0.0,0.375,0.0,0.0,0.0,0.0,0.0,0.25,16,-140.66691826,-8.79168239125,-1.2240678937499991,238.32799999999972,14.895499999999982,0.375,5.375,1.47625,18.65,0.07942674430747684,1.68375,0.4107595860110876,-16.125
07_B2_HighOrder,B2_MULTI_163_A_Ru87_Al12_B_HfAl,0.3125,0.0,0.0,0.25,0.0,0.0,0.4375,0.0,0.0,0.0,0.0,0.0,0.0,16,-134.28296108,-8.3926850675,-1.4429272100000006,238.32799999999992,14.895499999999995,0.4375,5.4375,1.428125,16.8,0.06703561003704026,1.7906250000000001,0.37906906939896856,-17.5
07_B2_HighOrder,B2_MULTI_163_A_Ru87_Al13_B_HfAl,0.3125,0.0,0.0,0.25,0.0,0.0,0.4375,0.0,0.0,0.0,0.0,0.0,0.0,16,-134.23477763,-8.389673601875,-1.439915744375,238.32800000000034,14.895500000000022,0.4375,5.4375,1.428125,16.8,0.06703561003704026,1.7906250000000001,0.37906906939896856,-17.5
07_B2_HighOrder,B2_MULTI_164_A_Ru75_Al25_B_HfAl,0.375,0.0,0.0,0.25,0.0,0.0,0.375,0.0,0.0,0.0,0.0,0.0,0.0,16,-126.97636629,-7.936022893125,-1.3158091956250004,238.32800000000015,14.895500000000009,0.375,5.125,1.43375,16.975,0.06486275554125845,1.75375,0.3659213542552553,-16.875
07_B2_HighOrder,B2_MULTI_165_A_Ru87_Al12_B_TiZr,0.0625,0.0,0.0,0.0,0.0,0.0,0.4375,0.0,0.0,0.25,0.0,0.0,0.25,16,-141.27050937,-8.829406835625,-1.1590120706250007,238.32800000000034,14.895500000000022,0.4375,5.6875,1.4431250000000002,17.325000000000003,0.0726646156036963,1.7806250000000001,0.37948103954611495,-14.4375
07_B2_HighOrder,B2_MULTI_166_A_Ru75_Al25_B_TiZr,0.125,0.0,0.0,0.0,0.0,0.0,0.375,0.0,0.0,0.25,0.0,0.0,0.25,16,-134.67603611,-8.417252256875,-1.0764016518750008,238.32799999999992,14.895499999999995,0.375,5.375,1.44875,17.5,0.07008993031808901,1.74375,0.36534016683085924,-14.25
07_B2_HighOrder,B2_MULTI_167_A_Ru87_Al12_B_TiAl,0.3125,0.0,0.0,0.0,0.0,0.0,0.4375,0.0,0.0,0.25,0.0,0.0,0.0,16,-125.63804199,-7.852377624375,-1.1293836593750006,238.32800000000015,14.895500000000009,0.4375,5.4375,1.400625,15.650000000000002,0.03962908672440702,1.8506250000000002,0.3092221844806741,-15.3125
07_B2_HighOrder,B2_MULTI_167_A_Ru87_Al13_B_TiAl,0.3125,0.0,0.0,0.0,0.0,0.0,0.4375,0.0,0.0,0.25,0.0,0.0,0.0,16,-125.51880887,-7.844925554375,-1.1219315893750004,238.32800000000015,14.895500000000009,0.4375,5.4375,1.400625,15.650000000000002,0.03962908672440702,1.8506250000000002,0.3092221844806741,-15.3125
07_B2_HighOrder,B2_MULTI_168_A_Ru75_Al25_B_TiAl,0.375,0.0,0.0,0.0,0.0,0.0,0.375,0.0,0.0,0.25,0.0,0.0,0.0,16,-119.16655455,-7.447909659375,-1.0544598543750006,238.32799999999992,14.895499999999995,0.375,5.125,1.40625,15.825000000000003,0.0381187229198072,1.81375,0.3004137771474538,-15.0
07_B2_HighOrder,B2_MULTI_169_A_Ru87_Al12_B_ZrAl,0.3125,0.0,0.0,0.0,0.0,0.0,0.4375,0.0,0.0,0.0,0.0,0.0,0.25,16,-126.93656063,-7.933535039375,-1.3227301693750002,238.32800000000034,14.895500000000022,0.4375,5.4375,1.433125,17.05,0.0723771647423495,1.7981250000000002,0.36946276453115007,-18.8125
07_B2_HighOrder,B2_MULTI_169_A_Ru87_Al13_B_ZrAl,0.3125,0.0,0.0,0.0,0.0,0.0,0.4375,0.0,0.0,0.0,0.0,0.0,0.25,16,-126.93656021,-7.933535013125,-1.3227301431249998,238.32800000000015,14.895500000000009,0.4375,5.4375,1.433125,17.05,0.0723771647423495,1.7981250000000002,0.36946276453115007,-18.8125
07_B2_HighOrder,B2_MULTI_170_A_Ru75_Al25_B_ZrAl,0.375,0.0,0.0,0.0,0.0,0.0,0.375,0.0,0.0,0.0,0.0,0.0,0.25,16,-120.52165008,-7.53260313,-1.2513424200000003,238.32799999999992,14.895499999999995,0.375,5.125,1.4387500000000002,17.225,0.07014797958100587,1.76125,0.3567365099061211,-18.0
