B2_Name,a_B2,a_BCC,Pred_Misfit,Pred_Energy,Misfit,B2_Ru,B2_Hf,B2_Ti,B2_Al,B2_Zr,B2_Mo,BCC_Mo,BCC_Ta,BCC_V,BCC_Nb
B2_PENALTY_125_Ru100Al0_Ti,4.881705796,3.31173466,0.019929679165178613,-1.0529304426513533,0.383226349,0.5,0.0,0.5,0.0,0.0,0.0,0.0,0.75,0.0,0.25
B2_015_RuTi,2.43976227,3.31173466,0.019929679165178613,-1.0529304426513533,-0.303215806,0.5,0.0,0.5,0.0,0.0,0.0,0.0,0.75,0.0,0.25
B2_TERN_SOL_083_Ru_Hf75_Ta25,3.216563145,3.16642062,0.01565243498854361,-1.031572072333247,0.015711312,0.5,0.375,0.0,0.0,0.0,0.0,0.0,0.0,0.5,0.5
B2_TERN_SOL_083_Ru_Hf75_Ta25,3.216563145,3.22178751,-0.0017376847779238952,-1.031572072333247,-0.001622889,0.5,0.375,0.0,0.0,0.0,0.0,0.5,0.5,0.0,0.0
B2_TERN_SOL_083_Ru_Hf75_Ta25,3.216563145,3.24817106,-0.012922443700177701,-1.031572072333247,-0.009778566,0.5,0.375,0.0,0.0,0.0,0.0,0.0,0.0,0.25,0.75
B2_TERN_SOL_083_Ru_Hf75_Ta25,3.216563145,3.23145248,-0.003331815797009347,-1.031572072333247,-0.004618269,0.5,0.375,0.0,0.0,0.0,0.0,0.5,0.0,0.0,0.5
B2_TERN_SOL_083_Ru_Hf75_Ta25,3.216563145,3.15902895,0.016167875464924562,-1.031572072333247,0.018048267,0.5,0.375,0.0,0.0,0.0,0.0,0.0,0.5,0.5,0.0
B2_TERN_SOL_083_Ru_Hf75_Ta25,3.216563145,3.27521311,-0.01722037627823774,-1.031572072333247,-0.018069004,0.5,0.375,0.0,0.0,0.0,0.0,0.25,0.0,0.0,0.75
B2_TERN_SOL_083_Ru_Hf75_Ta25,3.216563145,3.18583421,0.005160717541393753,-1.031572072333247,0.009599196,0.5,0.375,0.0,0.0,0.0,0.0,0.75,0.25,0.0,0.0
B2_TERN_SOL_083_Ru_Hf75_Ta25,3.216563145,3.23816412,-0.009978040929626569,-1.031572072333247,-0.006693071,0.5,0.375,0.0,0.0,0.0,0.0,0.0,0.75,0.25,0.0
B2_TERN_SOL_083_Ru_Hf75_Ta25,3.216563145,3.26436851,-0.014902906935435258,-1.031572072333247,-0.014752621,0.5,0.375,0.0,0.0,0.0,0.0,0.25,0.75,0.0,0.0
B2_TERN_SOL_083_Ru_Hf75_Ta25,3.216563145,3.19107183,0.005151640176044544,-1.031572072333247,0.007956544,0.5,0.375,0.0,0.0,0.0,0.0,0.75,0.0,0.0,0.25
B2_PENALTY_122_Ru75Si25_Hf,3.248412429,3.27521311,-0.0058252779016666634,-1.0097945739701244,-0.008216499,0.375,0.5,0.0,0.0,0.0,0.0,0.25,0.0,0.0,0.75
B2_PENALTY_122_Ru75Si25_Hf,3.248412429,3.23816412,0.0023411581044999975,-1.0097945739701244,0.003159851,0.375,0.5,0.0,0.0,0.0,0.0,0.0,0.75,0.25,0.0
B2_PENALTY_122_Ru75Si25_Hf,3.248412429,3.23145248,0.004782168870000007,-1.0097945739701244,0.005234661,0.375,0.5,0.0,0.0,0.0,0.0,0.5,0.0,0.0,0.5
B2_PENALTY_122_Ru75Si25_Hf,3.248412429,3.24817106,-5.51455416666666e-05,-1.0097945739701244,7.43e-05,0.375,0.5,0.0,0.0,0.0,0.0,0.0,0.0,0.25,0.75
B2_PENALTY_122_Ru75Si25_Hf,3.248412429,3.19107183,0.01565886877499999,-1.0097945739701244,0.017809066,0.375,0.5,0.0,0.0,0.0,0.0,0.75,0.0,0.0,0.25
B2_PENALTY_122_Ru75Si25_Hf,3.248412429,3.22178751,0.0069698071795000075,-1.0097945739701244,0.008230014,0.375,0.5,0.0,0.0,0.0,0.0,0.5,0.5,0.0,0.0
B2_PENALTY_122_Ru75Si25_Hf,3.248412429,3.18583421,0.015617941645,-1.0097945739701244,0.019451607,0.375,0.5,0.0,0.0,0.0,0.0,0.75,0.25,0.0,0.0
B2_PENALTY_122_Ru75Si25_Hf,3.248412429,3.31173466,-0.019152101474107085,-1.0097945739701244,-0.019305125,0.375,0.5,0.0,0.0,0.0,0.0,0.0,0.75,0.0,0.25
B2_PENALTY_122_Ru75Si25_Hf,3.248412429,3.26436851,-0.004821692613357138,-1.0097945739701244,-0.004899929,0.375,0.5,0.0,0.0,0.0,0.0,0.25,0.75,0.0,0.0
B2_TERN_SOL_079_Ru_Hf75_Nb25,3.221161604,3.27521311,-0.015914654030103906,-0.9908841988318224,-0.016640514,0.5,0.375,0.0,0.0,0.0,0.0,0.25,0.0,0.0,0.75
B2_TERN_SOL_079_Ru_Hf75_Nb25,3.221161604,3.16642062,0.016446074643849874,-0.9908841988318224,0.017139813,0.5,0.375,0.0,0.0,0.0,0.0,0.0,0.0,0.5,0.5
B2_TERN_SOL_079_Ru_Hf75_Nb25,3.221161604,3.19107183,0.0064645354926614225,-0.9908841988318224,0.009385115,0.5,0.375,0.0,0.0,0.0,0.0,0.75,0.0,0.0,0.25
B2_TERN_SOL_079_Ru_Hf75_Nb25,3.221161604,3.18583421,0.006601468013070152,-0.9908841988318224,0.011027756,0.5,0.375,0.0,0.0,0.0,0.0,0.75,0.25,0.0,0.0
B2_TERN_SOL_079_Ru_Hf75_Nb25,3.221161604,3.22178751,-0.001164074570151349,-0.9908841988318224,-0.000194292,0.5,0.375,0.0,0.0,0.0,0.0,0.5,0.5,0.0,0.0
B2_TERN_SOL_079_Ru_Hf75_Nb25,3.221161604,3.23145248,-0.0028147372472432947,-0.9908841988318224,-0.003189677,0.5,0.375,0.0,0.0,0.0,0.0,0.5,0.0,0.0,0.5
B2_TERN_SOL_079_Ru_Hf75_Nb25,3.221161604,3.26436851,-0.014092686603410032,-0.9908841988318224,-0.013324094,0.5,0.375,0.0,0.0,0.0,0.0,0.25,0.75,0.0,0.0
B2_TERN_SOL_079_Ru_Hf75_Nb25,3.221161604,3.23816412,-0.009309271448963326,-0.9908841988318224,-0.005264486,0.5,0.375,0.0,0.0,0.0,0.0,0.0,0.75,0.25,0.0
B2_TERN_SOL_079_Ru_Hf75_Nb25,3.221161604,3.24817106,-0.011621308658457253,-0.9908841988318224,-0.008349998,0.5,0.375,0.0,0.0,0.0,0.0,0.0,0.0,0.25,0.75
B2_TERN_SOL_079_Ru_Hf75_Nb25,3.221161604,3.15902895,0.016814006683397494,-0.9908841988318224,0.019476739,0.5,0.375,0.0,0.0,0.0,0.0,0.0,0.5,0.5,0.0
B2_TERN_SOL_093_Ru_Ti75_Ta25,3.098798357,3.02092873,0.015547636688302412,-0.9581277760919968,0.025448725,0.5,0.0,0.375,0.0,0.0,0.0,0.25,0.0,0.75,0.0
B2_TERN_SOL_093_Ru_Ti75_Ta25,3.098798357,3.15902895,-0.01862156011619642,-0.9581277760919968,-0.019249682,0.5,0.0,0.375,0.0,0.0,0.0,0.0,0.5,0.5,0.0
B2_TERN_SOL_093_Ru_Ti75_Ta25,3.098798357,3.10818653,-0.007389722221938308,-0.9581277760919968,-0.003025035,0.5,0.0,0.375,0.0,0.0,0.0,0.75,0.0,0.25,0.0
B2_TERN_SOL_093_Ru_Ti75_Ta25,3.098798357,3.06403346,0.007901597759698892,-0.9581277760919968,0.011282118,0.5,0.0,0.375,0.0,0.0,0.0,0.5,0.0,0.5,0.0
B2_TERN_SOL_093_Ru_Ti75_Ta25,3.098798357,3.07696301,0.0067841032027221556,-0.9581277760919968,0.007071305,0.5,0.0,0.375,0.0,0.0,0.0,0.0,0.0,0.75,0.25
B2_TERN_SOL_093_Ru_Ti75_Ta25,3.098798357,3.07386981,0.0071624649596799496,-0.9581277760919968,0.008077073,0.5,0.0,0.375,0.0,0.0,0.0,0.0,0.25,0.75,0.0
B2_PENALTY_110_Ru75Al25_Hf,3.264770933,3.19107183,0.01934941206125005,-0.9557422499999952,0.022831753,0.375,0.5,0.0,0.125,0.0,0.0,0.75,0.0,0.0,0.25
B2_PENALTY_110_Ru75Al25_Hf,3.264770933,3.31173466,-0.015006710505972243,-0.9557422499999952,-0.014282274,0.375,0.5,0.0,0.125,0.0,0.0,0.0,0.75,0.0,0.25
B2_PENALTY_110_Ru75Al25_Hf,3.264770933,3.26436851,-0.0015508865935714266,-0.9557422499999952,0.00012327,0.375,0.5,0.0,0.125,0.0,0.0,0.25,0.75,0.0,0.0
B2_PENALTY_110_Ru75Al25_Hf,3.264770933,3.24817106,0.0029488185570833297,-0.9557422499999952,0.005097504,0.375,0.5,0.0,0.125,0.0,0.0,0.0,0.0,0.25,0.75
B2_PENALTY_110_Ru75Al25_Hf,3.264770933,3.18583421,0.01925901354875005,-0.9557422499999952,0.024474207,0.375,0.5,0.0,0.125,0.0,0.0,0.75,0.25,0.0,0.0
B2_PENALTY_110_Ru75Al25_Hf,3.264770933,3.23145248,0.008765791413333323,-0.9557422499999952,0.010257792,0.375,0.5,0.0,0.125,0.0,0.0,0.5,0.0,0.0,0.5
B2_PENALTY_110_Ru75Al25_Hf,3.264770933,3.31693148,-0.016347130770138905,-0.9557422499999952,-0.015850169,0.375,0.5,0.0,0.125,0.0,0.0,0.0,0.5,0.0,0.5
B2_PENALTY_110_Ru75Al25_Hf,3.264770933,3.23816412,0.005910161496428569,-0.9557422499999952,0.008183017,0.375,0.5,0.0,0.125,0.0,0.0,0.0,0.75,0.25,0.0
B2_PENALTY_110_Ru75Al25_Hf,3.264770933,3.31909493,-0.016621036376805568,-0.9557422499999952,-0.016502158,0.375,0.5,0.0,0.125,0.0,0.0,0.0,0.25,0.0,0.75
B2_PENALTY_110_Ru75Al25_Hf,3.264770933,3.27521311,-0.003739867916666665,-0.9557422499999952,-0.003193334,0.375,0.5,0.0,0.125,0.0,0.0,0.25,0.0,0.0,0.75
B2_PENALTY_110_Ru75Al25_Hf,3.264770933,3.22178751,0.011781918871428567,-0.9557422499999952,0.013253075,0.375,0.5,0.0,0.125,0.0,0.0,0.5,0.5,0.0,0.0
B2_TERN_SOL_087_Ru_Hf75_V25,3.180813173,3.26436851,-0.017088567934099654,-0.9467614393620036,-0.025928001,0.5,0.375,0.0,0.0,0.0,0.0,0.25,0.75,0.0,0.0
B2_TERN_SOL_087_Ru_Hf75_V25,3.180813173,3.18583421,-0.001202504020254177,-0.9467614393620036,-0.001577294,0.5,0.375,0.0,0.0,0.0,0.0,0.75,0.25,0.0,0.0
B2_TERN_SOL_087_Ru_Hf75_V25,3.180813173,3.23816412,-0.014688529057546217,-0.9467614393620036,-0.017869185,0.5,0.375,0.0,0.0,0.0,0.0,0.0,0.75,0.25,0.0
B2_TERN_SOL_087_Ru_Hf75_V25,3.180813173,3.16642062,0.00646488978937658,-0.9467614393620036,0.004535063,0.5,0.375,0.0,0.0,0.0,0.0,0.0,0.0,0.5,0.5
B2_TERN_SOL_087_Ru_Hf75_V25,3.180813173,3.15902895,0.007908966398281335,-0.9467614393620036,0.006872166,0.5,0.375,0.0,0.0,0.0,0.0,0.0,0.5,0.5,0.0
B2_TERN_SOL_087_Ru_Hf75_V25,3.180813173,3.27521311,-0.01869036502356501,-0.9467614393620036,-0.029243975,0.5,0.375,0.0,0.0,0.0,0.0,0.25,0.0,0.0,0.75
B2_TERN_SOL_087_Ru_Hf75_V25,3.180813173,3.23145248,-0.007096868689418021,-0.9467614393620036,-0.015794513,0.5,0.375,0.0,0.0,0.0,0.0,0.5,0.0,0.0,0.5
B2_TERN_SOL_087_Ru_Hf75_V25,3.180813173,3.24817106,-0.01731862142299222,-0.9467614393620036,-0.020954441,0.5,0.375,0.0,0.0,0.0,0.0,0.0,0.0,0.25,0.75
B2_TERN_SOL_087_Ru_Hf75_V25,3.180813173,3.22178751,-0.006006772952234265,-0.9467614393620036,-0.012799279,0.5,0.375,0.0,0.0,0.0,0.0,0.5,0.5,0.0,0.0
B2_TERN_SOL_087_Ru_Hf75_V25,3.180813173,3.19107183,-0.001513784098004177,-0.9467614393620036,-0.003219976,0.5,0.375,0.0,0.0,0.0,0.0,0.75,0.0,0.0,0.25
B2_MULTI_168_A_Ru75_Al25_B_TiAl,3.070901903,3.10818653,-0.010505844894999974,-0.9413853389999953,-0.012068002,0.375,0.0,0.25,0.375,0.0,0.0,0.75,0.0,0.25,0.0
B2_MULTI_168_A_Ru75_Al25_B_TiAl,3.070901903,3.07386981,-0.0007262972099999987,-0.9413853389999953,-0.000965994,0.375,0.0,0.25,0.375,0.0,0.0,0.0,0.25,0.75,0.0
B2_MULTI_168_A_Ru75_Al25_B_TiAl,3.070901903,3.06403346,0.003372019500000004,-0.9413853389999953,0.002239125,0.375,0.0,0.25,0.375,0.0,0.0,0.5,0.0,0.5,0.0
B2_MULTI_168_A_Ru75_Al25_B_TiAl,3.070901903,3.07696301,-0.001157598940000002,-0.9413853389999953,-0.001971776,0.375,0.0,0.25,0.375,0.0,0.0,0.0,0.0,0.75,0.25
B2_MULTI_168_A_Ru75_Al25_B_TiAl,3.070901903,3.02092873,0.01620939487500004,-0.9413853389999953,0.016406619,0.375,0.0,0.25,0.375,0.0,0.0,0.25,0.0,0.75,0.0
B2_PENALTY_139_Ru75Si25_Ti,3.0820502,3.07386981,8.451302999999993e-05,-0.9361164499999955,0.002657731,0.375,0.0,0.5,0.0,0.0,0.0,0.0,0.25,0.75,0.0
B2_PENALTY_139_Ru75Si25_Ti,3.0820502,3.10818653,-0.009294459430000008,-0.9361164499999955,-0.008444372,0.375,0.0,0.5,0.0,0.0,0.0,0.75,0.0,0.25,0.0
B2_PENALTY_139_Ru75Si25_Ti,3.0820502,3.07696301,-0.00023281321000000036,-0.9361164499999955,0.00165195,0.375,0.0,0.5,0.0,0.0,0.0,0.0,0.0,0.75,0.25
B2_PENALTY_139_Ru75Si25_Ti,3.0820502,3.02092873,0.017266590879999984,-0.9361164499999955,0.020030045,0.375,0.0,0.5,0.0,0.0,0.0,0.25,0.0,0.75,0.0
B2_PENALTY_139_Ru75Si25_Ti,3.0820502,3.06403346,0.0036538855850000024,-0.9361164499999955,0.005862836,0.375,0.0,0.5,0.0,0.0,0.0,0.5,0.0,0.5,0.0
B2_MULTI_164_A_Ru75_Al25_B_HfAl,3.160855152,3.10818653,0.014647202585000033,-0.9328003089999964,0.016802767,0.375,0.25,0.0,0.375,0.0,0.0,0.75,0.0,0.25,0.0
B2_MULTI_164_A_Ru75_Al25_B_HfAl,3.160855152,3.16642062,0.00081328416,-0.9328003089999964,-0.001759199,0.375,0.25,0.0,0.375,0.0,0.0,0.0,0.0,0.5,0.5
B2_MULTI_164_A_Ru75_Al25_B_HfAl,3.160855152,3.19107183,-0.00835493863750001,-0.9328003089999964,-0.009514177,0.375,0.25,0.0,0.375,0.0,0.0,0.75,0.0,0.0,0.25
B2_MULTI_164_A_Ru75_Al25_B_HfAl,3.160855152,3.15902895,0.0026736583300000045,-0.9328003089999964,0.000577923,0.375,0.25,0.0,0.375,0.0,0.0,0.0,0.5,0.5,0.0
B2_MULTI_164_A_Ru75_Al25_B_HfAl,3.160855152,3.18583421,-0.007727311442500011,-0.9328003089999964,-0.007871524,0.375,0.25,0.0,0.375,0.0,0.0,0.75,0.25,0.0,0.0
B2_MULTI_164_A_Ru75_Al25_B_HfAl,3.160855152,3.22178751,-0.019290408374999995,-0.9328003089999964,-0.019093144,0.375,0.25,0.0,0.375,0.0,0.0,0.5,0.5,0.0,0.0
B2_PENALTY_118_Ru75Cu25_Hf,3.236261822,3.18583421,0.016127528561250024,-0.9233898889999995,0.015704409,0.375,0.5,0.0,0.0,0.0,0.0,0.75,0.25,0.0,0.0
B2_PENALTY_118_Ru75Cu25_Hf,3.236261822,3.26436851,-0.006998375533571416,-0.9233898889999995,-0.008647373,0.375,0.5,0.0,0.0,0.0,0.0,0.25,0.75,0.0,0.0
B2_PENALTY_118_Ru75Cu25_Hf,3.236261822,3.27521311,-0.00993441240666665,-0.9233898889999995,-0.011963891,0.375,0.5,0.0,0.0,0.0,0.0,0.25,0.0,0.0,0.75
B2_PENALTY_118_Ru75Cu25_Hf,3.236261822,3.23145248,0.002027901084999996,-0.9233898889999995,0.001487184,0.375,0.5,0.0,0.0,0.0,0.0,0.5,0.0,0.0,0.5
B2_PENALTY_118_Ru75Cu25_Hf,3.236261822,3.19107183,0.016351838521250023,-0.9233898889999995,0.014061816,0.375,0.5,0.0,0.0,0.0,0.0,0.75,0.0,0.0,0.25
B2_PENALTY_118_Ru75Cu25_Hf,3.236261822,3.23816412,0.0007569585764285687,-0.9233898889999995,-0.000587634,0.375,0.5,0.0,0.0,0.0,0.0,0.0,0.75,0.25,0.0
B2_PENALTY_118_Ru75Cu25_Hf,3.236261822,3.24817106,-0.0021312465529166684,-0.9233898889999995,-0.003673178,0.375,0.5,0.0,0.0,0.0,0.0,0.0,0.0,0.25,0.75
B2_PENALTY_118_Ru75Cu25_Hf,3.236261822,3.22178751,0.004712349241428569,-0.9233898889999995,0.004482565,0.375,0.5,0.0,0.0,0.0,0.0,0.5,0.5,0.0,0.0
B2_TERN_SOL_097_Ru_Ti75_V25,3.05499642,3.02092873,0.009557254084887185,-0.9053066410000018,0.011213993,0.5,0.0,0.375,0.0,0.0,0.0,0.25,0.0,0.75,0.0
B2_TERN_SOL_097_Ru_Ti75_V25,3.05499642,3.10818653,-0.013829491732938291,-0.9053066410000018,-0.017260597,0.5,0.0,0.375,0.0,0.0,0.0,0.75,0.0,0.25,0.0
B2_TERN_SOL_097_Ru_Ti75_V25,3.05499642,3.07386981,0.00023752597325083196,-0.9053066410000018,-0.006158852,0.5,0.0,0.375,0.0,0.0,0.0,0.0,0.25,0.75,0.0
B2_TERN_SOL_097_Ru_Ti75_V25,3.05499642,3.07696301,-0.0014140404560998173,-0.9053066410000018,-0.007164623,0.5,0.0,0.375,0.0,0.0,0.0,0.0,0.0,0.75,0.25
B2_TERN_SOL_097_Ru_Ti75_V25,3.05499642,3.06403346,0.0007762647174131697,-0.9053066410000018,-0.002953749,0.5,0.0,0.375,0.0,0.0,0.0,0.5,0.0,0.5,0.0
B2_TERN_SOL_089_Ru_Ti75_Nb25,3.102904429,3.10818653,-0.005272506684938314,-0.9031889439999955,-0.001700861,0.5,0.0,0.375,0.0,0.0,0.0,0.75,0.0,0.25,0.0
B2_TERN_SOL_089_Ru_Ti75_Nb25,3.102904429,3.07386981,0.008908351052521293,-0.9031889439999955,0.009401224,0.5,0.0,0.375,0.0,0.0,0.0,0.0,0.25,0.75,0.0
B2_TERN_SOL_089_Ru_Ti75_Nb25,3.102904429,3.06403346,0.01012579119234435,-0.9031889439999955,0.012606246,0.5,0.0,0.375,0.0,0.0,0.0,0.5,0.0,0.5,0.0
B2_TERN_SOL_089_Ru_Ti75_Nb25,3.102904429,3.02092873,0.019572585141310456,-0.9031889439999955,0.026772676,0.5,0.0,0.375,0.0,0.0,0.0,0.25,0.0,0.75,0.0
B2_TERN_SOL_089_Ru_Ti75_Nb25,3.102904429,3.07696301,0.008642077435313502,-0.9031889439999955,0.008395461,0.5,0.0,0.375,0.0,0.0,0.0,0.0,0.0,0.75,0.25
B2_TERN_SOL_089_Ru_Ti75_Nb25,3.102904429,3.15902895,-0.01888811544666719,-0.9031889439999955,-0.017925621,0.5,0.0,0.375,0.0,0.0,0.0,0.0,0.5,0.5,0.0
B2_MULTI_160_A_Ru75_Al25_B_HfTi,3.186447237,3.15902895,0.01031340345250003,-0.9000343030000024,0.008641837,0.375,0.25,0.25,0.125,0.0,0.0,0.0,0.5,0.5,0.0
B2_MULTI_160_A_Ru75_Al25_B_HfTi,3.186447237,3.19107183,-0.0008841168349999994,-0.9000343030000024,-0.00145028,0.375,0.25,0.25,0.125,0.0,0.0,0.75,0.0,0.0,0.25
B2_MULTI_160_A_Ru75_Al25_B_HfTi,3.186447237,3.22178751,-0.010081713214999979,-0.9000343030000024,-0.011029644,0.375,0.25,0.25,0.125,0.0,0.0,0.5,0.5,0.0,0.0
B2_MULTI_160_A_Ru75_Al25_B_HfTi,3.186447237,3.23145248,-0.013022785835,-0.9000343030000024,-0.014024913,0.375,0.25,0.25,0.125,0.0,0.0,0.5,0.0,0.0,0.5
B2_MULTI_160_A_Ru75_Al25_B_HfTi,3.186447237,3.24817106,-0.01990289832999995,-0.9000343030000024,-0.019184921,0.375,0.25,0.25,0.125,0.0,0.0,0.0,0.0,0.25,0.75
B2_MULTI_160_A_Ru75_Al25_B_HfTi,3.186447237,3.18583421,-0.00028514770500000073,-0.9000343030000024,0.000192404,0.375,0.25,0.25,0.125,0.0,0.0,0.75,0.25,0.0,0.0
B2_MULTI_160_A_Ru75_Al25_B_HfTi,3.186447237,3.16642062,0.00932952967250001,-0.9000343030000024,0.006304748,0.375,0.25,0.25,0.125,0.0,0.0,0.0,0.0,0.5,0.5
B2_PENALTY_127_Ru75Al25_Ti,3.09969531,3.06403346,0.008716204385000002,-0.8881906299999975,0.011571518,0.375,0.0,0.5,0.125,0.0,0.0,0.5,0.0,0.5,0.0
B2_PENALTY_127_Ru75Al25_Ti,3.09969531,3.07386981,0.0069522788350000085,-0.8881906299999975,0.008366479,0.375,0.0,0.5,0.125,0.0,0.0,0.0,0.25,0.75,0.0
B2_PENALTY_127_Ru75Al25_Ti,3.09969531,3.15902895,-0.018541363790000046,-0.8881906299999975,-0.018960298,0.375,0.0,0.5,0.125,0.0,0.0,0.0,0.5,0.5,0.0
B2_PENALTY_127_Ru75Al25_Ti,3.09969531,3.10818653,-0.00649240607999999,-0.8881906299999975,-0.002735626,0.375,0.0,0.5,0.125,0.0,0.0,0.75,0.0,0.25,0.0
B2_PENALTY_127_Ru75Al25_Ti,3.09969531,3.07696301,0.0056543404300000025,-0.8881906299999975,0.007360712,0.375,0.0,0.5,0.125,0.0,0.0,0.0,0.0,0.75,0.25
B2_PENALTY_127_Ru75Al25_Ti,3.09969531,3.16642062,-0.01700432199000002,-0.8881906299999975,-0.021297183,0.375,0.0,0.5,0.125,0.0,0.0,0.0,0.0,0.5,0.5
B2_MULTI_170_A_Ru75_Al25_B_ZrAl,3.180115415,3.10818653,0.019372320900000038,-0.8854183384772708,0.022877046,0.375,0.0,0.0,0.375,0.25,0.0,0.75,0.0,0.25,0.0
B2_MULTI_170_A_Ru75_Al25_B_ZrAl,3.180115415,3.16642062,0.005558209864999993,-0.8854183384772708,0.004315675,0.375,0.0,0.0,0.375,0.25,0.0,0.0,0.0,0.5,0.5
B2_MULTI_170_A_Ru75_Al25_B_ZrAl,3.180115415,3.19107183,-0.003098268855000002,-0.8854183384772708,-0.003439364,0.375,0.0,0.0,0.375,0.25,0.0,0.75,0.0,0.0,0.25
B2_MULTI_170_A_Ru75_Al25_B_ZrAl,3.180115415,3.15902895,0.007480917505000014,-0.8854183384772708,0.00665278,0.375,0.0,0.0,0.375,0.25,0.0,0.0,0.5,0.5,0.0
B2_MULTI_170_A_Ru75_Al25_B_ZrAl,3.180115415,3.18583421,-0.0023141829249999977,-0.8854183384772708,-0.001796682,0.375,0.0,0.0,0.375,0.25,0.0,0.75,0.25,0.0,0.0
B2_MULTI_170_A_Ru75_Al25_B_ZrAl,3.180115415,3.22178751,-0.016472651255000012,-0.8854183384772708,-0.013018659,0.375,0.0,0.0,0.375,0.25,0.0,0.5,0.5,0.0,0.0
B2_MULTI_170_A_Ru75_Al25_B_ZrAl,3.180115415,3.23145248,-0.017929853845000013,-0.8854183384772708,-0.016013888,0.375,0.0,0.0,0.375,0.25,0.0,0.5,0.0,0.0,0.5
B2_PENALTY_114_Ru75Cr25_Hf,3.225424668,3.18583421,0.012539148547500007,-0.878162691,0.012350291,0.375,0.5,0.0,0.0,0.0,0.0,0.75,0.25,0.0,0.0
B2_PENALTY_114_Ru75Cr25_Hf,3.225424668,3.23145248,0.0017578461849999938,-0.878162691,-0.001867098,0.375,0.5,0.0,0.0,0.0,0.0,0.5,0.0,0.0,0.5
B2_PENALTY_114_Ru75Cr25_Hf,3.225424668,3.22178751,0.0023623477169999988,-0.878162691,0.001128289,0.375,0.5,0.0,0.0,0.0,0.0,0.5,0.5,0.0,0.0
B2_PENALTY_114_Ru75Cr25_Hf,3.225424668,3.24817106,-0.004526053442916663,-0.878162691,-0.007027437,0.375,0.5,0.0,0.0,0.0,0.0,0.0,0.0,0.25,0.75
B2_PENALTY_114_Ru75Cr25_Hf,3.225424668,3.27521311,-0.008953846326666667,-0.878162691,-0.015318018,0.375,0.5,0.0,0.0,0.0,0.0,0.25,0.0,0.0,0.75
B2_PENALTY_114_Ru75Cr25_Hf,3.225424668,3.19107183,0.011981640559999998,-0.878162691,0.010707662,0.375,0.5,0.0,0.0,0.0,0.0,0.75,0.0,0.0,0.25
B2_PENALTY_114_Ru75Cr25_Hf,3.225424668,3.26436851,-0.010193224542999977,-0.878162691,-0.012001566,0.375,0.5,0.0,0.0,0.0,0.0,0.25,0.75,0.0,0.0
B2_PENALTY_114_Ru75Cr25_Hf,3.225424668,3.23816412,-0.0034188435230000066,-0.878162691,-0.003941913,0.375,0.5,0.0,0.0,0.0,0.0,0.0,0.75,0.25,0.0
B2_MULTI_162_A_Ru75_Al25_B_HfZr,3.283818469,3.24817106,0.00948812296999998,-0.8758682595082984,0.010914717,0.375,0.25,0.0,0.125,0.25,0.0,0.0,0.0,0.25,0.75
B2_MULTI_162_A_Ru75_Al25_B_HfZr,3.283818469,3.23145248,0.016038891054999987,-0.8758682595082984,0.016074846,0.375,0.25,0.0,0.125,0.25,0.0,0.5,0.0,0.0,0.5
B2_MULTI_162_A_Ru75_Al25_B_HfZr,3.283818469,3.23816412,0.012274680904499999,-0.8758682595082984,0.014000144,0.375,0.25,0.0,0.125,0.25,0.0,0.0,0.75,0.25,0.0
B2_MULTI_162_A_Ru75_Al25_B_HfZr,3.283818469,3.31909493,-0.007747055464999988,-0.8758682595082984,-0.01068512,0.375,0.25,0.0,0.125,0.25,0.0,0.0,0.25,0.0,0.75
B2_MULTI_162_A_Ru75_Al25_B_HfZr,3.283818469,3.22178751,0.017171492934999984,-0.8758682595082984,0.019070002,0.375,0.25,0.0,0.125,0.25,0.0,0.5,0.5,0.0,0.0
B2_MULTI_162_A_Ru75_Al25_B_HfZr,3.283818469,3.27521311,0.0035204221974999912,-0.8758682595082984,0.002623972,0.375,0.25,0.0,0.125,0.25,0.0,0.25,0.0,0.0,0.75
B2_MULTI_162_A_Ru75_Al25_B_HfZr,3.283818469,3.31693148,-0.009043420444999976,-0.8758682595082984,-0.010033106,0.375,0.25,0.0,0.125,0.25,0.0,0.0,0.5,0.0,0.5
B2_MULTI_162_A_Ru75_Al25_B_HfZr,3.283818469,3.31173466,-0.008682577169166643,-0.8758682595082984,-0.008465155,0.375,0.25,0.0,0.125,0.25,0.0,0.0,0.75,0.0,0.25
B2_MULTI_162_A_Ru75_Al25_B_HfZr,3.283818469,3.26436851,0.005421340397500006,-0.8758682595082984,0.005940563,0.375,0.25,0.0,0.125,0.25,0.0,0.25,0.75,0.0,0.0
B2_TERN_SOL_103_Ru_Zr75_Ta25,3.244496924,3.18583421,0.013327479369274838,-0.8632188032674784,0.018245628,0.5,0.0,0.0,0.0,0.375,0.0,0.75,0.25,0.0,0.0
B2_TERN_SOL_103_Ru_Zr75_Ta25,3.244496924,3.19107183,0.013893223537064528,-0.8632188032674784,0.016603068,0.5,0.0,0.0,0.0,0.375,0.0,0.75,0.0,0.0,0.25
B2_TERN_SOL_103_Ru_Zr75_Ta25,3.244496924,3.22178751,0.0031264589224328744,-0.8632188032674784,0.007023945,0.5,0.0,0.0,0.0,0.375,0.0,0.5,0.5,0.0,0.0
B2_TERN_SOL_103_Ru_Zr75_Ta25,3.244496924,3.23145248,0.002629123365671746,-0.8632188032674784,0.004028581,0.5,0.0,0.0,0.0,0.375,0.0,0.5,0.0,0.0,0.5
B2_TERN_SOL_103_Ru_Zr75_Ta25,3.244496924,3.23816412,-0.001547377159067807,-0.8632188032674784,0.001953767,0.5,0.0,0.0,0.0,0.375,0.0,0.0,0.75,0.25,0.0
B2_TERN_SOL_103_Ru_Zr75_Ta25,3.244496924,3.24817106,-0.003414492664803568,-0.8632188032674784,-0.00113178,0.5,0.0,0.0,0.0,0.375,0.0,0.0,0.0,0.25,0.75
B2_TERN_SOL_103_Ru_Zr75_Ta25,3.244496924,3.27521311,-0.010409195451996525,-0.8632188032674784,-0.009422562,0.5,0.0,0.0,0.0,0.375,0.0,0.25,0.0,0.0,0.75
B2_TERN_SOL_103_Ru_Zr75_Ta25,3.244496924,3.26436851,-0.008106905218870801,-0.8632188032674784,-0.006106006,0.5,0.0,0.0,0.0,0.375,0.0,0.25,0.75,0.0,0.0
B2_PENALTY_156_Ru75Si25_Zr,3.285422312,3.31909493,-0.010308749210535715,-0.8575769708067681,-0.010196845,0.375,0.0,0.0,0.0,0.5,0.0,0.0,0.25,0.0,0.75
B2_PENALTY_156_Ru75Si25_Zr,3.285422312,3.24817106,0.005969311893333337,-0.8575769708067681,0.011402991,0.375,0.0,0.0,0.0,0.5,0.0,0.0,0.0,0.25,0.75
B2_PENALTY_156_Ru75Si25_Zr,3.285422312,3.31693148,-0.01030101847553571,-0.8575769708067681,-0.009544829,0.375,0.0,0.0,0.0,0.5,0.0,0.0,0.5,0.0,0.5
B2_PENALTY_156_Ru75Si25_Zr,3.285422312,3.26436851,0.004414732489642861,-0.8575769708067681,0.006428847,0.375,0.0,0.0,0.0,0.5,0.0,0.25,0.75,0.0,0.0
B2_PENALTY_156_Ru75Si25_Zr,3.285422312,3.23145248,0.009756372718333324,-0.8575769708067681,0.016563102,0.375,0.0,0.0,0.0,0.5,0.0,0.5,0.0,0.0,0.5
B2_PENALTY_156_Ru75Si25_Zr,3.285422312,3.27521311,0.0013476945683333324,-0.8575769708067681,0.00311226,0.375,0.0,0.0,0.0,0.5,0.0,0.25,0.0,0.0,0.75
B2_PENALTY_156_Ru75Si25_Zr,3.285422312,3.23816412,0.011037252328428589,-0.8575769708067681,0.014488408,0.375,0.0,0.0,0.0,0.5,0.0,0.0,0.75,0.25,0.0
B2_PENALTY_156_Ru75Si25_Zr,3.285422312,3.31173466,-0.00909041884053571,-0.8575769708067681,-0.007976875,0.375,0.0,0.0,0.0,0.5,0.0,0.0,0.75,0.0,0.25
B2_PENALTY_156_Ru75Si25_Zr,3.285422312,3.22178751,0.01271391752892858,-0.8575769708067681,0.019558245,0.375,0.0,0.0,0.0,0.5,0.0,0.5,0.5,0.0,0.0
B2_TERN_SOL_085_Ru_Hf75_W25,3.200893611,3.15902895,0.015521992131373676,-0.8368685089999989,0.013165148,0.5,0.375,0.0,0.0,0.0,0.0,0.0,0.5,0.5,0.0
B2_TERN_SOL_085_Ru_Hf75_W25,3.200893611,3.24817106,-0.013348524285151058,-0.8368685089999989,-0.0146618,0.5,0.375,0.0,0.0,0.0,0.0,0.0,0.0,0.25,0.75
B2_TERN_SOL_085_Ru_Hf75_W25,3.200893611,3.22178751,-0.003258860733355524,-0.8368685089999989,-0.006506286,0.5,0.375,0.0,0.0,0.0,0.0,0.5,0.5,0.0,0.0
B2_TERN_SOL_085_Ru_Hf75_W25,3.200893611,3.23816412,-0.011025369435945847,-0.8368685089999989,-0.011576386,0.5,0.375,0.0,0.0,0.0,0.0,0.0,0.75,0.25,0.0
B2_TERN_SOL_085_Ru_Hf75_W25,3.200893611,3.19107183,0.003512628189595339,-0.8368685089999989,0.003073165,0.5,0.375,0.0,0.0,0.0,0.0,0.75,0.0,0.0,0.25
B2_TERN_SOL_085_Ru_Hf75_W25,3.200893611,3.16642062,0.01696913938501655,-0.8368685089999989,0.01082811,0.5,0.375,0.0,0.0,0.0,0.0,0.0,0.0,0.5,0.5
B2_TERN_SOL_085_Ru_Hf75_W25,3.200893611,3.18583421,0.004442305725202481,-0.8368685089999989,0.004715842,0.5,0.375,0.0,0.0,0.0,0.0,0.75,0.25,0.0,0.0
B2_TERN_SOL_085_Ru_Hf75_W25,3.200893611,3.23145248,-0.007327347573604861,-0.8368685089999989,-0.009501625,0.5,0.375,0.0,0.0,0.0,0.0,0.5,0.0,0.0,0.5
B2_TERN_SOL_085_Ru_Hf75_W25,3.200893611,3.26436851,-0.018119886503733945,-0.8368685089999989,-0.019635677,0.5,0.375,0.0,0.0,0.0,0.0,0.25,0.75,0.0,0.0
B2_TERN_SOL_081_Ru_Hf75_Mo25,3.200127757,3.24817106,-0.012931126866779613,-0.833822359000001,-0.014901078,0.5,0.375,0.0,0.0,0.0,0.125,0.0,0.0,0.25,0.75
B2_TERN_SOL_081_Ru_Hf75_Mo25,3.200127757,3.26436851,-0.01675061208358263,-0.833822359000001,-0.019874945,0.5,0.375,0.0,0.0,0.0,0.125,0.25,0.75,0.0,0.0
B2_TERN_SOL_081_Ru_Hf75_Mo25,3.200127757,3.27521311,-0.018441905250447876,-0.833822359000001,-0.023191166,0.5,0.375,0.0,0.0,0.0,0.125,0.25,0.0,0.0,0.75
B2_TERN_SOL_081_Ru_Hf75_Mo25,3.200127757,3.18583421,0.005133197120228886,-0.833822359000001,0.004476552,0.5,0.375,0.0,0.0,0.0,0.125,0.75,0.25,0.0,0.0
B2_TERN_SOL_081_Ru_Hf75_Mo25,3.200127757,3.19107183,0.005182708928213012,-0.833822359000001,0.002833874,0.5,0.375,0.0,0.0,0.0,0.125,0.75,0.0,0.0,0.25
B2_TERN_SOL_081_Ru_Hf75_Mo25,3.200127757,3.22178751,-0.0020074769724630352,-0.833822359000001,-0.006745574,0.5,0.375,0.0,0.0,0.0,0.125,0.5,0.5,0.0,0.0
B2_TERN_SOL_081_Ru_Hf75_Mo25,3.200127757,3.16642062,0.014199183120437197,-0.833822359000001,0.010588826,0.5,0.375,0.0,0.0,0.0,0.125,0.0,0.0,0.5,0.5
B2_TERN_SOL_081_Ru_Hf75_Mo25,3.200127757,3.23145248,-0.00548905004535801,-0.833822359000001,-0.00974091,0.5,0.375,0.0,0.0,0.0,0.125,0.5,0.0,0.0,0.5
B2_TERN_SOL_081_Ru_Hf75_Mo25,3.200127757,3.15902895,0.015578792454484805,-0.833822359000001,0.012925867,0.5,0.375,0.0,0.0,0.0,0.125,0.0,0.5,0.5,0.0
B2_TERN_SOL_081_Ru_Hf75_Mo25,3.200127757,3.23816412,-0.01085513837976041,-0.833822359000001,-0.011815669,0.5,0.375,0.0,0.0,0.0,0.125,0.0,0.75,0.25,0.0
B2_TERN_SOL_099_Ru_Zr75_Nb25,3.24867904,3.18583421,0.015681088810048996,-0.8180949749999996,0.01953367,0.5,0.0,0.0,0.0,0.375,0.0,0.75,0.25,0.0,0.0
B2_TERN_SOL_099_Ru_Zr75_Nb25,3.24867904,3.22178751,0.004475701066298864,-0.8180949749999996,0.008312084,0.5,0.0,0.0,0.0,0.375,0.0,0.5,0.5,0.0,0.0
B2_TERN_SOL_099_Ru_Zr75_Nb25,3.24867904,3.24817106,-0.0038353887473174587,-0.8180949749999996,0.000156377,0.5,0.0,0.0,0.0,0.375,0.0,0.0,0.0,0.25,0.75
B2_TERN_SOL_099_Ru_Zr75_Nb25,3.24867904,3.27521311,-0.010052578962312188,-0.8180949749999996,-0.008134429,0.5,0.0,0.0,0.0,0.375,0.0,0.25,0.0,0.0,0.75
B2_TERN_SOL_099_Ru_Zr75_Nb25,3.24867904,3.23816412,-0.0011094729216888392,-0.8180949749999996,0.003241922,0.5,0.0,0.0,0.0,0.375,0.0,0.0,0.75,0.25,0.0
B2_TERN_SOL_099_Ru_Zr75_Nb25,3.24867904,3.26436851,-0.00678082601684501,-0.8180949749999996,-0.004817858,0.5,0.0,0.0,0.0,0.375,0.0,0.25,0.75,0.0,0.0
B2_TERN_SOL_099_Ru_Zr75_Nb25,3.24867904,3.19107183,0.01543031013549345,-0.8180949749999996,0.01789113,0.5,0.0,0.0,0.0,0.375,0.0,0.75,0.0,0.0,0.25
B2_TERN_SOL_099_Ru_Zr75_Nb25,3.24867904,3.23145248,0.003654002882043519,-0.8180949749999996,0.005316732,0.5,0.0,0.0,0.0,0.375,0.0,0.5,0.0,0.0,0.5
B2_PENALTY_131_Ru75Cr25_Ti,3.061448806,3.02092873,0.014345520800000035,-0.8096196399999966,0.013323762,0.375,0.0,0.5,0.0,0.0,0.0,0.25,0.0,0.75,0.0
B2_PENALTY_131_Ru75Cr25_Ti,3.061448806,3.10818653,-0.012496693314999967,-0.8096196399999966,-0.015150887,0.375,0.0,0.5,0.0,0.0,0.0,0.75,0.0,0.25,0.0
B2_PENALTY_131_Ru75Cr25_Ti,3.061448806,3.07696301,-0.0036641956099999905,-0.8096196399999966,-0.005054794,0.375,0.0,0.5,0.0,0.0,0.0,0.0,0.0,0.75,0.25
B2_PENALTY_131_Ru75Cr25_Ti,3.061448806,3.07386981,-0.0031898773949999987,-0.8096196399999966,-0.004049017,0.375,0.0,0.5,0.0,0.0,0.0,0.0,0.25,0.75,0.0
B2_PENALTY_131_Ru75Cr25_Ti,3.061448806,3.06403346,0.0016470052899999988,-0.8096196399999966,-0.000843902,0.375,0.0,0.5,0.0,0.0,0.0,0.5,0.0,0.5,0.0
B2_MULTI_166_A_Ru75_Al25_B_TiZr,3.206361714,3.26436851,-0.017670291657857197,-0.808063227,-0.01792898,0.375,0.0,0.25,0.125,0.25,0.0,0.25,0.75,0.0,0.0
B2_MULTI_166_A_Ru75_Al25_B_TiZr,3.206361714,3.24817106,-0.013198466096249981,-0.808063227,-0.012955034,0.375,0.0,0.25,0.125,0.25,0.0,0.0,0.0,0.25,0.75
B2_MULTI_166_A_Ru75_Al25_B_TiZr,3.206361714,3.27521311,-0.01963960641000002,-0.808063227,-0.021245268,0.375,0.0,0.25,0.125,0.25,0.0,0.25,0.0,0.0,0.75
B2_MULTI_166_A_Ru75_Al25_B_TiZr,3.206361714,3.15902895,0.015504429669999964,-0.808063227,0.014871912,0.375,0.0,0.25,0.125,0.25,0.0,0.0,0.5,0.5,0.0
B2_MULTI_166_A_Ru75_Al25_B_TiZr,3.206361714,3.23816412,-0.011766117824999983,-0.808063227,-0.009869588,0.375,0.0,0.25,0.125,0.25,0.0,0.0,0.75,0.25,0.0
B2_MULTI_166_A_Ru75_Al25_B_TiZr,3.206361714,3.18583421,0.0061111006949999954,-0.808063227,0.006422677,0.375,0.0,0.25,0.125,0.25,0.0,0.75,0.25,0.0,0.0
B2_MULTI_166_A_Ru75_Al25_B_TiZr,3.206361714,3.22178751,-0.005255661194999992,-0.808063227,-0.004799452,0.375,0.0,0.25,0.125,0.25,0.0,0.5,0.5,0.0,0.0
B2_MULTI_166_A_Ru75_Al25_B_TiZr,3.206361714,3.19107183,0.005247775439999986,-0.808063227,0.004780006,0.375,0.0,0.25,0.125,0.25,0.0,0.75,0.0,0.0,0.25
B2_MULTI_166_A_Ru75_Al25_B_TiZr,3.206361714,3.23145248,-0.007588410199999987,-0.808063227,-0.007794809,0.375,0.0,0.25,0.125,0.25,0.0,0.5,0.0,0.0,0.5
B2_MULTI_166_A_Ru75_Al25_B_TiZr,3.206361714,3.16642062,0.014411306394999952,-0.808063227,0.0125349,0.375,0.0,0.25,0.125,0.25,0.0,0.0,0.0,0.5,0.5
B2_PENALTY_135_Ru75Cu25_Ti,3.074675013,3.07696301,-0.0012929680600000002,-0.8017171889999983,-0.000743866,0.375,0.0,0.5,0.0,0.0,0.0,0.0,0.0,0.75,0.25
B2_PENALTY_135_Ru75Cu25_Ti,3.074675013,3.10818653,-0.011263044319999981,-0.8017171889999983,-0.010840132,0.375,0.0,0.5,0.0,0.0,0.0,0.75,0.0,0.25,0.0
B2_PENALTY_135_Ru75Cu25_Ti,3.074675013,3.07386981,-0.0006799075249999998,-0.8017171889999983,0.000261917,0.375,0.0,0.5,0.0,0.0,0.0,0.0,0.25,0.75,0.0
B2_PENALTY_135_Ru75Cu25_Ti,3.074675013,3.02092873,0.01519765638500002,-0.8017171889999983,0.017634441,0.375,0.0,0.5,0.0,0.0,0.0,0.25,0.0,0.75,0.0
B2_PENALTY_135_Ru75Cu25_Ti,3.074675013,3.06403346,0.0019838910900000016,-0.8017171889999983,0.003467033,0.375,0.0,0.5,0.0,0.0,0.0,0.5,0.0,0.5,0.0
B2_PENALTY_144_Ru75Al25_Zr,3.302387941,3.26436851,0.009911159447499979,-0.7979355870000012,0.011579364,0.375,0.0,0.0,0.125,0.5,0.0,0.25,0.75,0.0,0.0
B2_PENALTY_144_Ru75Al25_Zr,3.302387941,3.31909493,-0.003221438689999996,-0.7979355870000012,-0.005046298,0.375,0.0,0.0,0.125,0.5,0.0,0.0,0.25,0.0,0.75
B2_PENALTY_144_Ru75Al25_Zr,3.302387941,3.22178751,0.019268537255000023,-0.7979355870000012,0.024708235,0.375,0.0,0.0,0.125,0.5,0.0,0.5,0.5,0.0,0.0
B2_PENALTY_144_Ru75Al25_Zr,3.302387941,3.31693148,-0.004123176989999992,-0.7979355870000012,-0.00439427,0.375,0.0,0.0,0.125,0.5,0.0,0.0,0.5,0.0,0.5
B2_PENALTY_144_Ru75Al25_Zr,3.302387941,3.23816412,0.016791824590000008,-0.7979355870000012,0.019638654,0.375,0.0,0.0,0.125,0.5,0.0,0.0,0.75,0.25,0.0
B2_PENALTY_144_Ru75Al25_Zr,3.302387941,3.27521311,0.007313640789999997,-0.7979355870000012,0.00826284,0.375,0.0,0.0,0.125,0.5,0.0,0.25,0.0,0.0,0.75
B2_PENALTY_144_Ru75Al25_Zr,3.302387941,3.31173466,-0.0038242210099999935,-0.7979355870000012,-0.002826291,0.375,0.0,0.0,0.125,0.5,0.0,0.0,0.75,0.0,0.25
B2_PENALTY_144_Ru75Al25_Zr,3.302387941,3.23145248,0.01916504386000002,-0.7979355870000012,0.021713252,0.375,0.0,0.0,0.125,0.5,0.0,0.5,0.0,0.0,0.5
B2_PENALTY_144_Ru75Al25_Zr,3.302387941,3.24817106,0.012264882869999987,-0.7979355870000012,0.01655336,0.375,0.0,0.0,0.125,0.5,0.0,0.0,0.0,0.25,0.75
B2_TERN_SOL_095_Ru_Ti75_W25,3.082186007,3.06403346,0.006866117513539446,-0.7896133579999975,0.005906898,0.5,0.0,0.375,0.0,0.0,0.0,0.5,0.0,0.5,0.0
B2_TERN_SOL_095_Ru_Ti75_W25,3.082186007,3.10818653,-0.007195324039041665,-0.7896133579999975,-0.00840031,0.5,0.0,0.375,0.0,0.0,0.0,0.75,0.0,0.25,0.0
B2_TERN_SOL_095_Ru_Ti75_W25,3.082186007,3.07386981,0.004435349158355451,-0.7896133579999975,0.002701794,0.5,0.0,0.375,0.0,0.0,0.0,0.0,0.25,0.75,0.0
B2_TERN_SOL_095_Ru_Ti75_W25,3.082186007,3.02092873,0.015113432499852898,-0.7896133579999975,0.020074103,0.5,0.0,0.375,0.0,0.0,0.0,0.25,0.0,0.75,0.0
B2_TERN_SOL_095_Ru_Ti75_W25,3.082186007,3.07696301,0.004042877160647659,-0.7896133579999975,0.001696013,0.5,0.0,0.375,0.0,0.0,0.0,0.0,0.0,0.75,0.25
B2_TERN_SOL_091_Ru_Ti75_Mo25,3.083886002,3.07696301,0.002268404341886296,-0.7628383109999981,0.002247415,0.5,0.0,0.375,0.0,0.0,0.125,0.0,0.0,0.75,0.25
B2_TERN_SOL_091_Ru_Ti75_Mo25,3.083886002,3.10818653,-0.009479895965295441,-0.7628383109999981,-0.007848916,0.5,0.0,0.375,0.0,0.0,0.125,0.75,0.0,0.25,0.0
B2_TERN_SOL_091_Ru_Ti75_Mo25,3.083886002,3.07386981,0.0031383077927845606,-0.7628383109999981,0.003253196,0.5,0.0,0.375,0.0,0.0,0.125,0.0,0.25,0.75,0.0
B2_TERN_SOL_091_Ru_Ti75_Mo25,3.083886002,3.06403346,0.0029247565893159456,-0.7628383109999981,0.006458296,0.5,0.0,0.375,0.0,0.0,0.125,0.5,0.0,0.5,0.0
B2_TERN_SOL_091_Ru_Ti75_Mo25,3.083886002,3.02092873,0.012756165169674887,-0.7628383109999981,0.020625449,0.5,0.0,0.375,0.0,0.0,0.125,0.25,0.0,0.75,0.0
B2_TERN_SOL_107_Ru_Zr75_V25,3.208378924,3.19107183,0.0060056978654737915,-0.7596679709999993,0.005408931,0.5,0.0,0.0,0.0,0.375,0.0,0.75,0.0,0.0,0.25
B2_TERN_SOL_107_Ru_Zr75_V25,3.208378924,3.24817106,-0.011012087306895957,-0.7596679709999993,-0.01232613,0.5,0.0,0.0,0.0,0.375,0.0,0.0,0.0,0.25,0.75
B2_TERN_SOL_107_Ru_Zr75_V25,3.208378924,3.23145248,-0.003665370343847826,-0.7596679709999993,-0.007165888,0.5,0.0,0.0,0.0,0.375,0.0,0.5,0.0,0.0,0.5
B2_TERN_SOL_107_Ru_Zr75_V25,3.208378924,3.16642062,0.014610388679963457,-0.7596679709999993,0.013163803,0.5,0.0,0.0,0.0,0.375,0.0,0.0,0.0,0.5,0.5
B2_TERN_SOL_107_Ru_Zr75_V25,3.208378924,3.27521311,-0.011966155452122072,-0.7596679709999993,-0.020616407,0.5,0.0,0.0,0.0,0.375,0.0,0.25,0.0,0.0,0.75
B2_TERN_SOL_107_Ru_Zr75_V25,3.208378924,3.18583421,0.006046481401017442,-0.759667970999999,0.007051599,0.5,0.0,0.0,0.0,0.375,0.0,0.75,0.25,0.0,0.0
B2_TERN_SOL_107_Ru_Zr75_V25,3.208378924,3.15902895,0.015568457357344405,-0.759667970999999,0.015500805,0.5,0.0,0.0,0.0,0.375,0.0,0.0,0.5,0.5,0.0
B2_TERN_SOL_107_Ru_Zr75_V25,3.208378924,3.26436851,-0.010077189996545406,-0.759667970999999,-0.017300099,0.5,0.0,0.0,0.0,0.375,0.0,0.25,0.75,0.0,0.0
B2_TERN_SOL_107_Ru_Zr75_V25,3.208378924,3.22178751,-0.0019246932752428403,-0.759667970999999,-0.004170525,0.5,0.0,0.0,0.0,0.375,0.0,0.5,0.5,0.0,0.0
B2_TERN_SOL_107_Ru_Zr75_V25,3.208378924,3.23816412,-0.008508323707277806,-0.759667970999999,-0.009240672,0.5,0.0,0.0,0.0,0.375,0.0,0.0,0.75,0.25,0.0
B2_PENALTY_152_Ru75Cu25_Zr,3.273069781,3.31173466,-0.009967361991785733,-0.7449165740000009,-0.011743668,0.375,0.0,0.0,0.0,0.5,0.0,0.0,0.75,0.0,0.25
B2_PENALTY_152_Ru75Cu25_Zr,3.273069781,3.24817106,0.007857456980000005,-0.7449165740000009,0.007636191,0.375,0.0,0.0,0.0,0.5,0.0,0.0,0.0,0.25,0.75
B2_PENALTY_152_Ru75Cu25_Zr,3.273069781,3.26436851,0.0036631968432142914,-0.7449165740000009,0.002661982,0.375,0.0,0.0,0.0,0.5,0.0,0.25,0.75,0.0,0.0
B2_PENALTY_152_Ru75Cu25_Zr,3.273069781,3.23145248,0.01287193723666664,-0.7449165740000009,0.01279642,0.375,0.0,0.0,0.0,0.5,0.0,0.5,0.0,0.0,0.5
B2_PENALTY_152_Ru75Cu25_Zr,3.273069781,3.31909493,-0.008366853509285725,-0.7449165740000009,-0.013963592,0.375,0.0,0.0,0.0,0.5,0.0,0.0,0.25,0.0,0.75
B2_PENALTY_152_Ru75Cu25_Zr,3.273069781,3.23816412,0.010202001847499984,-0.7449165740000009,0.010721673,0.375,0.0,0.0,0.0,0.5,0.0,0.0,0.75,0.25,0.0
B2_PENALTY_152_Ru75Cu25_Zr,3.273069781,3.31693148,-0.00998062582928573,-0.7449165740000009,-0.01331159,0.375,0.0,0.0,0.0,0.5,0.0,0.0,0.5,0.0,0.5
B2_PENALTY_152_Ru75Cu25_Zr,3.273069781,3.27521311,0.0034040510699999975,-0.7449165740000009,-0.000654623,0.375,0.0,0.0,0.0,0.5,0.0,0.25,0.0,0.0,0.75
B2_PENALTY_152_Ru75Cu25_Zr,3.273069781,3.22178751,0.014752785925000018,-0.7449165740000009,0.015791654,0.375,0.0,0.0,0.0,0.5,0.0,0.5,0.5,0.0,0.0
B2_PENALTY_148_Ru75Cr25_Zr,3.262005664,3.23816412,0.006235911208928573,-0.6758889759999992,0.007335668,0.375,0.0,0.0,0.0,0.5,0.0,0.0,0.75,0.25,0.0
B2_PENALTY_148_Ru75Cr25_Zr,3.262005664,3.27521311,-0.002825962776666663,-0.6758889759999992,-0.004040693,0.375,0.0,0.0,0.0,0.5,0.0,0.25,0.0,0.0,0.75
B2_PENALTY_148_Ru75Cr25_Zr,3.262005664,3.31173466,-0.014324025650615075,-0.6758889759999992,-0.015129589,0.375,0.0,0.0,0.0,0.5,0.0,0.0,0.75,0.0,0.25
B2_PENALTY_148_Ru75Cr25_Zr,3.262005664,3.31693148,-0.01569764004519841,-0.6758889759999992,-0.016697474,0.375,0.0,0.0,0.0,0.5,0.0,0.0,0.5,0.0,0.5
B2_PENALTY_148_Ru75Cr25_Zr,3.262005664,3.23145248,0.009115891899999987,-0.6758889759999992,0.009410451,0.375,0.0,0.0,0.0,0.5,0.0,0.5,0.0,0.0,0.5
B2_PENALTY_148_Ru75Cr25_Zr,3.262005664,3.31909493,-0.0159629350168651,-0.6758889759999992,-0.017349459,0.375,0.0,0.0,0.0,0.5,0.0,0.0,0.25,0.0,0.75
B2_PENALTY_148_Ru75Cr25_Zr,3.262005664,3.24817106,0.0032510516383333302,-0.6758889759999992,0.004250147,0.375,0.0,0.0,0.0,0.5,0.0,0.0,0.0,0.25,0.75
B2_PENALTY_148_Ru75Cr25_Zr,3.262005664,3.26436851,-0.00045959696321428556,-0.6758889759999992,-0.000724091,0.375,0.0,0.0,0.0,0.5,0.0,0.25,0.75,0.0,0.0
B2_PENALTY_148_Ru75Cr25_Zr,3.262005664,3.22178751,0.011020958296428584,-0.6758889759999992,0.012405749,0.375,0.0,0.0,0.0,0.5,0.0,0.5,0.5,0.0,0.0
B2_TERN_SOL_105_Ru_Zr75_W25,3.229426942,3.26436851,-0.011237603501034027,-0.6613704269999979,-0.010761524,0.5,0.0,0.0,0.0,0.375,0.0,0.25,0.75,0.0,0.0
B2_TERN_SOL_105_Ru_Zr75_W25,3.229426942,3.24817106,-0.006338614885262644,-0.6613704269999979,-0.005787367,0.5,0.0,0.0,0.0,0.375,0.0,0.0,0.0,0.25,0.75
B2_TERN_SOL_105_Ru_Zr75_W25,3.229426942,3.18583421,0.012499306016489293,-0.6613704269999979,0.013590322,0.5,0.0,0.0,0.0,0.375,0.0,0.75,0.25,0.0,0.0
B2_TERN_SOL_105_Ru_Zr75_W25,3.229426942,3.23145248,0.0002821294167581484,-0.6613704269999979,-0.000627016,0.5,0.0,0.0,0.0,0.375,0.0,0.5,0.0,0.0,0.5
B2_TERN_SOL_105_Ru_Zr75_W25,3.229426942,3.23816412,-0.004588083900320346,-0.6613704269999979,-0.002701834,0.5,0.0,0.0,0.0,0.375,0.0,0.0,0.75,0.25,0.0
B2_TERN_SOL_105_Ru_Zr75_W25,3.229426942,3.22178751,0.002998155916157789,-0.6613704269999979,0.00236837,0.5,0.0,0.0,0.0,0.375,0.0,0.5,0.5,0.0,0.0
B2_TERN_SOL_105_Ru_Zr75_W25,3.229426942,3.19107183,0.012078173363278981,-0.6613704269999979,0.011947705,0.5,0.0,0.0,0.0,0.375,0.0,0.75,0.0,0.0,0.25
B2_TERN_SOL_105_Ru_Zr75_W25,3.229426942,3.27521311,-0.013398573199179862,-0.6613704269999979,-0.014078002,0.5,0.0,0.0,0.0,0.375,0.0,0.25,0.0,0.0,0.75
B2_TERN_SOL_101_Ru_Zr75_Mo25,3.227755359,3.23816412,-0.004405311786455613,-0.6554580389999982,-0.003219576,0.5,0.0,0.0,0.0,0.375,0.125,0.0,0.75,0.25,0.0
B2_TERN_SOL_101_Ru_Zr75_Mo25,3.227755359,3.22178751,0.0035018338856275004,-0.6554580389999982,0.001850627,0.5,0.0,0.0,0.0,0.375,0.125,0.5,0.5,0.0,0.0
B2_TERN_SOL_101_Ru_Zr75_Mo25,3.227755359,3.26436851,-0.008739469912514203,-0.6554580389999982,-0.011279252,0.5,0.0,0.0,0.0,0.375,0.125,0.25,0.75,0.0,0.0
B2_TERN_SOL_101_Ru_Zr75_Mo25,3.227755359,3.27521311,-0.011394473303977295,-0.6554580389999982,-0.014595719,0.5,0.0,0.0,0.0,0.375,0.125,0.25,0.0,0.0,0.75
B2_TERN_SOL_101_Ru_Zr75_Mo25,3.227755359,3.19107183,0.01256864771325535,-0.6554580389999982,0.011429979,0.5,0.0,0.0,0.0,0.375,0.125,0.75,0.0,0.0,0.25
B2_TERN_SOL_101_Ru_Zr75_Mo25,3.227755359,3.24817106,-0.006430816227000888,-0.6554580389999982,-0.006305106,0.5,0.0,0.0,0.0,0.375,0.125,0.0,0.0,0.25,0.75
B2_TERN_SOL_101_Ru_Zr75_Mo25,3.227755359,3.18583421,0.012731542680751377,-0.6554580389999982,0.013072601,0.5,0.0,0.0,0.0,0.375,0.125,0.75,0.25,0.0,0.0
B2_TERN_SOL_101_Ru_Zr75_Mo25,3.227755359,3.23145248,0.0007761351644673977,-0.6554580389999982,-0.00114476,0.5,0.0,0.0,0.0,0.375,0.125,0.5,0.0,0.0,0.5
