alloy_name,run_folder,natoms,missing_refs,volume_A3,a_A,b_A,c_A,alpha_deg,beta_deg,gamma_deg,lattice_parameter,n_formula_units,multiplicity,total_energy_eV,energy_per_atom_eV,formation_energy_per_atom_eV,formation_energy_per_atom_meV,VEC,VEC_missing_for,X_Ru,X_Hf,X_Ti,X_Zr,X_Al,X_Mo,X_Nb,X_Ta,X_W,X_V,X_Cr,X_Cu,X_Si
B2_014_RuHf,./02_Binary_B2/B2_014_RuHf,2,,33.99120273,3.239332368,3.239332368,3.239332368,90,90,90,2.571059804,2,1,-20.84758265,-10.42379133,-1.190557465,-1190.557465,6,,0.5,0.5,0,0,0,0,0,0,0,0,0,0,0
B2_015_RuTi,./02_Binary_B2/B2_015_RuTi,2,,29.04507675,3.073907841,3.073907841,3.073907841,90,90,90,2.43976227,2,1,-18.46114039,-9.230570195,-1.048598035,-1048.598035,6,,0.5,0,0.5,0,0,0,0,0,0,0,0,0,0
B2_016_RuZr,./02_Binary_B2/B2_016_RuZr,2,,34.93831984,3.269143657,3.269143657,3.269143657,90,90,90,2.59472104,2,1,-19.01160428,-9.50580214,-0.959079125,-959.079125,6,,0.5,0,0,0.5,0,0,0,0,0,0,0,0,0
B2_017_RuAl,./02_Binary_B2/B2_017_RuAl,2,,27.25167933,3.009292643,3.009292643,3.009292643,90,90,90,2.388477153,2,1,-14.26863795,-7.134318975,-1.00191235,-1001.91235,5.5,,0.5,0,0,0,0.5,0,0,0,0,0,0,0,0
MATRIX_BIN_018_Nb12_Mo87,./03_Matrix_Binaries/MATRIX_BIN_018_Nb12_Mo87,8,,127.484105,5.491520933,5.491520933,5.491520933,109.4712206,109.4712206,109.4712206,2.516452193,8,1,-87.07949792,-10.88493724,-0.074598622,-74.5986225,5.875,,0,0,0,0,0,0.875,0.125,0,0,0,0,0,0
MATRIX_BIN_019_Nb25_Mo75,./03_Matrix_Binaries/MATRIX_BIN_019_Nb25_Mo75,8,,129.6599716,5.518852015,5.518852015,5.518852015,109.4161991,109.4161991,109.4161991,3.18846737,4,2,-86.44918102,-10.80614763,-0.093096702,-93.0967025,5.75,,0,0,0,0,0,0.75,0.25,0,0,0,0,0,0
MATRIX_BIN_020_Nb50_Mo50,./03_Matrix_Binaries/MATRIX_BIN_020_Nb50_Mo50,8,,134.6753886,5.592895669,5.592895669,5.592895669,109.455038,109.4793125,109.4793125,4.068360358,2,4,-84.69314409,-10.58664301,-0.068167471,-68.16747125,5.5,,0,0,0,0,0,0.5,0.5,0,0,0,0,0,0
MATRIX_BIN_021_Nb75_Mo25,./03_Matrix_Binaries/MATRIX_BIN_021_Nb75_Mo25,8,,140.6719055,5.615228381,5.86111503,5.615228381,110.3607416,108.5672389,110.3607416,3.276290931,4,2,-82.62237928,-10.32779741,-0.003897255,-3.897255,5.25,,0,0,0,0,0,0.25,0.75,0,0,0,0,0,0
MATRIX_BIN_022_Nb87_Mo12,./03_Matrix_Binaries/MATRIX_BIN_022_Nb87_Mo12,8,,143.6884828,5.714978706,5.714978706,5.714978706,109.4712206,109.4712206,109.4712206,2.618850201,8,1,-81.59885608,-10.19985701,0.026755452,26.7554525,5.125,,0,0,0,0,0,0.125,0.875,0,0,0,0,0,0
MATRIX_BIN_023_Nb12_Ta87,./03_Matrix_Binaries/MATRIX_BIN_023_Nb12_Ta87,8,,145.3888145,5.737433022,5.737433022,5.737433022,109.4712206,109.4712206,109.4712206,2.629139739,8,1,-93.16562051,-11.64570256,0.01664066,16.64066,5,,0,0,0,0,0,0,0.125,0.875,0,0,0,0,0
MATRIX_BIN_024_Nb25_Ta75,./03_Matrix_Binaries/MATRIX_BIN_024_Nb25_Ta75,8,,145.6721905,5.740961472,5.741748447,5.740961472,109.4739975,109.4684436,109.4739975,3.314659229,4,2,-91.36615254,-11.42076907,0.02257152,22.57152,5,,0,0,0,0,0,0,0.25,0.75,0,0,0,0,0
MATRIX_BIN_025_Nb50_Ta50,./03_Matrix_Binaries/MATRIX_BIN_025_Nb50_Ta50,8,,146.2296825,5.748476229,5.748476229,5.748476229,109.3818899,109.5159044,109.5159044,4.181529649,2,4,-87.78357797,-10.97294725,0.032388069,32.38806875,5,,0,0,0,0,0,0,0.5,0.5,0,0,0,0,0
MATRIX_BIN_026_Nb75_Ta25,./03_Matrix_Binaries/MATRIX_BIN_026_Nb75_Ta25,8,,146.6796287,5.754130832,5.754130832,5.754130832,109.4679551,109.4679551,109.4679551,3.322282844,4,2,-84.19168724,-10.52396091,0.043369138,43.3691375,5,,0,0,0,0,0,0,0.75,0.25,0,0,0,0,0
MATRIX_BIN_027_Nb87_Ta12,./03_Matrix_Binaries/MATRIX_BIN_027_Nb87_Ta12,8,,146.8782105,5.756958354,5.756958354,5.756958354,109.4712206,109.4712206,109.4712206,2.638087089,8,1,-82.40446309,-10.30055789,0.04776952,47.76952,5,,0,0,0,0,0,0,0.875,0.125,0,0,0,0,0
MATRIX_BIN_028_Nb12_W87,./03_Matrix_Binaries/MATRIX_BIN_028_Nb12_W87,8,,129.559748,5.521164181,5.521164181,5.521164181,109.4712206,109.4712206,109.4712206,2.53003601,8,1,-101.5005674,-12.68757092,-0.064576028,-64.5760275,5.875,,0,0,0,0,0,0,0.125,0,0.875,0,0,0,0
MATRIX_BIN_029_Nb25_W75,./03_Matrix_Binaries/MATRIX_BIN_029_Nb25_W75,8,,131.3295228,5.546676711,5.54473083,5.546676711,109.4641142,109.4783261,109.4641142,3.202094355,4,2,-98.67785462,-12.33473183,-0.067975525,-67.975525,5.75,,0,0,0,0,0,0,0.25,0,0.75,0,0,0,0
MATRIX_BIN_030_Nb50_W50,./03_Matrix_Binaries/MATRIX_BIN_030_Nb50_W50,8,,135.5419548,5.604866189,5.604866189,5.604866189,109.4378544,109.4879063,109.4879063,4.077067638,2,4,-92.62789725,-11.57848716,-0.024208031,-24.20803125,5.5,,0,0,0,0,0,0,0.5,0,0.5,0,0,0,0
MATRIX_BIN_031_Nb75_W25,./03_Matrix_Binaries/MATRIX_BIN_031_Nb75_W25,8,,140.9112851,5.679559429,5.679559429,5.679559429,109.4945866,109.4945866,109.4945866,3.278148285,4,2,-86.52372624,-10.81546578,0.026336168,26.3361675,5.25,,0,0,0,0,0,0,0.75,0,0.25,0,0,0,0
MATRIX_BIN_032_Nb87_W12,./03_Matrix_Binaries/MATRIX_BIN_032_Nb87_W12,8,,143.8837826,5.71756678,5.71756678,5.71756678,109.4712206,109.4712206,109.4712206,2.620036168,8,1,-83.5468681,-10.44335851,0.042204846,42.20484625,5.125,,0,0,0,0,0,0,0.875,0,0.125,0,0,0,0
MATRIX_BIN_033_Nb12_V87,./03_Matrix_Binaries/MATRIX_BIN_033_Nb12_V87,8,,111.5137924,5.251904563,5.251904563,5.251904563,109.4712206,109.4712206,109.4712206,2.406649618,8,1,-72.31808323,-9.039760404,0.08248568,82.48568,5,,0,0,0,0,0,0,0.125,0,0,0.875,0,0,0
MATRIX_BIN_034_Nb25_V75,./03_Matrix_Binaries/MATRIX_BIN_034_Nb25_V75,8,,116.9628193,5.276701334,5.522771091,5.276701334,110.4186887,108.50736,110.4186887,3.080793662,4,2,-73.17127635,-9.146409544,0.119704924,119.7049237,5,,0,0,0,0,0,0,0.25,0,0,0.75,0,0,0
MATRIX_BIN_035_Nb50_V50,./03_Matrix_Binaries/MATRIX_BIN_035_Nb50_V50,8,,127.7781052,5.495743358,5.495743358,5.495743358,109.5714289,109.4211398,109.4211398,3.997687259,2,4,-75.2607292,-9.40759115,0.146260085,146.260085,5,,0,0,0,0,0,0,0.5,0,0,0.5,0,0,0
MATRIX_BIN_036_Nb75_V25,./03_Matrix_Binaries/MATRIX_BIN_036_Nb75_V25,8,,137.6330239,5.564707236,5.564707236,5.564707236,108.4058428,108.4058428,108.4058428,3.252526823,4,2,-77.81420537,-9.726775671,0.114812331,114.8123313,5,,0,0,0,0,0,0,0.75,0,0,0.25,0,0,0
MATRIX_BIN_037_Nb87_V12,./03_Matrix_Binaries/MATRIX_BIN_037_Nb87_V12,8,,142.267756,5.696080575,5.696080575,5.696080575,109.4712206,109.4712206,109.4712206,2.61019026,8,1,-79.19506047,-9.899382559,0.086073827,86.0738275,5,,0,0,0,0,0,0,0.875,0,0,0.125,0,0,0
MATRIX_BIN_038_Mo12_Ta87,./03_Matrix_Binaries/MATRIX_BIN_038_Mo12_Ta87,8,,142.1452068,5.694444574,5.694444574,5.694444574,109.4712206,109.4712206,109.4712206,2.609440574,8,1,-94.25223833,-11.78152979,-0.021898875,-21.898875,5.125,,0,0,0,0,0,0.125,0,0.875,0,0,0,0,0
MATRIX_BIN_039_Mo25_Ta75,./03_Matrix_Binaries/MATRIX_BIN_039_Mo25_Ta75,8,,139.2234945,5.632205495,5.725164888,5.632205495,109.8059113,109.1344663,109.8059113,3.265007474,4,2,-93.46605854,-11.68325732,-0.045341345,-45.341345,5.25,,0,0,0,0,0,0.25,0,0.75,0,0,0,0,0
MATRIX_BIN_040_Mo50_Ta50,./03_Matrix_Binaries/MATRIX_BIN_040_Mo50_Ta50,8,,133.512004,5.576744509,5.576744509,5.576744509,109.4912384,109.4612127,109.4612127,4.056611707,2,4,-92.07597536,-11.50949692,-0.115010835,-115.010835,5.5,,0,0,0,0,0,0.5,0,0.5,0,0,0,0,0
MATRIX_BIN_041_Mo75_Ta25,./03_Matrix_Binaries/MATRIX_BIN_041_Mo75_Ta25,8,,129.0711909,5.500478496,5.500478496,5.500478496,109.2664257,109.2664257,109.2664257,3.183633813,4,2,-90.28410054,-11.28551257,-0.13445637,-134.45637,5.75,,0,0,0,0,0,0.75,0,0.25,0,0,0,0,0
MATRIX_BIN_042_Mo87_Ta12,./03_Matrix_Binaries/MATRIX_BIN_042_Mo87_Ta12,8,,127.1841473,5.487210545,5.487210545,5.487210545,109.4712206,109.4712206,109.4712206,2.514476987,8,1,-89.08555547,-11.13569443,-0.10635318,-106.35318,5.875,,0,0,0,0,0,0.875,0,0.125,0,0,0,0,0
MATRIX_BIN_043_Mo12_W87,./03_Matrix_Binaries/MATRIX_BIN_043_Mo12_W87,8,,127.3321396,5.489338039,5.489338039,5.489338039,109.4712206,109.4712206,109.4712206,2.515451896,8,1,-102.0205189,-12.75256486,-0.03228228,-32.28228,6,,0,0,0,0,0,0.125,0,0,0.875,0,0,0,0
MATRIX_BIN_044_Mo25_W75,./03_Matrix_Binaries/MATRIX_BIN_044_Mo25_W75,8,,127.0516877,5.485141723,5.485794674,5.485141723,109.4736321,109.4688091,109.4736321,3.166942287,4,2,-99.93882755,-12.49235344,-0.031021756,-31.02175625,6,,0,0,0,0,0,0.25,0,0,0.75,0,0,0,0
MATRIX_BIN_045_Mo50_W50,./03_Matrix_Binaries/MATRIX_BIN_045_Mo50_W50,8,,126.4893461,5.477200167,5.477200167,5.477200167,109.4725189,109.4705715,109.4705715,3.984201707,2,4,-95.79864625,-11.97483078,-0.031400886,-31.40088625,6,,0,0,0,0,0,0.5,0,0,0.5,0,0,0,0
MATRIX_BIN_046_Mo75_W25,./03_Matrix_Binaries/MATRIX_BIN_046_Mo75_W25,8,,125.9272979,5.468927608,5.468927608,5.468927608,109.469028,109.469028,109.469028,3.157572258,4,2,-91.64234625,-11.45529328,-0.029765179,-29.76517875,6,,0,0,0,0,0,0.75,0,0,0.25,0,0,0,0
MATRIX_BIN_047_Mo87_W12,./03_Matrix_Binaries/MATRIX_BIN_047_Mo87_W12,8,,125.599687,5.464328701,5.464328701,5.464328701,109.4712206,109.4712206,109.4712206,2.503991537,8,1,-89.57260663,-11.19657583,-0.029998622,-29.9986225,6,,0,0,0,0,0,0.875,0,0,0.125,0,0,0,0
MATRIX_BIN_048_Mo12_V87,./03_Matrix_Binaries/MATRIX_BIN_048_Mo12_V87,8,,108.2624246,5.200357655,5.200357655,5.200357655,109.4712206,109.4712206,109.4712206,2.383028597,8,1,-73.80697599,-9.225871999,-0.006338223,-6.3382225,5.125,,0,0,0,0,0,0.125,0,0,0,0.875,0,0,0
MATRIX_BIN_049_Mo25_V75,./03_Matrix_Binaries/MATRIX_BIN_049_Mo25_V75,8,,110.5197865,5.183735241,5.400539778,5.183735241,110.3207118,108.6085332,110.3207118,3.023152221,4,2,-75.98491377,-9.498114221,-0.037424369,-37.42436875,5.25,,0,0,0,0,0,0.25,0,0,0,0.75,0,0,0
MATRIX_BIN_050_Mo50_V50,./03_Matrix_Binaries/MATRIX_BIN_050_Mo50_V50,8,,115.1629392,5.30859138,5.30859138,5.30859138,109.6524826,109.3806657,109.3806657,3.861543353,2,4,-80.32361135,-10.04045142,-0.097449414,-97.44941375,5.5,,0,0,0,0,0,0.5,0,0,0,0.5,0,0,0
MATRIX_BIN_051_Mo75_V25,./03_Matrix_Binaries/MATRIX_BIN_051_Mo75_V25,8,,120.0318838,5.371236079,5.371236079,5.371236079,109.3017221,109.3017221,109.3017221,3.107507677,4,2,-84.31457869,-10.53932234,-0.114008179,-114.0081787,5.75,,0,0,0,0,0,0.75,0,0,0,0.25,0,0,0
MATRIX_BIN_052_Mo87_V12,./03_Matrix_Binaries/MATRIX_BIN_052_Mo87_V12,8,,122.6824745,5.421691548,5.421691548,5.421691548,109.4712206,109.4712206,109.4712206,2.484453351,8,1,-86.03864417,-10.75483052,-0.088360288,-88.3602875,5.875,,0,0,0,0,0,0.875,0,0,0,0.125,0,0,0
MATRIX_BIN_053_Ta12_W87,./03_Matrix_Binaries/MATRIX_BIN_053_Ta12_W87,8,,129.3015811,5.517494497,5.517494497,5.517494497,109.4712206,109.4712206,109.4712206,2.528354403,8,1,-103.4803962,-12.93504953,-0.093051999,-93.05199875,5.875,,0,0,0,0,0,0,0,0.125,0.875,0,0,0,0
MATRIX_BIN_054_Ta25_W75,./03_Matrix_Binaries/MATRIX_BIN_054_Ta25_W75,8,,130.801001,5.534579691,5.551258965,5.534579691,109.53228,109.4100923,109.53228,3.197793083,4,2,-102.4970753,-12.81213441,-0.107372831,-107.3728313,5.75,,0,0,0,0,0,0,0,0.25,0.75,0,0,0,0
MATRIX_BIN_055_Ta50_W50,./03_Matrix_Binaries/MATRIX_BIN_055_Ta50_W50,8,,134.673131,5.592864307,5.592864307,5.592864307,109.4724347,109.4706136,109.4706136,4.068337625,2,4,-100.0086982,-12.50108728,-0.070797609,-70.79760875,5.5,,0,0,0,0,0,0,0,0.5,0.5,0,0,0,0
MATRIX_BIN_056_Ta75_W25,./03_Matrix_Binaries/MATRIX_BIN_056_Ta75_W25,8,,139.6825218,5.657123458,5.657123458,5.657123458,109.4102199,109.4102199,109.4102199,3.268591838,4,2,-97.42019891,-12.17752486,-0.021707099,-21.70709875,5.25,,0,0,0,0,0,0,0,0.75,0.25,0,0,0,0
MATRIX_BIN_057_Ta87_W12,./03_Matrix_Binaries/MATRIX_BIN_057_Ta87_W12,8,,142.3586523,5.697293412,5.697293412,5.697293412,109.4712206,109.4712206,109.4712206,2.610746034,8,1,-96.19363567,-12.02420446,-0.005622646,-5.62264625,5.125,,0,0,0,0,0,0,0,0.875,0.125,0,0,0,0
MATRIX_BIN_058_Ta12_V87,./03_Matrix_Binaries/MATRIX_BIN_058_Ta12_V87,8,,111.4090739,5.25026009,5.25026009,5.25026009,109.4712206,109.4712206,109.4712206,2.405896049,8,1,-74.18010432,-9.27251304,0.06873568,68.73568,5,,0,0,0,0,0,0,0,0.125,0,0.875,0,0,0
MATRIX_BIN_059_Ta25_V75,./03_Matrix_Binaries/MATRIX_BIN_059_Ta25_V75,8,,116.8768749,5.298733635,5.445982711,5.298733635,110.0351457,108.9014562,110.0351457,3.080038888,4,2,-76.80759406,-9.600949258,0.103170482,103.1704825,5,,0,0,0,0,0,0,0,0.25,0,0.75,0,0,0
MATRIX_BIN_060_Ta50_V50,./03_Matrix_Binaries/MATRIX_BIN_060_Ta50_V50,8,,127.2504437,5.488198123,5.488198123,5.488198123,109.7576794,109.3281814,109.3281814,3.992176831,2,4,-82.49265763,-10.3115822,0.118279576,118.2795762,5,,0,0,0,0,0,0,0,0.5,0,0.5,0,0,0
MATRIX_BIN_061_Ta75_V25,./03_Matrix_Binaries/MATRIX_BIN_061_Ta75_V25,8,,136.5843937,5.605077937,5.605077937,5.605077937,109.2646242,109.2646242,109.2646242,3.244245389,4,2,-88.57797618,-11.07224702,0.083356798,83.3567975,5,,0,0,0,0,0,0,0,0.75,0,0.25,0,0,0
MATRIX_BIN_062_Ta87_V12,./03_Matrix_Binaries/MATRIX_BIN_062_Ta87_V12,8,,140.8620778,5.677258383,5.677258383,5.677258383,109.4712206,109.4712206,109.4712206,2.601565119,8,1,-91.76194668,-11.47024334,0.048231505,48.231505,5,,0,0,0,0,0,0,0,0.875,0,0.125,0,0,0
MATRIX_BIN_063_W12_V87,./03_Matrix_Binaries/MATRIX_BIN_063_W12_V87,8,,108.7482616,5.208125066,5.208125066,5.208125066,109.4712206,109.4712206,109.4712206,2.38658796,8,1,-75.76728876,-9.470911095,0.007573578,7.5735775,5.125,,0,0,0,0,0,0,0,0,0.125,0.875,0,0,0
MATRIX_BIN_064_W25_V75,./03_Matrix_Binaries/MATRIX_BIN_064_W25_V75,8,,111.5466047,5.225153539,5.225153539,5.225153539,109.0376167,109.0376167,109.0376167,3.032485885,4,2,-79.91191313,-9.988989141,-0.010397496,-10.39749625,5.25,,0,0,0,0,0,0,0,0,0.25,0.75,0,0,0
MATRIX_BIN_065_W50_V50,./03_Matrix_Binaries/MATRIX_BIN_065_W50_V50,8,,116.9809304,5.336369863,5.336369863,5.336369863,109.5613797,109.4261599,109.4261599,3.881757122,2,4,-88.26974672,-11.03371834,-0.05491275,-54.91275,5.5,,0,0,0,0,0,0,0,0,0.5,0.5,0,0,0
MATRIX_BIN_066_W75_V25,./03_Matrix_Binaries/MATRIX_BIN_066_W75_V25,8,,122.3169777,5.405773257,5.448137035,5.405773257,109.6300489,109.3119264,109.6300489,3.12710346,4,2,-96.56880388,-12.07110049,-0.09208095,-92.08095,5.75,,0,0,0,0,0,0,0,0,0.75,0.25,0,0,0
MATRIX_BIN_067_W87_V12,./03_Matrix_Binaries/MATRIX_BIN_067_W87_V12,8,,125.0285306,5.456033221,5.456033221,5.456033221,109.4712206,109.4712206,109.4712206,2.50019019,8,1,-100.5124606,-12.56405758,-0.084931073,-84.9310725,5.875,,0,0,0,0,0,0,0,0,0.875,0.125,0,0,0
MATRIX_TERN_068_Nb33_Mo33_Ta33,./04_Matrix_Ternaries/MATRIX_TERN_068_Nb33_Mo33_Ta33,9,,155.1331095,8.406043464,8.493716685,2.855492663,110.2356981,109.7717671,109.3248995,3.725584467,3,3,-99.34225036,-11.03802782,-0.065262171,-65.26217111,5.333333333,,0,0,0,0,0,0.333333333,0.333333333,0.333333333,0,0,0,0,0
MATRIX_TERN_069_Nb33_Mo33_W33,./04_Matrix_Ternaries/MATRIX_TERN_069_Nb33_Mo33_W33,9,,148.8792712,8.356125814,8.334093896,2.782712083,109.5661022,109.5025339,109.5077768,3.674833441,3,3,-102.4957359,-11.3884151,-0.049686914,-49.68691444,5.666666667,,0,0,0,0,0,0.333333333,0.333333333,0,0.333333333,0,0,0,0
MATRIX_TERN_070_Nb33_Mo33_V33,./04_Matrix_Ternaries/MATRIX_TERN_070_Nb33_Mo33_V33,9,,141.5807399,8.162417295,8.120368217,2.787209937,110.0716899,109.7819997,108.9121632,3.613773878,3,3,-90.16491705,-10.01832412,-0.013214523,-13.21452333,5.333333333,,0,0,0,0,0,0.333333333,0.333333333,0,0,0.333333333,0,0,0
MATRIX_TERN_071_Nb33_Ta33_W33,./04_Matrix_Ternaries/MATRIX_TERN_071_Nb33_Ta33_W33,9,,155.724216,8.456491978,8.510867308,2.818958612,109.6845225,109.2619925,109.7026254,3.730310358,3,3,-105.2488872,-11.6943208,-0.031019427,-31.01942667,5.333333333,,0,0,0,0,0,0,0.333333333,0.333333333,0.333333333,0,0,0,0
MATRIX_TERN_072_Nb33_Ta33_V33,./04_Matrix_Ternaries/MATRIX_TERN_072_Nb33_Ta33_V33,9,,150.1299149,8.381322052,8.347694028,2.829014759,109.8872082,110.0866331,109.6073813,3.685094771,3,3,-92.1884181,-10.24315757,0.08652521,86.52521,5,,0,0,0,0,0,0,0.333333333,0.333333333,0,0.333333333,0,0,0
MATRIX_TERN_073_Nb33_W33_V33,./04_Matrix_Ternaries/MATRIX_TERN_073_Nb33_W33_V33,9,,142.5905975,8.259801601,8.127695424,2.758409674,109.5566959,109.6164857,109.2177893,3.622345558,3,3,-96.09182941,-10.67686993,0.018775382,18.77538222,5.333333333,,0,0,0,0,0,0,0.333333333,0,0.333333333,0.333333333,0,0,0
MATRIX_TERN_074_Mo33_Ta33_W33,./04_Matrix_Ternaries/MATRIX_TERN_074_Mo33_Ta33_W33,9,,148.0814382,8.333191133,8.298838816,2.792434254,109.5842495,109.7186119,109.4234194,3.668257294,3,3,-108.1424098,-12.01582331,-0.093088097,-93.08809667,5.666666667,,0,0,0,0,0,0.333333333,0,0.333333333,0.333333333,0,0,0,0
MATRIX_TERN_075_Mo33_Ta33_V33,./04_Matrix_Ternaries/MATRIX_TERN_075_Mo33_Ta33_V33,9,,140.856848,8.139573226,8.128033088,2.792995882,110.0321949,110.1168331,109.0392153,3.607604365,3,3,-95.68207121,-10.63134125,-0.042224622,-42.22462222,5.333333333,,0,0,0,0,0,0.333333333,0,0.333333333,0,0.333333333,0,0,0
MATRIX_TERN_076_Mo33_W33_V33,./04_Matrix_Ternaries/MATRIX_TERN_076_Mo33_W33_V33,9,,134.6527225,8.048168361,8.004813639,2.720047071,109.6841884,109.817366,109.0555635,3.553840738,3,3,-99.26564708,-11.02951634,-0.074437179,-74.43717889,5.666666667,,0,0,0,0,0,0.333333333,0,0,0.333333333,0.333333333,0,0,0
MATRIX_TERN_077_Ta33_W33_V33,./04_Matrix_Ternaries/MATRIX_TERN_077_Ta33_W33_V33,9,,141.8993829,8.226514741,8.136422484,2.759846954,109.6668006,109.6881796,109.2306918,3.616482912,3,3,-101.5659161,-11.28510178,-0.005449438,-5.449437778,5.333333333,,0,0,0,0,0,0,0,0.333333333,0.333333333,0.333333333,0,0,0
B2_TERN_SOL_078_Ru_Hf87_Nb12,./05_B2_Ternaries_Solubility/B2_TERN_SOL_078_Ru_Hf87_Nb12,16,,269.0678204,6.455857271,6.455857271,6.455857271,90,90,90,2.562008656,16,1,-165.5546104,-10.34716315,-1.091011246,-1091.011246,6.0625,,0.5,0.4375,0,0,0,0,0.0625,0,0,0,0,0,0
B2_TERN_SOL_079_Ru_Hf75_Nb25,./05_B2_Ternaries_Solubility/B2_TERN_SOL_079_Ru_Hf75_Nb25,16,,267.3791436,6.430583424,6.448201133,6.448201133,90,90,90,3.221161604,8,2,-164.3127911,-10.26954945,-0.990479496,-990.4794956,6.125,,0.5,0.375,0,0,0,0,0.125,0,0,0,0,0,0
B2_TERN_SOL_080_Ru_Hf87_Mo12,./05_B2_Ternaries_Solubility/B2_TERN_SOL_080_Ru_Hf87_Mo12,16,,266.6768616,6.436677922,6.436677922,6.436677922,90,90,90,2.554397326,16,1,-165.0620171,-10.31637607,-1.011580317,-1011.580317,6.125,,0.5,0.4375,0,0,0,0.0625,0,0,0,0,0,0,0
B2_TERN_SOL_081_Ru_Hf75_Mo25,./05_B2_Ternaries_Solubility/B2_TERN_SOL_081_Ru_Hf75_Mo25,16,,262.1753988,6.390188222,6.390188222,6.420437704,90,90,90,3.200127757,8,2,-163.36288,-10.21018,-0.833822359,-833.8223594,6.25,,0.5,0.375,0,0,0,0.125,0,0,0,0,0,0,0
B2_TERN_SOL_082_Ru_Hf87_Ta12,./05_B2_Ternaries_Solubility/B2_TERN_SOL_082_Ru_Hf87_Ta12,16,,268.528594,6.451541758,6.451541758,6.451541758,90,90,90,2.560296043,16,1,-167.6693458,-10.47933411,-1.113680888,-1113.680888,6.0625,,0.5,0.4375,0,0,0,0,0,0.0625,0,0,0,0,0
B2_TERN_SOL_083_Ru_Hf75_Ta25,./05_B2_Ternaries_Solubility/B2_TERN_SOL_083_Ru_Hf75_Ta25,16,,266.2356641,6.433126291,6.433126291,6.433126291,90,90,90,3.216563145,8,2,-168.4894762,-10.53059226,-1.032519678,-1032.519678,6.125,,0.5,0.375,0,0,0,0,0,0.125,0,0,0,0,0
B2_TERN_SOL_084_Ru_Hf87_W12,./05_B2_Ternaries_Solubility/B2_TERN_SOL_084_Ru_Hf87_W12,16,,266.6614469,6.4365539,6.4365539,6.4365539,90,90,90,2.554348108,16,1,-167.2231154,-10.45144471,-1.017173511,-1017.173511,6.125,,0.5,0.4375,0,0,0,0,0,0,0.0625,0,0,0,0
B2_TERN_SOL_085_Ru_Hf75_W25,./05_B2_Ternaries_Solubility/B2_TERN_SOL_085_Ru_Hf75_W25,16,,262.3636752,6.412879318,6.396248372,6.396248372,90,90,90,3.200893611,8,2,-167.5548328,-10.47217705,-0.836868509,-836.8685094,6.25,,0.5,0.375,0,0,0,0,0,0,0.125,0,0,0,0
B2_TERN_SOL_086_Ru_Hf87_V12,./05_B2_Ternaries_Solubility/B2_TERN_SOL_086_Ru_Hf87_V12,16,,264.046211,6.41544294,6.41544294,6.41544294,90,90,90,2.545970218,16,1,-163.9672439,-10.24795274,-1.063735031,-1063.735031,6.0625,,0.5,0.4375,0,0,0,0,0,0,0,0.0625,0,0,0
B2_TERN_SOL_087_Ru_Hf75_V25,./05_B2_Ternaries_Solubility/B2_TERN_SOL_087_Ru_Hf75_V25,16,,257.4568615,6.363082091,6.358715853,6.363082091,90,90,90,3.180813173,8,2,-161.3108598,-10.08192874,-0.946727169,-946.7271694,6.125,,0.5,0.375,0,0,0,0,0,0,0,0.125,0,0,0
B2_TERN_SOL_088_Ru_Ti87_Nb12,./05_B2_Ternaries_Solubility/B2_TERN_SOL_088_Ru_Ti87_Nb12,16,,235.9106543,6.178966657,6.178966657,6.178966657,90,90,90,2.452124543,16,1,-149.1117906,-9.319486911,-0.983188993,-983.1889931,6.0625,,0.5,0,0.4375,0,0,0,0.0625,0,0,0,0,0,0
B2_TERN_SOL_089_Ru_Ti75_Nb25,./05_B2_Ternaries_Solubility/B2_TERN_SOL_089_Ru_Ti75_Nb25,16,,238.9985054,6.209437101,6.198558732,6.209437101,90,90,90,3.102904429,8,2,-150.3010019,-9.393812619,-0.903188944,-903.1889444,6.125,,0.5,0,0.375,0,0,0,0.125,0,0,0,0,0,0
B2_TERN_SOL_090_Ru_Ti87_Mo12,./05_B2_Ternaries_Solubility/B2_TERN_SOL_090_Ru_Ti87_Mo12,16,,233.2925304,6.156023626,6.156023626,6.156023626,90,90,90,2.443019595,16,1,-148.9023581,-9.306397384,-0.92145562,-921.45562,6.125,,0.5,0,0.4375,0,0,0.0625,0,0,0,0,0,0,0
B2_TERN_SOL_091_Ru_Ti75_Mo25,./05_B2_Ternaries_Solubility/B2_TERN_SOL_091_Ru_Ti75_Mo25,16,,234.6307529,6.167772005,6.167772005,6.167772005,90,90,90,3.083886002,8,2,-149.6119949,-9.350749679,-0.762838311,-762.8383113,6.25,,0.5,0,0.375,0,0,0.125,0,0,0,0,0,0,0
B2_TERN_SOL_092_Ru_Ti87_Ta12,./05_B2_Ternaries_Solubility/B2_TERN_SOL_092_Ru_Ti87_Ta12,16,,235.4479117,6.174923965,6.174923965,6.174923965,90,90,90,2.4505202,16,1,-151.3262542,-9.457890884,-1.012091649,-1012.091649,6.0625,,0.5,0,0.4375,0,0,0,0,0.0625,0,0,0,0,0
B2_TERN_SOL_093_Ru_Ti75_Ta25,./05_B2_Ternaries_Solubility/B2_TERN_SOL_093_Ru_Ti75_Ta25,16,,238.0509605,6.198208566,6.198208566,6.196373191,90,90,90,3.098798357,8,2,-154.684431,-9.667776934,-0.958150623,-958.1506231,6.125,,0.5,0,0.375,0,0,0,0,0.125,0,0,0,0,0
B2_TERN_SOL_094_Ru_Ti87_W12,./05_B2_Ternaries_Solubility/B2_TERN_SOL_094_Ru_Ti87_W12,16,,233.5068119,6.157907838,6.157907838,6.157907838,90,90,90,2.443767345,16,1,-151.1662394,-9.447889965,-0.933472753,-933.4727531,6.125,,0.5,0,0.4375,0,0,0,0,0,0.0625,0,0,0,0
B2_TERN_SOL_095_Ru_Ti75_W25,./05_B2_Ternaries_Solubility/B2_TERN_SOL_095_Ru_Ti75_W25,16,,234.2429454,6.190580444,6.112287551,6.190580444,90,90,90,3.082186007,8,2,-154.18361,-9.636475622,-0.789613358,-789.6133581,6.25,,0.5,0,0.375,0,0,0,0,0,0.125,0,0,0,0
B2_TERN_SOL_096_Ru_Ti87_V12,./05_B2_Ternaries_Solubility/B2_TERN_SOL_096_Ru_Ti87_V12,16,,230.3208985,6.129773802,6.129773802,6.129773802,90,90,90,2.432602346,16,1,-147.9534133,-9.247088333,-0.982724607,-982.7246069,6.0625,,0.5,0,0.4375,0,0,0,0,0,0,0.0625,0,0,0
B2_TERN_SOL_097_Ru_Ti75_V25,./05_B2_Ternaries_Solubility/B2_TERN_SOL_097_Ru_Ti75_V25,16,,228.0983291,6.113361543,6.108309185,6.108309185,90,90,90,3.05499642,8,2,-148.0329909,-9.252061933,-0.905306641,-905.3066413,6.125,,0.5,0,0.375,0,0,0,0,0,0,0.125,0,0,0
B2_TERN_SOL_098_Ru_Zr87_Nb12,./05_B2_Ternaries_Solubility/B2_TERN_SOL_098_Ru_Zr87_Nb12,16,,277.1236482,6.519653715,6.519653715,6.519653715,90,90,90,2.587326291,16,1,-152.7296226,-9.545601411,-0.890146496,-890.1464956,6.0625,,0.5,0,0,0.4375,0,0,0.0625,0,0,0,0,0,0
B2_TERN_SOL_099_Ru_Zr75_Nb25,./05_B2_Ternaries_Solubility/B2_TERN_SOL_099_Ru_Zr75_Nb25,16,,274.2902726,6.486436076,6.502825976,6.502825976,90,90,90,3.24867904,8,2,-153.3165087,-9.582281791,-0.818094975,-818.094975,6.125,,0.5,0,0,0.375,0,0,0.125,0,0,0,0,0,0
B2_TERN_SOL_100_Ru_Zr87_Mo12,./05_B2_Ternaries_Solubility/B2_TERN_SOL_100_Ru_Zr87_Mo12,16,,274.4976952,6.498995468,6.498995468,6.498995468,90,90,90,2.579128061,16,1,-152.1770613,-9.511066331,-0.806967569,-806.9675688,6.125,,0.5,0,0,0.4375,0,0.0625,0,0,0,0,0,0,0
B2_TERN_SOL_101_Ru_Zr75_Mo25,./05_B2_Ternaries_Solubility/B2_TERN_SOL_101_Ru_Zr75_Mo25,16,,269.0244918,6.449734344,6.449734344,6.467078992,90,90,90,3.227755359,8,2,-152.2709208,-9.516932548,-0.655458039,-655.4580388,6.25,,0.5,0,0,0.375,0,0.125,0,0,0,0,0,0,0
B2_TERN_SOL_102_Ru_Zr87_Ta12,./05_B2_Ternaries_Solubility/B2_TERN_SOL_102_Ru_Zr87_Ta12,16,,276.5696437,6.515306285,6.515306285,6.515306285,90,90,90,2.585601013,16,1,-154.830863,-9.676928936,-0.911972703,-911.9727025,6.0625,,0.5,0,0,0.4375,0,0,0,0.0625,0,0,0,0,0
B2_TERN_SOL_103_Ru_Zr75_Ta25,./05_B2_Ternaries_Solubility/B2_TERN_SOL_103_Ru_Zr75_Ta25,16,,273.2323311,6.497679412,6.471657536,6.497679412,90,90,90,3.244496924,8,2,-157.5442469,-9.846515432,-0.863325979,-863.3259794,6.125,,0.5,0,0,0.375,0,0,0,0.125,0,0,0,0,0
B2_TERN_SOL_104_Ru_Zr87_W12,./05_B2_Ternaries_Solubility/B2_TERN_SOL_104_Ru_Zr87_W12,16,,274.6148918,6.49992025,6.49992025,6.49992025,90,90,90,2.579495061,16,1,-154.3694206,-9.648088789,-0.814514579,-814.5145794,6.125,,0.5,0,0,0.4375,0,0,0,0,0.0625,0,0,0,0
B2_TERN_SOL_105_Ru_Zr75_W25,./05_B2_Ternaries_Solubility/B2_TERN_SOL_105_Ru_Zr75_W25,16,,269.4426737,6.498190421,6.498190421,6.380893736,90,90,90,3.229426942,8,2,-156.5087333,-9.781795833,-0.661370427,-661.3704275,6.25,,0.5,0,0,0.375,0,0,0,0,0.125,0,0,0,0
B2_TERN_SOL_106_Ru_Zr87_V12,./05_B2_Ternaries_Solubility/B2_TERN_SOL_106_Ru_Zr87_V12,16,,272.2645578,6.48132357,6.48132357,6.48132357,90,90,90,2.572114963,16,1,-151.0406616,-9.440041347,-0.856520623,-856.5206231,6.0625,,0.5,0,0,0.4375,0,0,0,0,0,0.0625,0,0,0
B2_TERN_SOL_107_Ru_Zr75_V25,./05_B2_Ternaries_Solubility/B2_TERN_SOL_107_Ru_Zr75_V25,16,,264.2086009,6.412156763,6.425969925,6.412156763,90,90,90,3.208378924,8,2,-150.0797825,-9.379986403,-0.759667971,-759.6679706,6.125,,0.5,0,0,0.375,0,0,0,0,0,0.125,0,0,0
B2_PENALTY_108_Ru100Al0_Hf,./06_B2_Penalty_RuSubstitution/B2_PENALTY_108_Ru100Al0_Hf,16,,270.8149592,6.469800414,6.469800414,6.469800414,90,90,90,5.135083991,2,8,-166.7356689,-10.42097931,-1.187745448,-1187.745448,6,,0.5,0.5,0,0,0,0,0,0,0,0,0,0,0
B2_PENALTY_109_Ru87Al12_Hf,./06_B2_Penalty_RuSubstitution/B2_PENALTY_109_Ru87Al12_Hf,16,,274.4553062,6.498660917,6.498660917,6.498660917,90,90,90,2.578995294,16,1,-159.6199174,-9.976244839,-1.06443911,-1064.43911,5.6875,,0.4375,0.5,0,0,0.0625,0,0,0,0,0,0,0,0
B2_PENALTY_110_Ru75Al25_Hf,./06_B2_Penalty_RuSubstitution/B2_PENALTY_110_Ru75Al25_Hf,16,,278.3864754,6.526048893,6.536533422,6.526048893,90,90,90,3.264770933,8,2,-152.7379176,-9.546119849,-0.95574225,-955.74225,5.375,,0.375,0.5,0,0,0.125,0,0,0,0,0,0,0,0
B2_PENALTY_111_Ru62Al37_Hf,./06_B2_Penalty_RuSubstitution/B2_PENALTY_111_Ru62Al37_Hf,16,,282.5280357,6.552086243,6.581158333,6.552086243,90,90,90,2.60403723,16,1,-145.7882081,-9.111763007,-0.842813539,-842.8135388,5.0625,,0.3125,0.5,0,0,0.1875,0,0,0,0,0,0,0,0
B2_PENALTY_112_Ru50Al50_Hf,./06_B2_Penalty_RuSubstitution/B2_PENALTY_112_Ru50Al50_Hf,16,,286.4522304,6.688073017,6.688073017,6.403983386,90,90,90,4.152701731,4,4,-138.8347304,-8.677170652,-0.729649314,-729.6493144,4.75,,0.25,0.5,0,0,0.25,0,0,0,0,0,0,0,0
B2_PENALTY_113_Ru87Cr12_Hf,./06_B2_Penalty_RuSubstitution/B2_PENALTY_113_Ru87Cr12_Hf,16,,269.2234718,6.457101901,6.457101901,6.457101901,90,90,90,2.562502587,16,1,-165.0902091,-10.31813807,-1.035615577,-1035.615577,5.875,,0.4375,0.5,0,0,0,0,0,0,0,0,0.0625,0,0
B2_PENALTY_114_Ru75Cr25_Hf,./06_B2_Penalty_RuSubstitution/B2_PENALTY_114_Ru75Cr25_Hf,16,,268.4421424,6.473490084,6.405805117,6.473490084,90,90,90,3.225424668,8,2,-163.3595811,-10.20997382,-0.878162691,-878.1626913,5.75,,0.375,0.5,0,0,0,0,0,0,0,0,0.125,0,0
B2_PENALTY_115_Ru62Cr37_Hf,./06_B2_Penalty_RuSubstitution/B2_PENALTY_115_Ru62Cr37_Hf,16,,267.4060553,6.428291744,6.471129337,6.428291744,90,90,90,2.556723432,16,1,-161.5596309,-10.09747693,-0.716377173,-716.3771731,5.625,,0.3125,0.5,0,0,0,0,0,0,0,0,0.1875,0,0
B2_PENALTY_116_Ru50Cr50_Hf,./06_B2_Penalty_RuSubstitution/B2_PENALTY_116_Ru50Cr50_Hf,16,,266.4232732,6.435853303,6.435853303,6.432205143,90,90,90,4.053567315,4,4,-159.730956,-9.983184747,-0.552796357,-552.7963569,5.5,,0.25,0.5,0,0,0,0,0,0,0,0,0.25,0,0
B2_PENALTY_117_Ru87Cu12_Hf,./06_B2_Penalty_RuSubstitution/B2_PENALTY_117_Ru87Cu12_Hf,16,,271.4153846,6.474578295,6.474578295,6.474578295,90,90,90,2.569438099,16,1,-159.4599034,-9.96624396,-1.045192975,-1045.192975,6.1875,,0.4375,0.5,0,0,0,0,0,0,0,0,0,0.0625,0
B2_PENALTY_118_Ru75Cu25_Hf,./06_B2_Penalty_RuSubstitution/B2_PENALTY_118_Ru75Cu25_Hf,16,,271.1570728,6.468536772,6.480504764,6.468536772,90,90,90,3.236261822,8,2,-152.516128,-9.532257999,-0.923389889,-923.3898888,6.375,,0.375,0.5,0,0,0,0,0,0,0,0,0,0.125,0
B2_PENALTY_119_Ru62Cu37_Hf,./06_B2_Penalty_RuSubstitution/B2_PENALTY_119_Ru62Cu37_Hf,16,,271.0469486,6.466265339,6.482424676,6.466265339,90,90,90,2.568274935,16,1,-145.5419135,-9.096369594,-0.799684359,-799.6843587,6.5625,,0.3125,0.5,0,0,0,0,0,0,0,0,0,0.1875,0
B2_PENALTY_120_Ru50Cu50_Hf,./06_B2_Penalty_RuSubstitution/B2_PENALTY_120_Ru50Cu50_Hf,16,,271.006674,6.46348022,6.46348022,6.487048397,90,90,90,4.076680397,4,4,-138.5897702,-8.661860639,-0.677358279,-677.3582794,6.75,,0.25,0.5,0,0,0,0,0,0,0,0,0,0.25,0
B2_PENALTY_121_Ru87Si12_Hf,./06_B2_Penalty_RuSubstitution/B2_PENALTY_121_Ru87Si12_Hf,16,,272.9138983,6.486472049,6.486472049,6.486472049,90,90,90,2.574158138,16,1,-161.3405651,-10.08378532,-1.089550642,-1089.550642,5.75,,0.4375,0.5,0,0,0,0,0,0,0,0,0,0,0.0625
B2_PENALTY_122_Ru75Si25_Hf,./06_B2_Penalty_RuSubstitution/B2_PENALTY_122_Ru75Si25_Hf,16,,274.2227474,6.614037812,6.438999659,6.438999659,90,90,90,3.248412429,8,2,-156.2391861,-9.764949133,-1.009713639,-1009.713639,5.5,,0.375,0.5,0,0,0,0,0,0,0,0,0,0,0.125
B2_PENALTY_123_Ru62Si37_Hf,./06_B2_Penalty_RuSubstitution/B2_PENALTY_123_Ru62Si37_Hf,16,,275.7765421,6.608692085,6.314315629,6.608692085,90,90,90,2.583127124,16,1,-150.9908918,-9.436930738,-0.920694427,-920.6944269,5.25,,0.3125,0.5,0,0,0,0,0,0,0,0,0,0,0.1875
B2_PENALTY_124_Ru50Si50_Hf,./06_B2_Penalty_RuSubstitution/B2_PENALTY_124_Ru50Si50_Hf,16,,277.2820077,6.682344891,6.682344891,6.209604162,90,90,90,4.107906653,4,4,-145.8490294,-9.115564338,-0.838327211,-838.3272106,5,,0.25,0.5,0,0,0,0,0,0,0,0,0,0,0.25
B2_PENALTY_125_Ru100Al0_Ti,./06_B2_Penalty_RuSubstitution/B2_PENALTY_125_Ru100Al0_Ti,16,,232.6723642,6.150563891,6.150563891,6.150563891,90,90,90,4.881705796,2,8,-147.8388644,-9.239929026,-1.057956866,-1057.956866,6,,0.5,0,0.5,0,0,0,0,0,0,0,0,0,0
B2_PENALTY_126_Ru87Al12_Ti,./06_B2_Penalty_RuSubstitution/B2_PENALTY_126_Ru87Al12_Ti,16,,235.414546,6.174632265,6.174632265,6.174632265,90,90,90,2.450404438,16,1,-141.2929793,-8.830811204,-0.970267174,-970.2671744,5.6875,,0.4375,0,0.5,0,0.0625,0,0,0,0,0,0,0,0
B2_PENALTY_127_Ru75Al25_Ti,./06_B2_Penalty_RuSubstitution/B2_PENALTY_127_Ru75Al25_Ti,16,,238.2577332,6.200005771,6.198160501,6.200005771,90,90,90,3.09969531,8,2,-134.8369045,-8.427306529,-0.88819063,-888.19063,5.375,,0.375,0,0.5,0,0.125,0,0,0,0,0,0,0,0
B2_PENALTY_128_Ru62Al37_Ti,./06_B2_Penalty_RuSubstitution/B2_PENALTY_128_Ru62Al37_Ti,16,,241.510421,6.202524811,6.277675381,6.202524811,90,90,90,2.471374896,16,1,-128.3540485,-8.022128033,-0.804440265,-804.440265,5.0625,,0.3125,0,0.5,0,0.1875,0,0,0,0,0,0,0,0
B2_PENALTY_129_Ru50Al50_Ti,./06_B2_Penalty_RuSubstitution/B2_PENALTY_129_Ru50Al50_Ti,16,,244.5687252,6.304276322,6.304276322,6.153616669,90,90,90,3.939553259,4,4,-121.759381,-7.609961311,-0.713701673,-713.7016731,4.75,,0.25,0,0.5,0,0.25,0,0,0,0,0,0,0,0
B2_PENALTY_130_Ru87Cr12_Ti,./06_B2_Penalty_RuSubstitution/B2_PENALTY_130_Ru87Cr12_Ti,16,,230.8312998,6.134298411,6.134298411,6.134298411,90,90,90,2.434397938,16,1,-146.7834461,-9.173965383,-0.94270459,-942.70459,5.875,,0.4375,0,0.5,0,0,0,0,0,0,0,0.0625,0,0
B2_PENALTY_131_Ru75Cr25_Ti,./06_B2_Penalty_RuSubstitution/B2_PENALTY_131_Ru75Cr25_Ti,16,,229.5466672,6.139432491,6.089961333,6.139432491,90,90,90,3.061448806,8,2,-145.442705,-9.090169065,-0.80961964,-809.61964,5.75,,0.375,0,0.5,0,0,0,0,0,0,0,0.125,0,0
B2_PENALTY_132_Ru62Cr37_Ti,./06_B2_Penalty_RuSubstitution/B2_PENALTY_132_Ru62Cr37_Ti,16,,228.0187767,6.097574846,6.132765117,6.097574846,90,90,90,2.424470344,16,1,-144.0882877,-9.005517979,-0.675679922,-675.6799219,5.625,,0.3125,0,0.5,0,0,0,0,0,0,0,0.1875,0,0
B2_PENALTY_133_Ru50Cr50_Ti,./06_B2_Penalty_RuSubstitution/B2_PENALTY_133_Ru50Cr50_Ti,16,,226.4360467,6.09922362,6.09922362,6.086903982,90,90,90,3.839681408,4,4,-142.6752746,-8.917204664,-0.538077974,-538.0779744,5.5,,0.25,0,0.5,0,0,0,0,0,0,0,0.25,0,0
B2_PENALTY_134_Ru87Cu12_Ti,./06_B2_Penalty_RuSubstitution/B2_PENALTY_134_Ru87Cu12_Ti,16,,232.7995587,6.151684459,6.151684459,6.151684459,90,90,90,2.441297595,16,1,-140.6323076,-8.789519222,-0.919729937,-919.7299369,6.1875,,0.4375,0,0.5,0,0,0,0,0,0,0,0,0.0625,0
B2_PENALTY_135_Ru75Cu25_Ti,./06_B2_Penalty_RuSubstitution/B2_PENALTY_135_Ru75Cu25_Ti,16,,232.5346318,6.137246675,6.173628379,6.137246675,90,90,90,3.074675013,8,2,-133.7491776,-8.359323599,-0.801717189,-801.7171888,6.375,,0.375,0,0.5,0,0,0,0,0,0,0,0,0.125,0
B2_PENALTY_136_Ru62Cu37_Ti,./06_B2_Penalty_RuSubstitution/B2_PENALTY_136_Ru62Cu37_Ti,16,,232.4788053,6.168893891,6.108980865,6.168893891,90,90,90,2.440175866,16,1,-126.8170311,-7.926064444,-0.680640909,-680.6409094,6.5625,,0.3125,0,0.5,0,0,0,0,0,0,0,0,0.1875,0
B2_PENALTY_137_Ru50Cu50_Ti,./06_B2_Penalty_RuSubstitution/B2_PENALTY_137_Ru50Cu50_Ti,16,,232.3357491,6.136679939,6.136679939,6.169487561,90,90,90,3.872743044,4,4,-119.8566147,-7.491038419,-0.557797759,-557.7977587,6.75,,0.25,0,0.5,0,0,0,0,0,0,0,0,0.25,0
B2_PENALTY_138_Ru87Si12_Ti,./06_B2_Penalty_RuSubstitution/B2_PENALTY_138_Ru87Si12_Ti,16,,233.5301298,6.158112807,6.158112807,6.158112807,90,90,90,2.443848687,16,1,-142.9196621,-8.932478879,-0.989505902,-989.5059025,5.75,,0.4375,0,0.5,0,0,0,0,0,0,0,0,0,0.0625
B2_PENALTY_139_Ru75Si25_Ti,./06_B2_Penalty_RuSubstitution/B2_PENALTY_139_Ru75Si25_Ti,16,,234.2119833,6.260523035,6.116447423,6.116447423,90,90,90,3.0820502,8,2,-138.2414439,-8.640090244,-0.93611645,-936.11645,5.5,,0.375,0,0.5,0,0,0,0,0,0,0,0,0,0.125
B2_PENALTY_140_Ru62Si37_Ti,./06_B2_Penalty_RuSubstitution/B2_PENALTY_140_Ru62Si37_Ti,16,,234.8575366,6.278028122,5.958788732,6.278028122,90,90,90,2.448470295,16,1,-133.3557064,-8.33473165,-0.869757039,-869.7570394,5.25,,0.3125,0,0.5,0,0,0,0,0,0,0,0,0,0.1875
B2_PENALTY_141_Ru50Si50_Ti,./06_B2_Penalty_RuSubstitution/B2_PENALTY_141_Ru50Si50_Ti,16,,235.5290135,6.32177671,6.32177671,5.893402578,90,90,90,3.890404933,4,4,-128.5543964,-8.034649774,-0.808674347,-808.6743469,5,,0.25,0,0.5,0,0,0,0,0,0,0,0,0,0.25
B2_PENALTY_142_Ru100Al0_Zr,./06_B2_Penalty_RuSubstitution/B2_PENALTY_142_Ru100Al0_Zr,16,,280.3060295,6.544515188,6.544515188,6.544515188,90,90,90,5.194385147,2,8,-152.1200081,-9.507500504,-0.960777489,-960.7774888,6,,0.5,0,0,0.5,0,0,0,0,0,0,0,0,0
B2_PENALTY_143_Ru87Al12_Zr,./06_B2_Penalty_RuSubstitution/B2_PENALTY_143_Ru87Al12_Zr,16,,284.0594685,6.573597216,6.573597216,6.573597216,90,90,90,2.608733784,16,1,-145.5821266,-9.098882913,-0.873588029,-873.5880287,5.6875,,0.4375,0,0,0.5,0.0625,0,0,0,0,0,0,0,0
B2_PENALTY_144_Ru75Al25_Zr,./06_B2_Penalty_RuSubstitution/B2_PENALTY_144_Ru75Al25_Zr,16,,288.120564,6.599363286,6.615614395,6.599363286,90,90,90,3.302387941,8,2,-139.2288375,-8.701802341,-0.797935587,-797.9355875,5.375,,0.375,0,0,0.5,0.125,0,0,0,0,0,0,0,0
B2_PENALTY_145_Ru62Al37_Zr,./06_B2_Penalty_RuSubstitution/B2_PENALTY_145_Ru62Al37_Zr,16,,292.3370558,6.609942076,6.690961967,6.609942076,90,90,90,2.633831346,16,1,-132.9454605,-8.30909128,-0.726652657,-726.6526569,5.0625,,0.3125,0,0,0.5,0.1875,0,0,0,0,0,0,0,0
B2_PENALTY_146_Ru50Al50_Zr,./06_B2_Penalty_RuSubstitution/B2_PENALTY_146_Ru50Al50_Zr,16,,296.2024703,6.7650038,6.7650038,6.472209797,90,90,90,4.199293486,4,4,-126.6468604,-7.915428777,-0.654418284,-654.4182844,4.75,,0.25,0,0,0.5,0.25,0,0,0,0,0,0,0,0
B2_PENALTY_147_Ru87Cr12_Zr,./06_B2_Penalty_RuSubstitution/B2_PENALTY_147_Ru87Cr12_Zr,16,,278.6858822,6.531881885,6.531881885,6.531881885,90,90,90,2.592179044,16,1,-150.7213872,-9.420086698,-0.824075051,-824.0750506,5.875,,0.4375,0,0,0.5,0,0,0,0,0,0,0.0625,0,0
B2_PENALTY_148_Ru75Cr25_Zr,./06_B2_Penalty_RuSubstitution/B2_PENALTY_148_Ru75Cr25_Zr,16,,277.6796922,6.54399274,6.484231351,6.54399274,90,90,90,3.262005664,8,2,-149.1390281,-9.321189256,-0.675888976,-675.8889756,5.75,,0.375,0,0,0.5,0,0,0,0,0,0,0.125,0,0
B2_PENALTY_149_Ru62Cr37_Zr,./06_B2_Penalty_RuSubstitution/B2_PENALTY_149_Ru62Cr37_Zr,16,,276.5374844,6.500724393,6.54380727,6.500724393,90,90,90,2.585500791,16,1,-147.5256568,-9.220353548,-0.525764636,-525.7646356,5.625,,0.3125,0,0,0.5,0,0,0,0,0,0,0.1875,0,0
B2_PENALTY_150_Ru50Cr50_Zr,./06_B2_Penalty_RuSubstitution/B2_PENALTY_150_Ru50Cr50_Zr,16,,275.34585,6.508996784,6.508996784,6.499058127,90,90,90,4.09832298,4,4,-145.9477234,-9.121732711,-0.377855166,-377.8551656,5.5,,0.25,0,0,0.5,0,0,0,0,0,0,0.25,0,0
B2_PENALTY_151_Ru87Cu12_Zr,./06_B2_Penalty_RuSubstitution/B2_PENALTY_151_Ru87Cu12_Zr,16,,280.768518,6.548112566,6.548112566,6.548112566,90,90,90,2.598620194,16,1,-145.2326059,-9.077037868,-0.842497728,-842.4977281,6.1875,,0.4375,0,0,0.5,0,0,0,0,0,0,0,0.0625,0
B2_PENALTY_152_Ru75Cu25_Zr,./06_B2_Penalty_RuSubstitution/B2_PENALTY_152_Ru75Cu25_Zr,16,,280.5148006,6.539779756,6.558877737,6.539779756,90,90,90,3.273069781,8,2,-138.6763814,-8.667273839,-0.744916574,-744.9165744,6.375,,0.375,0,0,0.5,0,0,0,0,0,0,0,0.125,0
B2_PENALTY_153_Ru62Cu37_Zr,./06_B2_Penalty_RuSubstitution/B2_PENALTY_153_Ru62Cu37_Zr,16,,280.4539747,6.551383005,6.534248093,6.551383005,90,90,90,2.597649425,16,1,-132.0626432,-8.253915199,-0.643740809,-643.7408094,6.5625,,0.3125,0,0,0.5,0,0,0,0,0,0,0,0.1875,0
B2_PENALTY_154_Ru50Cu50_Zr,./06_B2_Penalty_RuSubstitution/B2_PENALTY_154_Ru50Cu50_Zr,16,,280.6189732,6.53874171,6.53874171,6.563396881,90,90,90,4.124319928,4,4,-125.4923971,-7.84327482,-0.545283305,-545.283305,6.75,,0.25,0,0,0.5,0,0,0,0,0,0,0,0.25,0
B2_PENALTY_155_Ru87Si12_Zr,./06_B2_Penalty_RuSubstitution/B2_PENALTY_155_Ru87Si12_Zr,16,,282.349274,6.560378427,6.560378427,6.560378427,90,90,90,2.603487904,16,1,-147.3012626,-9.206328909,-0.898605077,-898.6050775,5.75,,0.4375,0,0,0.5,0,0,0,0,0,0,0,0,0.0625
B2_PENALTY_156_Ru75Si25_Zr,./06_B2_Penalty_RuSubstitution/B2_PENALTY_156_Ru75Si25_Zr,16,,283.7027813,6.706176857,6.504206116,6.504206116,90,90,90,3.285422312,8,2,-142.8133343,-8.925833395,-0.857108746,-857.1087463,5.5,,0.375,0,0,0.5,0,0,0,0,0,0,0,0,0.125
B2_PENALTY_157_Ru62Si37_Zr,./06_B2_Penalty_RuSubstitution/B2_PENALTY_157_Ru62Si37_Zr,16,,285.1173608,6.703938438,6.344006617,6.703938438,90,90,90,2.611968248,16,1,-138.1767155,-8.636044721,-0.806319256,-806.3192556,5.25,,0.3125,0,0,0.5,0,0,0,0,0,0,0,0,0.1875
B2_PENALTY_158_Ru50Si50_Zr,./06_B2_Penalty_RuSubstitution/B2_PENALTY_158_Ru50Si50_Zr,16,,285.9837981,6.789552495,6.789552495,6.203819144,90,90,90,4.150436873,4,4,-133.7728838,-8.360805239,-0.770078956,-770.0789563,5,,0.25,0,0,0.5,0,0,0,0,0,0,0,0,0.25
B2_MULTI_159_A_Ru87_Al12_B_HfTi,./07_B2_HighOrder/B2_MULTI_159_A_Ru87_Al12_B_HfTi,16,,255.5547857,6.340039333,6.348902253,6.348902253,89.97071304,90.19741879,89.80258121,2.518380484,16,1,-150.0707373,-9.379421082,-0.993246203,-993.2462025,5.6875,,0.4375,0.25,0.25,0,0.0625,0,0,0,0,0,0,0,0
B2_MULTI_160_A_Ru75_Al25_B_HfTi,./07_B2_HighOrder/B2_MULTI_160_A_Ru75_Al25_B_HfTi,16,,258.8273594,6.369449708,6.366285851,6.383125165,90,90.41197108,90,3.186447237,8,2,-143.4364968,-8.964781052,-0.900034303,-900.0343031,5.375,,0.375,0.25,0.25,0,0.125,0,0,0,0,0,0,0,0
B2_MULTI_161_A_Ru87_Al12_B_HfZr,./07_B2_HighOrder/B2_MULTI_161_A_Ru87_Al12_B_HfZr,16,,279.268368,6.535267415,6.537010683,6.537010683,90.00901211,89.99967959,90.00032041,2.593983772,16,1,-152.5671154,-9.535444711,-0.966894404,-966.8944044,5.6875,,0.4375,0.25,0,0.25,0.0625,0,0,0,0,0,0,0,0
B2_MULTI_162_A_Ru75_Al25_B_HfZr,./07_B2_HighOrder/B2_MULTI_162_A_Ru75_Al25_B_HfZr,16,,283.2874989,6.56281149,6.573907239,6.566202378,90,90.07329907,90,3.283818469,8,2,-145.9672403,-9.122952516,-0.87583034,-875.83034,5.375,,0.375,0.25,0,0.25,0.125,0,0,0,0,0,0,0,0
B2_MULTI_163_A_Ru87_Al12_B_HfAl,./07_B2_HighOrder/B2_MULTI_163_A_Ru87_Al12_B_HfAl,16,,248.5907917,6.293140687,6.293140578,6.2770635,89.80872788,90.19127243,89.84911136,2.495293785,16,1,-134.5314847,-8.408217791,-4.954411074,-4954.411074,2.8125,,0.25,0.0625,0,0,0.1875,0,0,0,0,0,0,0,0
B2_MULTI_163_A_Ru87_Al13_B_HfAl,./07_B2_HighOrder/B2_MULTI_163_A_Ru87_Al13_B_HfAl,16,,248.4901536,6.221605271,6.419691055,6.221605271,90,90.38591717,90,2.494957013,16,1,-134.4872967,-8.405456041,-1.044063929,-1044.063929,5.4375,,0.4375,0.25,0,0,0.3125,0,0,0,0,0,0,0,0
B2_MULTI_164_A_Ru75_Al25_B_HfAl,./07_B2_HighOrder/B2_MULTI_164_A_Ru75_Al25_B_HfAl,16,,252.6409645,6.247473139,6.38648853,6.332016212,90,90.26886162,90,3.160855152,8,2,-127.5642286,-7.97276429,-0.932800309,-932.8003088,5.125,,0.375,0.25,0,0,0.375,0,0,0,0,0,0,0,0
B2_MULTI_165_A_Ru87_Al12_B_TiZr,./07_B2_HighOrder/B2_MULTI_165_A_Ru87_Al12_B_TiZr,16,,260.2366385,6.370593974,6.391430002,6.391430002,89.94301191,89.76449061,90.23550939,2.533666714,16,1,-142.7976799,-8.924854995,-0.881935538,-881.9355381,5.6875,,0.4375,0,0.25,0.25,0.0625,0,0,0,0,0,0,0,0
B2_MULTI_166_A_Ru75_Al25_B_TiZr,./07_B2_HighOrder/B2_MULTI_166_A_Ru75_Al25_B_TiZr,16,,263.7105651,6.403346845,6.399449753,6.435604615,90,89.5833112,90,3.206361714,8,2,-136.4728729,-8.529554554,-0.808063227,-808.0632275,5.375,,0.375,0,0.25,0.25,0.125,0,0,0,0,0,0,0,0
B2_MULTI_167_A_Ru87_Al12_B_TiAl,./07_B2_HighOrder/B2_MULTI_167_A_Ru87_Al12_B_TiAl,16,,228.0475466,6.096672405,6.115994174,6.115993388,90.14677061,89.97240676,90.02759364,2.424572308,16,1,-125.8524567,-7.865778544,-5.952786629,-5952.786629,1.5,,0.0625,0,0.0625,0,0.25,0,0,0,0,0,0,0,0
B2_MULTI_167_A_Ru87_Al13_B_TiAl,./07_B2_HighOrder/B2_MULTI_167_A_Ru87_Al13_B_TiAl,16,,228.0187201,6.114031677,6.114031677,6.099793969,90.01519859,90.01519859,89.99618624,2.424470144,16,1,-125.711234,-7.856952123,-1.021190861,-1021.190861,5.4375,,0.4375,0,0.25,0,0.3125,0,0,0,0,0,0,0,0
B2_MULTI_168_A_Ru75_Al25_B_TiAl,./07_B2_HighOrder/B2_MULTI_168_A_Ru75_Al25_B_TiAl,16,,231.6796123,6.123449659,6.105113905,6.197306278,90,90,90.27672118,3.070901903,8,2,-119.2914955,-7.45571847,-0.941385339,-941.3853388,5.125,,0.375,0,0.25,0,0.375,0,0,0,0,0,0,0,0
B2_MULTI_169_A_Ru87_Al12_B_ZrAl,./07_B2_HighOrder/B2_MULTI_169_A_Ru87_Al12_B_ZrAl,16,,253.7489537,6.29218566,6.350659234,6.350658907,89.35083384,89.76884435,89.76884456,2.512434563,16,1,-127.5228183,-7.970176145,-3.978965604,-3978.965604,3.1875,,0.3125,0,0,0.125,0.0625,0,0,0,0,0,0,0,0
B2_MULTI_169_A_Ru87_Al13_B_ZrAl,./07_B2_HighOrder/B2_MULTI_169_A_Ru87_Al13_B_ZrAl,16,,253.7486812,6.350656365,6.292184284,6.350656365,90.23116989,90.64917264,89.76883011,2.512433663,16,1,-127.5228189,-7.970176179,-0.95203949,-952.03949,5.4375,,0.4375,0,0,0.25,0.3125,0,0,0,0,0,0,0,0
B2_MULTI_170_A_Ru75_Al25_B_ZrAl,./07_B2_HighOrder/B2_MULTI_170_A_Ru75_Al25_B_ZrAl,16,,257.2874679,6.35751055,6.35751055,6.368917382,90,90,88.17163325,3.180115415,8,2,-121.3141827,-7.582136421,-0.885427863,-885.4278625,5.125,,0.375,0,0,0.25,0.375,0,0,0,0,0,0,0,0
