alloy_name_alpha,run_folder,natoms,Pct_Al,Pct_Cr,Pct_Cu,Pct_Hf,Pct_Mo,Pct_Nb,Pct_Ru,Pct_Si,Pct_Ta,Pct_Ti,Pct_V,Pct_W,Pct_Zr,total_energy_eV,energy_per_atom_eV,formation_e_per_atom_eV,formation_meV_per_atom,formation_meV_per_formula_unit,formula_unit_atoms,missing_refs,volume_A3,a_A,b_A,c_A,alpha_deg,beta_deg,gamma_deg,Ru_at_frac,vec_avg,radius_avg,vol_avg,delta_r,chi_avg,delta_chi,Hmix_kJmol
Hf50Ru50,./02_Binary_B2/B2_014_RuHf,2,0,0,0,50,0,0,50,0,0,0,0,0,0,-20.84971713,-10.424858565,-1.1897538599999997,-1189.7538599999998,-2379.5077199999996,2,,33.99120273391355,3.23933236808707,3.23933236808707,3.23933236808707,90.0,90.0,90.0,0.5,6.0,1.46,18.05,0.0821917808219178,1.75,0.45000000000000007,-15.0
Ru50Ti50,./02_Binary_B2/B2_015_RuTi,2,0,0,0,0,0,0,50,0,0,50,0,0,0,-18.47136397,-9.235681985,-1.0533684799999996,-1053.3684799999996,-2106.7369599999993,2,,29.045076748429068,3.0739078413132943,3.0739078413132943,3.0739078413132943,90.0,90.0,90.0,0.5,6.0,1.405,15.75,0.0462633451957295,1.87,0.33000000000000007,-10.0
Ru50Zr50,./02_Binary_B2/B2_016_RuZr,2,0,0,0,0,0,0,50,0,0,0,0,0,50,-19.02212636,-9.51106318,-0.9645194799999999,-964.5194799999999,-1929.0389599999999,2,,34.93831983737696,3.269143657445923,3.269143657445923,3.269143657445923,90.0,90.0,90.0,0.5,6.0,1.4700000000000002,18.55,0.08843537414965985,1.7650000000000001,0.43500000000000005,-18.0
Al50Ru50,./02_Binary_B2/B2_017_RuAl,2,50,0,0,0,0,0,50,0,0,0,0,0,0,-14.2788484,-7.1394242,-1.0091544,-1009.1543999999999,-2018.3087999999998,2,,27.251679334548,3.0092926427119018,3.0092926427119018,3.0092926427119018,90.0,90.0,90.0,0.5,5.5,1.385,15.200000000000001,0.03249097472924184,1.9050000000000002,0.29500000000000004,-20.0
Mo88Nb12,./03_Matrix_Binaries/MATRIX_BIN_018_Nb12_Mo87,8,0,0,0,0,88,12,0,0,0,0,0,0,0,-87.06796885,-10.88349610625,-0.06764311905000042,-67.64311905000042,-67.64311905000042,1,,127.4841050128055,5.491520932547303,5.491520932547303,5.491520932547303,109.47122063449069,109.47122063449069,109.47122063449069,0.0,5.88,1.3983999999999999,15.888,0.01626666728617038,2.0928,0.18197846026384554,-0.8448
Mo75Nb25,./03_Matrix_Binaries/MATRIX_BIN_019_Nb25_Mo75,8,0,0,0,0,75,25,0,0,0,0,0,0,0,-86.44659853,-10.80582481625,-0.09098497375000214,-90.98497375000214,-181.96994750000428,2,,129.65997160424513,5.5188520150590525,5.518852015059052,5.5188520150590525,109.41619905969311,109.4161990596931,109.41619905969311,0.0,5.75,1.4075,16.2,0.021535267589666326,2.02,0.24248711305964285,-1.5
Mo50Nb50,./03_Matrix_Binaries/MATRIX_BIN_020_Nb50_Mo50,8,0,0,0,0,50,50,0,0,0,0,0,0,0,-84.67342037,-10.58417754625,-0.06359375125,-63.59375125,-63.59375125,1,,134.6753885660103,5.59289566908776,5.59289566908776,5.59289566908776,109.45503804563481,109.4793125348501,109.4793125348501,0.0,5.5,1.4249999999999998,16.8,0.02456140350877195,1.8800000000000001,0.28,-2.0
Mo25Nb75,./03_Matrix_Binaries/MATRIX_BIN_021_Nb75_Mo25,8,0,0,0,0,25,75,0,0,0,0,0,0,0,-82.62941992,-10.32867749,-0.002349742500001639,-2.349742500001639,-2.349742500001639,1,,140.67190553322507,5.615228380857904,5.86111502989838,5.615228380857904,110.36074158261663,108.56723886503266,110.36074158261663,0.0,5.25,1.4425,17.4,0.02101274809875594,1.7400000000000002,0.24248711305964285,-1.5
Mo12Nb88,./03_Matrix_Binaries/MATRIX_BIN_022_Nb87_Mo12,8,0,0,0,0,12,88,0,0,0,0,0,0,0,-81.62607156,-10.203258945,0.022055657799999295,22.055657799999295,22.055657799999295,1,,143.68848276075693,5.714978706354022,5.714978706354022,5.714978706354022,109.47122063449069,109.47122063449069,109.47122063449069,0.0,5.12,1.4516,17.712,0.015670506705001846,1.6672000000000002,0.18197846026384554,-0.8448
Nb12Ta88,./03_Matrix_Binaries/MATRIX_BIN_023_Nb12_Ta87,8,0,0,0,0,0,12,0,0,88,0,0,0,0,-93.14704896,-11.64338112,0.03520952319999893,35.20952319999893,35.20952319999893,1,,145.38881449146623,5.737433022045434,5.737433022045434,5.737433022045434,109.47122063449069,109.47122063449069,109.47122063449069,0.0,5.0,1.46,18.0,0.0,1.512,0.03249615361854387,-0.4224
Nb25Ta75,./03_Matrix_Binaries/MATRIX_BIN_024_Nb25_Ta75,8,0,0,0,0,0,25,0,0,75,0,0,0,0,-91.35628272,-11.41953534,0.030592277500000264,30.592277500000264,61.18455500000053,2,,145.67219046859557,5.7409614715984825,5.741748446864221,5.7409614715984825,109.47399751895396,109.46844360728541,109.47399751895396,0.0,5.0,1.46,18.0,0.0,1.525,0.043301270189221974,-0.75
Nb50Ta50,./03_Matrix_Binaries/MATRIX_BIN_025_Nb50_Ta50,8,0,0,0,0,0,50,0,0,50,0,0,0,0,-87.78908437,-10.97363554625,0.03714009874999924,37.14009874999924,37.14009874999924,1,,146.22968249284142,5.748476228810679,5.748476228810679,5.748476228810679,109.38188992029221,109.51590444878693,109.51590444878693,0.0,5.0,1.46,18.0,0.0,1.55,0.050000000000000044,-1.0
Nb75Ta25,./03_Matrix_Binaries/MATRIX_BIN_026_Nb75_Ta25,8,0,0,0,0,0,75,0,0,25,0,0,0,0,-84.21108148,-10.526385185,0.04503848749999939,45.03848749999939,45.03848749999939,1,,146.67962867630695,5.754130831743048,5.7541308317430495,5.7541308317430495,109.46795513494983,109.46795513494983,109.46795513494983,0.0,5.0,1.46,18.0,0.0,1.5750000000000002,0.043301270189221974,-0.75
Nb88Ta12,./03_Matrix_Binaries/MATRIX_BIN_027_Nb87_Ta12,8,0,0,0,0,0,88,0,0,12,0,0,0,0,-82.43061023,-10.30382627875,0.039134368050000035,39.134368050000035,39.134368050000035,1,,146.87821045105937,5.756958353726667,5.756958353726667,5.756958353726667,109.47122063449069,109.47122063449069,109.47122063449069,0.0,5.0,1.46,18.0,0.0,1.588,0.03249615361854387,-0.4224
Nb12W88,./03_Matrix_Binaries/MATRIX_BIN_028_Nb12_W87,8,0,0,0,0,0,12,0,0,0,0,0,88,0,-101.50591787,-12.68823973375,-0.05134521215000021,-51.34521215000021,-51.34521215000021,1,,129.5597479925436,5.521164180741036,5.521164180741036,5.521164180741036,109.47122063449069,109.47122063449069,109.47122063449069,0.0,5.88,1.3983999999999999,16.064,0.01626666728617038,2.2688,0.24697076750093314,-0.8448
Nb25W75,./03_Matrix_Binaries/MATRIX_BIN_029_Nb25_W75,8,0,0,0,0,0,25,0,0,0,0,0,75,0,-98.68369275,-12.33546159375,-0.06859771625000022,-68.59771625000022,-137.19543250000044,2,,131.3295227675636,5.546676711024796,5.544730830306148,5.546676711024796,109.46411420454828,109.4783261294559,109.46411420454828,0.0,5.75,1.4075,16.35,0.021535267589666326,2.17,0.3290896534380866,-1.5
Nb50W50,./03_Matrix_Binaries/MATRIX_BIN_030_Nb50_W50,8,0,0,0,0,0,50,0,0,0,0,0,50,0,-92.62998179,-11.57874772375,-0.023481238749999633,-23.481238749999633,-23.481238749999633,1,,135.5419547971531,5.604866188826646,5.604866188826646,5.604866188826646,109.43785443329266,109.48790631083345,109.48790631083345,0.0,5.5,1.4249999999999998,16.9,0.02456140350877195,1.98,0.3799999999999999,-2.0
Nb75W25,./03_Matrix_Binaries/MATRIX_BIN_031_Nb75_W25,8,0,0,0,0,0,75,0,0,0,0,0,25,0,-86.53790417,-10.81723802125,0.026431071250000215,26.431071250000215,26.431071250000215,1,,140.91128505888935,5.679559429329245,5.679559429329245,5.679559429329245,109.49458658745995,109.49458658745995,109.49458658745995,0.0,5.25,1.4425,17.45,0.02101274809875594,1.79,0.3290896534380866,-1.5
Nb88W12,./03_Matrix_Binaries/MATRIX_BIN_032_Nb87_W12,8,0,0,0,0,0,88,0,0,0,0,0,12,0,-83.56894551,-10.44611818875,0.02752025964999838,27.52025964999838,27.52025964999838,1,,143.88378261374996,5.7175667801784975,5.7175667801784975,5.7175667801784975,109.47122063449069,109.47122063449069,109.47122063449069,0.0,5.12,1.4516,17.736,0.015670506705001846,1.6912,0.2469707675009331,-0.8448
Nb12V88,./03_Matrix_Binaries/MATRIX_BIN_033_Nb12_V87,8,0,0,0,0,0,12,0,0,0,0,88,0,0,-72.31384521,-9.03923065125,0.0821666279500004,82.1666279500004,82.1666279500004,1,,111.51379244174049,5.251904562993281,5.251904562993281,5.251904562993281,109.47122063449069,109.47122063449069,109.47122063449069,0.0,5.0,1.3544,13.952,0.028791630494870445,1.6263999999999998,0.009748846085563088,-0.4224
Nb25V75,./03_Matrix_Binaries/MATRIX_BIN_034_Nb25_V75,8,0,0,0,0,0,25,0,0,0,0,75,0,0,-73.17132032,-9.14641504,0.12428641499999848,124.28641499999848,248.57282999999697,2,,116.96281927758945,5.276701333912026,5.522771090648844,5.276701333912026,110.41868874466736,108.5073599913845,110.41868874466736,0.0,5.0,1.37,14.55,0.03792811987377094,1.6225,0.012990381056766495,-0.75
Nb50V50,./03_Matrix_Binaries/MATRIX_BIN_035_Nb50_V50,8,0,0,0,0,0,50,0,0,0,0,50,0,0,-75.27841412,-9.409801765,0.14802310500000004,148.02310500000004,148.02310500000004,1,,127.7781052340139,5.495743358311697,5.495743358311697,5.495743358311697,109.5714288868191,109.42113975679742,109.42113975679742,0.0,5.0,1.4,15.7,0.042857142857142816,1.615,0.014999999999999902,-1.0
Nb75V25,./03_Matrix_Binaries/MATRIX_BIN_036_Nb75_V25,8,0,0,0,0,0,75,0,0,0,0,25,0,0,-77.82850329,-9.72856291125,0.11638537374999913,116.38537374999913,116.38537374999913,1,,137.63302392320404,5.564707235999905,5.564707235999904,5.564707235999905,108.40584281477376,108.40584281477376,108.40584281477378,0.0,5.0,1.43,16.85,0.036336730228717674,1.6075000000000002,0.012990381056766495,-0.75
Nb88V12,./03_Matrix_Binaries/MATRIX_BIN_037_Nb87_V12,8,0,0,0,0,0,88,0,0,0,0,12,0,0,-79.22024857,-9.90253107125,0.09172138954999909,91.72138954999909,91.72138954999909,1,,142.26775600329054,5.696080574835461,5.696080574835461,5.696080574835461,109.4712206344907,109.47122063449069,109.47122063449069,0.0,5.0,1.4456,17.448,0.02697522436514424,1.6036000000000001,0.009748846085563088,-0.4224
Mo12Ta88,./03_Matrix_Binaries/MATRIX_BIN_038_Mo12_Ta87,8,0,0,0,0,12,0,0,0,88,0,0,0,0,-94.24503961,-11.78062995125,-0.008796405250000916,-8.796405250000916,-8.796405250000916,1,,142.1452068065581,5.694444573707251,5.694444573707251,5.694444573707251,109.47122063449069,109.47122063449069,109.47122063449069,0.0,5.12,1.4516,17.712,0.015670506705001846,1.5792000000000002,0.21447461388238936,-0.8448
Mo25Ta75,./03_Matrix_Binaries/MATRIX_BIN_039_Mo25_Ta75,8,0,0,0,0,25,0,0,0,75,0,0,0,0,-93.47167707,-11.68395963375,-0.039575968750000357,-39.57596875000036,-39.57596875000036,1,,139.22349453973206,5.632205495090508,5.725164888451923,5.632205495090508,109.80591129800999,109.13446627185871,109.80591129800999,0.0,5.25,1.4425,17.4,0.02101274809875594,1.665,0.2857883832488648,-1.5
Mo50Ta50,./03_Matrix_Binaries/MATRIX_BIN_040_Mo50_Ta50,8,0,0,0,0,50,0,0,0,50,0,0,0,0,-92.05596452,-11.506995565,-0.10770782500000031,-107.70782500000031,-107.70782500000031,1,,133.5120039748257,5.576744509399023,5.576744509399023,5.576744509399023,109.49123844211228,109.46121265802498,109.46121265802498,0.0,5.5,1.4249999999999998,16.8,0.02456140350877195,1.83,0.33000000000000007,-2.0
Mo75Ta25,./03_Matrix_Binaries/MATRIX_BIN_041_Mo75_Ta25,8,0,0,0,0,75,0,0,0,25,0,0,0,0,-90.28404885,-11.28550610625,-0.1313142912500016,-131.3142912500016,-131.3142912500016,1,,129.07119094680405,5.50047849621491,5.50047849621491,5.50047849621491,109.26642567012621,109.26642567012621,109.26642567012621,0.0,5.75,1.4075,16.2,0.021535267589666326,1.995,0.2857883832488648,-1.5
Mo88Ta12,./03_Matrix_Binaries/MATRIX_BIN_042_Mo87_Ta12,8,0,0,0,0,88,0,0,0,12,0,0,0,0,-89.07164373,-11.13395546625,-0.1072135322500003,-107.2135322500003,-107.2135322500003,1,,127.18414731243901,5.487210545248517,5.487210545248517,5.487210545248517,109.47122063449069,109.47122063449069,109.47122063449069,0.0,5.88,1.3983999999999999,15.888,0.01626666728617038,2.0808,0.21447461388238936,-0.8448
Mo12W88,./03_Matrix_Binaries/MATRIX_BIN_043_Mo12_W87,8,0,0,0,0,12,0,0,0,0,0,0,88,0,-102.03651779,-12.75456472375,-0.024427299350000098,-24.427299350000098,-24.427299350000098,1,,127.3321396398202,5.4893380386121375,5.4893380386121375,5.4893380386121375,109.47122063449069,109.47122063449069,109.47122063449069,0.0,6.0,1.39,15.776,0.0,2.336,0.0649923072370876,-0.4224
Mo25W75,./03_Matrix_Binaries/MATRIX_BIN_044_Mo25_W75,8,0,0,0,0,25,0,0,0,0,0,0,75,0,-99.96373905,-12.49546738125,-0.03434745624999813,-34.34745624999813,-34.34745624999813,1,,127.051687749987,5.485141723011166,5.485794673946358,5.485141723011166,109.47363205841464,109.46880910292377,109.47363205841464,0.0,6.0,1.39,15.750000000000002,0.0,2.31,0.08660254037844375,-0.75
Mo50W50,./03_Matrix_Binaries/MATRIX_BIN_045_Mo50_W50,8,0,0,0,0,50,0,0,0,0,0,0,50,0,-95.82413311,-11.97801663875,-0.03423805875000063,-34.23805875000063,-34.23805875000063,1,,126.4893460571077,5.4772001671784984,5.4772001671784984,5.4772001671784984,109.47251885093695,109.47057153016755,109.47057153016755,0.0,6.0,1.39,15.7,0.0,2.26,0.09999999999999987,-1.0
Mo75W25,./03_Matrix_Binaries/MATRIX_BIN_046_Mo75_W25,8,0,0,0,0,75,0,0,0,0,0,0,25,0,-91.66950844,-11.458688555,-0.03225132000000208,-32.25132000000208,-32.25132000000208,1,,125.92729791340247,5.468927608127854,5.468927608127854,5.468927608127854,109.46902798751461,109.46902798751461,109.46902798751461,0.0,6.0,1.39,15.649999999999999,0.0,2.21,0.08660254037844375,-0.75
Mo88W12,./03_Matrix_Binaries/MATRIX_BIN_047_Mo87_W12,8,0,0,0,0,88,0,0,0,0,0,0,12,0,-89.59509397,-11.19938674625,-0.041967010649999636,-41.96701064999964,-41.96701064999964,1,,125.59968703328795,5.4643287010586485,5.4643287010586485,5.4643287010586485,109.47122063449069,109.47122063449069,109.47122063449069,0.0,6.0,1.39,15.623999999999999,0.0,2.184,0.0649923072370876,-0.4224
Mo12V88,./03_Matrix_Binaries/MATRIX_BIN_048_Mo12_V87,8,0,0,0,0,12,0,0,0,0,0,88,0,0,-73.80539473,-9.22567434125,-0.011034159250000286,-11.034159250000286,-11.034159250000286,1,,108.26242457994891,5.200357654669011,5.200357654669011,5.200357654669011,109.47122063449069,109.47122063449069,109.47122063449069,0.0,5.12,1.346,13.664,0.012071379501687863,1.6936,0.17222961417828245,-0.4224
Mo25V75,./03_Matrix_Binaries/MATRIX_BIN_049_Mo25_V75,8,0,0,0,0,25,0,0,0,0,0,75,0,0,-75.99475299,-9.49934412375,-0.03438662125000036,-34.38662125000036,-34.38662125000036,1,,110.51978647398205,5.1837352412498285,5.400539777864985,5.1837352412498285,110.32071184550277,108.60853320175477,110.32071184550277,0.0,5.25,1.3525,13.950000000000001,0.016007863286218792,1.7625,0.22949673200287635,-0.75
Mo50V50,./03_Matrix_Binaries/MATRIX_BIN_050_Mo50_V50,8,0,0,0,0,50,0,0,0,0,0,50,0,0,-80.30116851,-10.03764606375,-0.09130909874999915,-91.30909874999915,-91.30909874999915,1,,115.1629392314766,5.308591379684843,5.308591379684843,5.308591379684843,109.65248260720666,109.38066574763319,109.38066574763319,0.0,5.5,1.365,14.5,0.01831501831501825,1.895,0.2650000000000001,-1.0
Mo75V25,./03_Matrix_Binaries/MATRIX_BIN_051_Mo75_V25,8,0,0,0,0,75,0,0,0,0,0,25,0,0,-84.31510191,-10.53938773875,-0.11167131125000118,-111.67131125000118,-111.67131125000118,1,,120.03188381822244,5.371236078941447,5.371236078941448,5.371236078941448,109.30172208315093,109.30172208315095,109.30172208315095,0.0,5.75,1.3775,15.049999999999999,0.015717339451623145,2.0275,0.22949673200287632,-0.75
Mo88V12,./03_Matrix_Binaries/MATRIX_BIN_052_Mo87_V12,8,0,0,0,0,88,0,0,0,0,0,12,0,0,-86.02644272,-10.75330534,-0.075271592,-75.271592,-75.271592,1,,122.68247449270653,5.421691547575746,5.421691547575746,5.421691547575746,109.47122063449069,109.47122063449069,109.47122063449069,0.0,5.88,1.384,15.336,0.011739939891092408,2.0964,0.17222961417828245,-0.4224
Ta12W88,./03_Matrix_Binaries/MATRIX_BIN_053_Ta12_W87,8,0,0,0,0,0,0,0,0,12,0,0,88,0,-103.48003988,-12.935004985,-0.08722151659999966,-87.22151659999966,-87.22151659999966,1,,129.3015810756829,5.517494497404738,5.517494497404738,5.517494497404738,109.47122063449069,109.47122063449069,109.47122063449069,0.0,5.88,1.3983999999999999,16.064,0.01626666728617038,2.2568,0.279466921119477,-0.4224
Ta25W75,./03_Matrix_Binaries/MATRIX_BIN_054_Ta25_W75,8,0,0,0,0,0,0,0,0,25,0,0,75,0,-102.50187935,-12.81273491875,-0.10651906874999817,-106.51906874999817,-106.51906874999817,1,,130.8010010351205,5.534579691141077,5.551258965455319,5.534579691141077,109.53227996682674,109.41009234555017,109.53227996682674,0.0,5.75,1.4075,16.35,0.021535267589666326,2.145,0.3723909236273086,-0.75
Ta50W50,./03_Matrix_Binaries/MATRIX_BIN_055_Ta50_W50,8,0,0,0,0,0,0,0,0,50,0,0,50,0,-100.00211889,-12.50026486125,-0.06629443125000023,-66.29443125000023,-66.29443125000023,1,,134.67313099727502,5.592864306697421,5.592864306697421,5.592864306697421,109.47243468309992,109.47061361359675,109.47061361359675,0.0,5.5,1.4249999999999998,16.9,0.02456140350877195,1.93,0.42999999999999994,-1.0
Ta75W25,./03_Matrix_Binaries/MATRIX_BIN_056_Ta75_W25,8,0,0,0,0,0,0,0,0,75,0,0,25,0,-97.42269469,-12.17783683625,-0.01611182624999863,-16.11182624999863,-16.11182624999863,1,,139.68252183213045,5.657123458031115,5.657123458031115,5.657123458031115,109.4102199139358,109.4102199139358,109.4102199139358,0.0,5.25,1.4425,17.45,0.02101274809875594,1.7149999999999999,0.3723909236273086,-0.75
Ta88W12,./03_Matrix_Binaries/MATRIX_BIN_057_Ta87_W12,8,0,0,0,0,0,0,0,0,88,0,0,12,0,-96.1884972,-12.02356215,-0.0034047584000003184,-3.4047584000003184,-3.4047584000003184,1,,142.35865234435133,5.697293411509102,5.697293411509102,5.697293411509102,109.47122063449069,109.47122063449069,109.47122063449069,0.0,5.12,1.4516,17.736,0.015670506705001846,1.6032,0.279466921119477,-0.4224
Ta12V88,./03_Matrix_Binaries/MATRIX_BIN_058_Ta12_V87,8,0,0,0,0,0,0,0,0,12,0,88,0,0,-74.16028169,-9.27003521125,0.06225101474999839,62.25101474999839,62.25101474999839,1,,111.40907388352862,5.250260090429527,5.250260090429527,5.250260090429527,109.47122063449069,109.47122063449069,109.47122063449069,0.0,5.0,1.3544,13.952,0.028791630494870445,1.6143999999999998,0.04224499970410696,0.0
Ta25V75,./03_Matrix_Binaries/MATRIX_BIN_059_Ta25_V75,8,0,0,0,0,0,0,0,0,25,0,75,0,0,-76.79708469,-9.59963558625,0.11041784124999943,110.41784124999943,110.41784124999943,1,,116.87687490938974,5.298733634570537,5.445982710590647,5.298733634570537,110.0351457448186,108.90145615716017,110.0351457448186,0.0,5.0,1.37,14.55,0.03792811987377094,1.5975,0.056291651245988464,0.0
Ta50V50,./03_Matrix_Binaries/MATRIX_BIN_060_Ta50_V50,8,0,0,0,0,0,0,0,0,50,0,50,0,0,-82.47187872,-10.30898484,0.12754397499999826,127.54397499999826,127.54397499999826,1,,127.25044367430843,5.488198122522563,5.488198122522563,5.488198122522563,109.75767938689016,109.32818142192183,109.32818142192183,0.0,5.0,1.4,15.7,0.042857142857142816,1.565,0.06499999999999995,0.0
Ta75V25,./03_Matrix_Binaries/MATRIX_BIN_061_Ta75_V25,8,0,0,0,0,0,0,0,0,75,0,25,0,0,-88.55482196,-11.069352745,0.09365145750000003,93.65145750000003,93.65145750000003,1,,136.58439374726044,5.605077937332221,5.605077937332221,5.605077937332221,109.26462419518545,109.26462419518546,109.26462419518546,0.0,5.0,1.43,16.85,0.036336730228717674,1.5325,0.056291651245988464,0.0
Ta88V12,./03_Matrix_Binaries/MATRIX_BIN_062_Ta87_V12,8,0,0,0,0,0,0,0,0,88,0,12,0,0,-91.73654839,-11.46706854875,0.07370285525000142,73.70285525000142,73.70285525000142,1,,140.86207775996894,5.67725838328911,5.67725838328911,5.67725838328911,109.47122063449069,109.47122063449069,109.47122063449069,0.0,5.0,1.4456,17.448,0.02697522436514424,1.5156,0.04224499970410696,0.0
V88W12,./03_Matrix_Binaries/MATRIX_BIN_063_W12_V87,8,0,0,0,0,0,0,0,0,0,0,88,12,0,-75.75726321,-9.46965790125,-0.006693873650000626,-6.693873650000626,-6.693873650000626,1,,108.74826160004724,5.2081250659233636,5.2081250659233636,5.2081250659233636,109.47122063449069,109.47122063449069,109.47122063449069,0.0,5.12,1.346,13.687999999999999,0.012071379501687863,1.7175999999999998,0.23722192141537005,0.0
V75W25,./03_Matrix_Binaries/MATRIX_BIN_064_W25_V75,8,0,0,0,0,0,0,0,0,0,0,75,25,0,-79.920458,-9.99005725,-0.007758402499998596,-7.758402499998596,-7.758402499998596,1,,111.5466046519393,5.225153539285139,5.225153539285139,5.225153539285139,109.03761672405194,109.03761672405194,109.03761672405194,0.0,5.25,1.3525,14.0,0.016007863286218792,1.8125,0.31609927238132013,0.0
V50W50,./03_Matrix_Binaries/MATRIX_BIN_065_W50_V50,8,0,0,0,0,0,0,0,0,0,0,50,50,0,-88.26498794,-11.0331234925,-0.05210383749999892,-52.10383749999892,-52.10383749999892,1,,116.9809303940176,5.336369863274219,5.336369863274219,5.336369863274219,109.56137968228735,109.42615992903204,109.42615992903204,0.0,5.5,1.365,14.600000000000001,0.01831501831501825,1.9949999999999999,0.365,0.0
V25W75,./03_Matrix_Binaries/MATRIX_BIN_066_W75_V25,8,0,0,0,0,0,0,0,0,0,0,25,75,0,-96.57323301,-12.07165412625,-0.09191366374999888,-91.91366374999888,-91.91366374999888,1,,122.316977662678,5.405773256540701,5.448137034771852,5.405773256540701,109.63004894966402,109.31192639437964,109.63004894966402,0.0,5.75,1.3775,15.200000000000001,0.015717339451623145,2.1775,0.31609927238132013,0.0
V12W88,./03_Matrix_Binaries/MATRIX_BIN_067_W87_V12,8,0,0,0,0,0,0,0,0,0,0,12,88,0,-100.5111745,-12.5638968125,-0.06482153009999969,-64.82153009999969,-64.82153009999969,1,,125.02853064026053,5.456033221029005,5.456033221029005,5.456033221029005,109.47122063449069,109.47122063449069,109.47122063449069,0.0,5.88,1.384,15.512,0.011739939891092408,2.2723999999999998,0.23722192141537005,0.0
Mo33Nb33Ta33,./04_Matrix_Ternaries/MATRIX_TERN_068_Nb33_Mo33_Ta33,9,0,0,0,0,33,33,0,0,33,0,0,0,0,-99.34756997,-11.038618885555556,-0.17150531615555487,-171.50531615555485,-171.50531615555485,1,,155.1331094859805,8.406043464437415,8.49371668462623,2.855492663046287,110.23569806569483,109.77176711990434,109.32489953697947,0.0,5.333333333333334,1.4366666666666668,17.200000000000003,0.022968665746198765,1.7533333333333334,0.2904402788105596,-2.2222222222222228
Mo33Nb33W33,./04_Matrix_Ternaries/MATRIX_TERN_069_Nb33_Mo33_W33,9,0,0,0,0,33,33,0,0,0,0,0,33,0,-102.51414307,-11.390460341111112,-0.1639828173111102,-163.98281731111018,-163.98281731111018,1,,148.87927115322262,8.356125813721127,8.33409389597324,2.782712083127948,109.56610218814654,109.50253390608383,109.50777679994117,0.0,5.666666666666667,1.4133333333333336,16.46666666666667,0.0233478654165369,2.0400000000000005,0.3216623488483951,-2.2222222222222223
Mo33Nb33V33,./04_Matrix_Ternaries/MATRIX_TERN_070_Nb33_Mo33_V33,9,0,0,0,0,33,33,0,0,0,0,33,0,0,-90.16313636,-10.018126262222221,-0.10996020432222053,-109.96020432222053,-109.96020432222053,1,,141.5807399370107,8.162417294918646,8.120368217415614,2.7872099371744707,110.07168994954507,109.78199973828306,108.91216319832975,0.0,5.333333333333334,1.396666666666667,15.666666666666668,0.03523824119387443,1.7966666666666669,0.2572072229848058,-1.7777777777777781
Nb33Ta33W33,./04_Matrix_Ternaries/MATRIX_TERN_071_Nb33_Ta33_W33,9,0,0,0,0,0,33,0,0,33,0,0,33,0,-105.2525485,-11.694727611111112,-0.14472346631111144,-144.72346631111145,-144.72346631111145,1,,155.7242160409529,8.456491978382498,8.510867308164515,2.8189586115120875,109.6845225437599,109.26199247698347,109.70262540383195,0.0,5.333333333333334,1.4366666666666668,17.26666666666667,0.022968665746198765,1.82,0.38401388863772445,-1.7777777777777781
Nb33Ta33V33,./04_Matrix_Ternaries/MATRIX_TERN_072_Nb33_Ta33_V33,9,0,0,0,0,0,33,0,0,33,0,33,0,0,-92.18092658,-10.242325175555557,-0.010632496655556878,-10.632496655556878,-10.632496655556878,1,,150.1299148718438,8.381322052043007,8.347694027521365,2.829014759000436,109.88720817106716,110.08663306353309,109.60738133452436,0.0,5.000000000000001,1.4200000000000002,16.46666666666667,0.039837001756988594,1.5766666666666667,0.0555777733351102,-0.8888888888888891
Nb33V33W33,./04_Matrix_Ternaries/MATRIX_TERN_073_Nb33_W33_V33,9,0,0,0,0,0,33,0,0,0,0,33,33,0,-96.09238304,-10.676931448888888,-0.08587481558888754,-85.87481558888754,-85.87481558888754,1,,142.59059745845937,8.25980160107872,8.127695424080407,2.7584096735624337,109.55669585686888,109.61648567627965,109.2177893431742,0.0,5.333333333333334,1.396666666666667,15.733333333333336,0.03523824119387443,1.8633333333333333,0.351409858838492,-1.3333333333333335
Mo33Ta33W33,./04_Matrix_Ternaries/MATRIX_TERN_074_Mo33_Ta33_W33,9,0,0,0,0,33,0,0,0,33,0,0,33,0,-108.14781628,-12.01642403111111,-0.2100019036111096,-210.00190361110958,-210.00190361110958,1,,148.0814382487659,8.333191132977515,8.298838815844825,2.7924342540330223,109.58424945827898,109.71861185950408,109.42341940870787,0.0,5.666666666666667,1.4133333333333336,16.46666666666667,0.0233478654165369,2.006666666666667,0.36745370078721784,-1.7777777777777781
Mo33Ta33V33,./04_Matrix_Ternaries/MATRIX_TERN_075_Mo33_Ta33_V33,9,0,0,0,0,33,0,0,0,33,0,33,0,0,-95.69174474,-10.632416082222223,-0.1443054206222225,-144.30542062222253,-144.30542062222253,1,,140.8568479693105,8.139573226054857,8.128033087956952,2.792995882003783,110.03219487936143,110.11683309658082,109.03921531783601,0.0,5.333333333333334,1.396666666666667,15.666666666666668,0.03523824119387443,1.7633333333333336,0.2854625875467553,-1.3333333333333335
Mo33V33W33,./04_Matrix_Ternaries/MATRIX_TERN_076_Mo33_W33_V33,9,0,0,0,0,33,0,0,0,0,0,33,33,0,-99.27829189,-11.030921321111112,-0.18344670511111083,-183.44670511111082,-183.44670511111082,1,,134.65272254288124,8.048168361174934,8.00481363860073,2.7200470708399216,109.68418837787108,109.81736596531478,109.05556347071452,0.0,5.666666666666667,1.3733333333333335,14.933333333333335,0.017162785951129786,2.0500000000000003,0.30800432897390695,-0.8888888888888891
Ta33V33W33,./04_Matrix_Ternaries/MATRIX_TERN_077_Ta33_W33_V33,9,0,0,0,0,0,0,0,0,33,0,33,33,0,-101.57096118,-11.285662353333333,-0.1146611163333322,-114.6611163333322,-114.6611163333322,1,,141.8993828744642,8.226514740505053,8.136422484196004,2.759846953752811,109.6668006021603,109.68817955523957,109.23069179033831,0.0,5.333333333333334,1.396666666666667,15.733333333333336,0.03523824119387443,1.83,0.3785058343892028,-0.44444444444444453
Hf44Nb6Ru50,./05_B2_Ternaries_Solubility/B2_TERN_SOL_078_Ru_Hf87_Nb12,16,0,0,0,44,0,6,50,0,0,0,0,0,0,-165.54874341,-10.346796463125,-1.0901430659249982,-1090.1430659249982,-2180.2861318499963,2,,269.06782035053084,6.455857270573984,6.455857270573984,6.455857270573984,90.0,90.0,90.0,0.5,6.06,1.4528,17.792,0.079929319846275,1.7680000000000002,0.4374654272053965,-14.1168
Hf38Nb12Ru50,./05_B2_Ternaries_Solubility/B2_TERN_SOL_079_Ru_Hf75_Nb25,16,0,0,0,38,0,12,50,0,0,0,0,0,0,-164.29101665,-10.268188540625,-0.9899864512250005,-989.9864512250006,-1979.9729024500011,2,,267.37914357840833,6.430583423970994,6.448201133402887,6.448201133402887,90.0,90.0,90.0,0.5,6.119999999999999,1.4456,17.534,0.07723101283638965,1.786,0.42379712127384733,-13.1472
Hf44Mo6Ru50,./05_B2_Ternaries_Solubility/B2_TERN_SOL_080_Ru_Hf87_Mo12,16,0,0,0,44,6,0,50,0,0,0,0,0,0,-165.03551838,-10.31471989875,-1.0114450501499999,-1011.4450501499998,-2022.8901002999996,2,,266.67686162623045,6.436677922369198,6.436677922369198,6.436677922369198,90.0,90.0,90.0,0.5,6.12,1.4486,17.648000000000003,0.08080020017851934,1.8016,0.44471725849128013,-14.16
Hf38Mo12Ru50,./05_B2_Ternaries_Solubility/B2_TERN_SOL_081_Ru_Hf75_Mo25,16,0,0,0,38,12,0,50,0,0,0,0,0,0,-163.34722929,-10.209201830625,-0.8377568384250011,-837.7568384250012,-1675.5136768500024,2,,262.17539882738055,6.390188222180971,6.390188222180971,6.420437703885349,90.0,90.0,90.0,0.5,6.239999999999999,1.4372,17.246000000000002,0.0785362630419332,1.8532000000000002,0.4332686926146408,-13.32
Hf44Ru50Ta6,./05_B2_Ternaries_Solubility/B2_TERN_SOL_082_Ru_Hf87_Ta12,16,0,0,0,44,0,0,50,0,6,0,0,0,0,-167.66584074,-10.47911504625,-1.11701717565,-1117.0171756500001,-2234.0343513000003,2,,268.5285939625953,6.451541758016437,6.451541758016437,6.451541758016437,90.0,90.0,90.0,0.5,6.06,1.4528,17.792,0.079929319846275,1.7620000000000002,0.44040435965144586,-13.68
Hf38Ru50Ta12,./05_B2_Ternaries_Solubility/B2_TERN_SOL_083_Ru_Hf75_Ta25,16,0,0,0,38,0,0,50,0,12,0,0,0,0,-168.4619079,-10.52886924375,-1.0397782075500004,-1039.7782075500004,-2079.556415100001,2,,266.2356641110476,6.43312629083577,6.43312629083577,6.43312629083577,90.0,90.0,90.0,0.5,6.119999999999999,1.4456,17.534,0.07723101283638965,1.774,0.43026038627789115,-12.36
Hf44Ru50W6,./05_B2_Ternaries_Solubility/B2_TERN_SOL_084_Ru_Hf87_W12,16,0,0,0,44,0,0,50,0,0,0,0,6,0,-167.19200282,-10.44950017625,-1.02206340485,-1022.0634048499999,-2044.1268096999997,2,,266.66144688190695,6.436553900040381,6.436553900040381,6.436553900040381,90.0,90.0,90.0,0.5,6.12,1.4486,17.660000000000004,0.08080020017851934,1.8136,0.45676146947832635,-13.92
Hf38Ru50W12,./05_B2_Ternaries_Solubility/B2_TERN_SOL_085_Ru_Hf75_W25,16,0,0,0,38,0,0,50,0,0,0,0,12,0,-167.54939295,-10.471837059375,-0.8520682215750011,-852.0682215750011,-1704.1364431500022,2,,262.3636752408395,6.412879317768683,6.396248371597713,6.396248371597713,90.0,90.0,90.0,0.5,6.239999999999999,1.4372,17.27,0.0785362630419332,1.8772,0.4546120983871855,-12.84
Hf44Ru50V6,./05_B2_Ternaries_Solubility/B2_TERN_SOL_086_Ru_Hf87_V12,16,0,0,0,44,0,0,50,0,0,0,6,0,0,-163.93381927,-10.245863704375,-1.0581199267749994,-1058.1199267749994,-2116.2398535499988,2,,264.0462109970858,6.4154429395674,6.4154429395674,6.4154429395674,90.0,90.0,90.0,0.5,6.06,1.4456000000000002,17.516000000000002,0.0824106716944606,1.7698,0.4368317296167943,-13.44
Hf38Ru50V12,./05_B2_Ternaries_Solubility/B2_TERN_SOL_087_Ru_Hf75_V25,16,0,0,0,38,0,0,50,0,0,0,12,0,0,-161.28387785,-10.080242365625,-0.9398595154250025,-939.8595154250024,-1879.7190308500049,2,,257.4568615489416,6.36308209121244,6.358715853215209,6.36308209121244,90.0,90.0,90.0,0.5,6.119999999999999,1.4312,16.982,0.08139515550259319,1.7896,0.4223266981851847,-11.88
Nb6Ru50Ti44,./05_B2_Ternaries_Solubility/B2_TERN_SOL_088_Ru_Ti87_Nb12,16,0,0,0,0,0,6,50,0,0,44,0,0,0,-149.10212308,-9.3188826925,-0.9886855512999997,-988.6855512999997,-1977.3711025999994,2,,235.91065429111603,6.1789666573739215,6.1789666573739215,6.1789666573739215,90.0,90.0,90.0,0.5,6.06,1.4044,15.767999999999999,0.04588506177003003,1.8736000000000002,0.32669104670927246,-9.6112
Nb12Ru50Ti38,./05_B2_Ternaries_Solubility/B2_TERN_SOL_089_Ru_Ti75_Nb25,16,0,0,0,0,0,12,50,0,0,38,0,0,0,-150.26861583,-9.391788489375,-0.9137077119750003,-913.7077119750004,-1827.4154239500008,2,,238.99850535564508,6.209437100702587,6.198558732419311,6.209437100702587,90.0,90.0,90.0,0.5,6.119999999999999,1.4038000000000002,15.786000000000001,0.045498955238794644,1.8772,0.3233081502220444,-9.1648
Mo6Ru50Ti44,./05_B2_Ternaries_Solubility/B2_TERN_SOL_090_Ru_Ti87_Mo12,16,0,0,0,0,6,0,50,0,0,44,0,0,0,-148.87274666,-9.30454666625,-0.9277280736499982,-927.7280736499982,-1855.4561472999965,2,,233.29253043516724,6.156023625932761,6.156023625932761,6.156023625932761,90.0,90.0,90.0,0.5,6.12,1.4002000000000001,15.623999999999999,0.044953651039842356,1.9072,0.3256196554263886,-9.760000000000002
Mo12Ru50Ti38,./05_B2_Ternaries_Solubility/B2_TERN_SOL_091_Ru_Ti75_Mo25,16,0,0,0,0,12,0,50,0,0,38,0,0,0,-149.60970491,-9.350606556875,-0.7792828766750013,-779.2828766750013,-1558.5657533500025,2,,234.6307528775389,6.167772004669078,6.167772004669078,6.167772004669078,90.0,90.0,90.0,0.5,6.239999999999999,1.3954000000000002,15.498000000000001,0.04331283453129894,1.9444,0.31684166392695273,-9.52
Ru50Ta6Ti44,./05_B2_Ternaries_Solubility/B2_TERN_SOL_092_Ru_Ti87_Ta12,16,0,0,0,0,0,0,50,0,6,44,0,0,0,-151.32200459,-9.457625286875,-1.0219836722750006,-1021.9836722750007,-2043.9673445500014,2,,235.44791173649728,6.174923965355054,6.174923965355054,6.174923965355054,90.0,90.0,90.0,0.5,6.06,1.4044,15.767999999999999,0.04588506177003003,1.8676000000000001,0.3325270515311499,-9.280000000000001
Ru50Ta12Ti38,./05_B2_Ternaries_Solubility/B2_TERN_SOL_093_Ru_Ti75_Ta25,16,0,0,0,0,0,0,50,0,12,38,0,0,0,-154.64841419,-9.665525886875,-0.976556162675001,-976.556162675001,-1953.112325350002,2,,238.0509604795136,6.1982085660717345,6.1982085660717345,6.196373191185274,90.0,90.0,90.0,0.5,6.119999999999999,1.4038000000000002,15.786000000000001,0.045498955238794644,1.8652,0.33501785027069836,-8.559999999999999
Ru50Ti44W6,./05_B2_Ternaries_Solubility/B2_TERN_SOL_094_Ru_Ti87_W12,16,0,0,0,0,0,0,50,0,0,44,0,6,0,-151.12605821,-9.445378638125,-0.9443981227249996,-944.3981227249996,-1888.796245449999,2,,233.5068118602093,6.157907838061071,6.157907838061071,6.157907838061071,90.0,90.0,90.0,0.5,6.12,1.4002000000000001,15.636,0.044953651039842356,1.9192,0.338158779273879,-9.520000000000001
Ru50Ti38W12,./05_B2_Ternaries_Solubility/B2_TERN_SOL_095_Ru_Ti75_W25,16,0,0,0,0,0,0,50,0,0,38,0,12,0,-154.15129644,-9.6344560275,-0.8148085017000017,-814.8085017000018,-1629.6170034000036,2,,234.24294535219605,6.190580444123186,6.11228755057246,6.190580444123186,90.0,90.0,90.0,0.5,6.239999999999999,1.3954000000000002,15.522000000000002,0.04331283453129894,1.9684,0.3390596407713546,-9.04
Ru50Ti44V6,./05_B2_Ternaries_Solubility/B2_TERN_SOL_096_Ru_Ti87_V12,16,0,0,0,0,0,0,50,0,0,44,6,0,0,-147.94164057,-9.246352535625,-0.9850650140250004,-985.0650140250003,-1970.1300280500006,2,,230.32089851186214,6.129773802264527,6.129773802264527,6.129773802264527,90.0,90.0,90.0,0.5,6.06,1.3972000000000002,15.491999999999999,0.046185444431113956,1.8754,0.32525811288882567,-9.040000000000001
Ru50Ti38V12,./05_B2_Ternaries_Solubility/B2_TERN_SOL_097_Ru_Ti75_V25,16,0,0,0,0,0,0,50,0,0,38,12,0,0,-147.99064745,-9.249415465625,-0.9091539274250007,-909.1539274250007,-1818.3078548500014,2,,228.09832909087635,6.113361542597042,6.108309184651599,6.108309184651599,90.0,90.0,90.0,0.5,6.119999999999999,1.3894000000000002,15.234000000000002,0.045415458267928754,1.8808,0.32035505302710626,-8.08
Nb6Ru50Zr44,./05_B2_Ternaries_Solubility/B2_TERN_SOL_098_Ru_Zr87_Nb12,16,0,0,0,0,0,6,50,0,0,0,0,0,44,-152.7210824,-9.54506765,-0.8943479371999992,-894.3479371999991,-1788.6958743999983,2,,277.12364817910174,6.519653714805761,6.519653714805761,6.519653714805761,90.0,90.0,90.0,0.5,6.06,1.4616,18.232,0.08605863829265363,1.7812000000000001,0.423370476060861,-16.756800000000002
Nb12Ru50Zr38,./05_B2_Ternaries_Solubility/B2_TERN_SOL_099_Ru_Zr75_Nb25,16,0,0,0,0,0,12,50,0,0,0,0,0,38,-153.29121489,-9.580700930625,-0.8258052050250004,-825.8052050250004,-1651.6104100500008,2,,274.290272634458,6.486436075974427,6.502825975504015,6.502825975504015,90.0,90.0,90.0,0.5,6.119999999999999,1.4532000000000003,17.914,0.08315286433270927,1.7974,0.4107739524361301,-15.4272
Mo6Ru50Zr44,./05_B2_Ternaries_Solubility/B2_TERN_SOL_100_Ru_Zr87_Mo12,16,0,0,0,0,6,0,50,0,0,0,0,0,44,-152.16400126,-9.51025007875,-0.8129089145499986,-812.9089145499986,-1625.8178290999972,2,,274.4976952378742,6.498995467942699,6.498995467942699,6.498995467942699,90.0,90.0,90.0,0.5,6.12,1.4574,18.088,0.08709349490983262,1.8148,0.4298289892503762,-16.8
Mo12Ru50Zr38,./05_B2_Ternaries_Solubility/B2_TERN_SOL_101_Ru_Zr75_Mo25,16,0,0,0,0,12,0,50,0,0,0,0,0,38,-152.26862417,-9.516789010625,-0.6686503822250014,-668.6503822250014,-1337.3007644500028,2,,269.02449180441846,6.449734344425084,6.449734344425084,6.467078991625439,90.0,90.0,90.0,0.5,6.239999999999999,1.4448,17.626,0.08478317731223409,1.8646000000000003,0.4187133148109814,-15.6
Ru50Ta6Zr44,./05_B2_Ternaries_Solubility/B2_TERN_SOL_102_Ru_Zr87_Ta12,16,0,0,0,0,0,0,50,0,6,0,0,0,44,-154.82750485,-9.676719053125,-0.9205548669250003,-920.5548669250003,-1841.1097338500006,2,,276.56964373241726,6.515306285130703,6.515306285130703,6.515306285130703,90.0,90.0,90.0,0.5,6.06,1.4616,18.232,0.08605863829265363,1.7752000000000001,0.42659226434617875,-16.32
Ru50Ta12Zr38,./05_B2_Ternaries_Solubility/B2_TERN_SOL_103_Ru_Zr75_Ta25,16,0,0,0,0,0,0,50,0,12,0,0,0,38,-157.51326915,-9.844579321875,-0.878794649475001,-878.7946494750009,-1757.5892989500019,2,,273.2323310623436,6.497679411923101,6.47165753559115,6.497679411923101,90.0,90.0,90.0,0.5,6.119999999999999,1.4532,17.914,0.08315286433270916,1.7854,0.4177664898002233,-14.64
Ru50W6Zr44,./05_B2_Ternaries_Solubility/B2_TERN_SOL_104_Ru_Zr87_W12,16,0,0,0,0,0,0,50,0,0,0,0,6,44,-154.34581046,-9.64661315375,-0.8251100667499998,-825.1100667499998,-1650.2201334999995,2,,274.6148917801723,6.49992024975267,6.49992024975267,6.49992024975267,90.0,90.0,90.0,0.5,6.12,1.4574,18.1,0.08709349490983262,1.8268,0.44192053584326674,-16.56
Ru50W12Zr38,./05_B2_Ternaries_Solubility/B2_TERN_SOL_105_Ru_Zr75_W25,16,0,0,0,0,0,0,50,0,0,0,0,12,38,-156.52356109,-9.782722568125,-0.6862600941250001,-686.2600941250001,-1372.5201882500003,2,,269.44267371047266,6.498190420886935,6.498190420886935,6.380893735670893,90.0,90.0,90.0,0.5,6.239999999999999,1.4448,17.650000000000002,0.08478317731223409,1.8886,0.4401409319752027,-15.12
Ru50V6Zr44,./05_B2_Ternaries_Solubility/B2_TERN_SOL_106_Ru_Zr87_V12,16,0,0,0,0,0,0,50,0,0,0,6,0,44,-150.99977316,-9.4374858225,-0.8556757292999997,-855.6757292999997,-1711.3514585999994,2,,272.26455782173497,6.481323570496025,6.481323570496025,6.481323570496025,90.0,90.0,90.0,0.5,6.06,1.4544000000000001,17.956,0.08873804037287199,1.783,0.4226594373724548,-16.08
Ru50V12Zr38,./05_B2_Ternaries_Solubility/B2_TERN_SOL_107_Ru_Zr75_V25,16,0,0,0,0,0,0,50,0,0,0,12,0,38,-150.04025465,-9.377515915625,-0.7604394292250003,-760.4394292250003,-1520.8788584500005,2,,264.20860085935254,6.412156762536984,6.425969924503872,6.412156762536984,90.0,90.0,90.0,0.5,6.119999999999999,1.4388,17.362000000000002,0.08771231264589978,1.8010000000000002,0.4091564492953766,-14.16
Hf50Ru50,./06_B2_Penalty_RuSubstitution/B2_PENALTY_108_Ru100Al0_Hf,16,0,0,0,50,0,0,50,0,0,0,0,0,0,-166.7339695,-10.42087309375,-1.1857683887500006,-1185.7683887500007,-2371.5367775000013,2,,270.8149591626511,6.469800413508121,6.469800413508121,6.469800413508121,90.0,90.0,90.0,0.5,6.0,1.46,18.05,0.0821917808219178,1.75,0.45000000000000007,-15.0
Al6Hf50Ru44,./06_B2_Penalty_RuSubstitution/B2_PENALTY_109_Ru87Al12_Hf,16,6,0,0,50,0,0,44,0,0,0,0,0,0,-159.59975252,-9.9749845325,-1.0479213611000002,-1047.9213611000002,-2095.8427222000005,2,,274.45530618528306,6.498660916934018,6.498660916934018,6.498660916934018,90.0,90.0,90.0,0.44,5.699999999999999,1.4653999999999998,18.218,0.07946705319127967,1.7146000000000001,0.43620275102296185,-15.312
Al12Hf50Ru38,./06_B2_Penalty_RuSubstitution/B2_PENALTY_110_Ru75Al25_Hf,16,12,0,0,50,0,0,38,0,0,0,0,0,0,-152.72811867,-9.545507416875,-0.9264857790749996,-926.4857790749996,-1852.9715581499993,2,,278.38647539057524,6.526048892915923,6.536533422263063,6.526048892915923,90.0,90.0,90.0,0.38,5.4,1.4707999999999999,18.386000000000003,0.07651046747566066,1.6792000000000002,0.4189741758151689,-15.048
Al19Hf50Ru31,./06_B2_Penalty_RuSubstitution/B2_PENALTY_111_Ru62Al37_Hf,16,19,0,0,50,0,0,31,0,0,0,0,0,0,-145.80617988,-9.1128862425,-0.853246393900001,-853.2463939000011,-1706.4927878000021,2,,282.52803565509623,6.552086243170906,6.581158332623166,6.552086243170906,90.0,90.0,90.0,0.31,5.050000000000001,1.4771,18.582,0.07273471418990705,1.6379000000000001,0.3939322149812072,-14.012
Al25Hf50Ru25,./06_B2_Penalty_RuSubstitution/B2_PENALTY_112_Ru50Al50_Hf,16,25,0,0,50,0,0,25,0,0,0,0,0,0,-138.85274389,-8.678296493125,-0.7266981781249999,-726.6981781249999,-1453.3963562499998,2,,286.4522304334456,6.688073016567365,6.688073016567365,6.403983385568525,90.0,90.0,90.0,0.25,4.75,1.4825,18.75,0.06918108430612488,1.6025,0.3674489760497368,-12.5
Cr6Hf50Ru44,./06_B2_Penalty_RuSubstitution/B2_PENALTY_113_Ru87Cr12_Hf,16,0,6,0,50,0,0,44,0,0,0,0,0,0,-165.08298829,-10.317686768125,-1.0350358833249995,-1035.0358833249995,-2070.071766649999,2,,269.2234717972459,6.457101900792793,6.457101900792793,6.457101900792793,90.0,90.0,90.0,0.44,5.88,1.4564,17.96,0.08539313031425136,1.7176,0.4356446258132884,-12.671999999999999
Cr12Hf50Ru38,./06_B2_Penalty_RuSubstitution/B2_PENALTY_114_Ru75Cr25_Hf,16,0,12,0,50,0,0,38,0,0,0,0,0,0,-163.35749127,-10.209843204375,-0.8796461397750015,-879.6461397750015,-1759.292279550003,2,,268.4421423946411,6.473490083773077,6.405805116969271,6.473490083773077,90.0,90.0,90.0,0.38,5.76,1.4527999999999999,17.87,0.08843893489641523,1.6852000000000003,0.4182976930369089,-10.488
Cr19Hf50Ru31,./06_B2_Penalty_RuSubstitution/B2_PENALTY_115_Ru62Cr37_Hf,16,0,19,0,50,0,0,31,0,0,0,0,0,0,-161.54166716,-10.0963541975,-0.7106865898000017,-710.6865898000017,-1421.3731796000034,2,,267.4060553462394,6.428291744005072,6.471129337488318,6.428291744005072,90.0,90.0,90.0,0.31,5.620000000000001,1.4486,17.765,0.09181548372012314,1.6474000000000002,0.3937476857074846,-8.122
Cr25Hf50Ru25,./06_B2_Penalty_RuSubstitution/B2_PENALTY_116_Ru50Cr50_Hf,16,0,25,0,50,0,0,25,0,0,0,0,0,0,-159.73069799,-9.983168624375,-0.5499548368750009,-549.9548368750009,-1099.9096737500017,2,,266.4232732414473,6.435853303133324,6.435853303133324,6.432205142894134,90.0,90.0,90.0,0.25,5.5,1.445,17.675,0.09457197487001007,1.615,0.3683408747342603,-6.25
Cu6Hf50Ru44,./06_B2_Penalty_RuSubstitution/B2_PENALTY_117_Ru87Cu12_Hf,16,0,0,6,50,0,0,44,0,0,0,0,0,0,-159.48058772,-9.9675367325,-1.0314490102999994,-1031.4490102999994,-2062.8980205999987,2,,271.4153846062299,6.474578295110765,6.474578295110765,6.474578295110765,90.0,90.0,90.0,0.44,6.18,1.4564,17.93,0.08539313031425136,1.7320000000000002,0.4374654272053965,-14.4672
Cu12Hf50Ru38,./06_B2_Penalty_RuSubstitution/B2_PENALTY_118_Ru75Cu25_Hf,16,0,0,12,50,0,0,38,0,0,0,0,0,0,-152.51735348,-9.5323345925,-0.8952638531000012,-895.2638531000013,-1790.5277062000025,2,,271.15707278699097,6.468536772060303,6.480504764300502,6.468536772060303,90.0,90.0,90.0,0.38,6.359999999999999,1.4527999999999999,17.810000000000002,0.08843893489641523,1.7140000000000002,0.42379712127384733,-13.5888
Cu19Hf50Ru31,./06_B2_Penalty_RuSubstitution/B2_PENALTY_119_Ru62Cu37_Hf,16,0,0,19,50,0,0,31,0,0,0,0,0,0,-145.52198746,-9.09512421625,-0.8069066234500006,-806.9066234500007,-1613.8132469000013,2,,271.0469486047784,6.466265339444916,6.482424676373644,6.466265339444916,90.0,90.0,90.0,0.31,6.57,1.4486,17.67,0.09181548372012314,1.693,0.4062646920420233,-12.1272
Cu25Hf50Ru25,./06_B2_Penalty_RuSubstitution/B2_PENALTY_120_Ru50Cu50_Hf,16,0,0,25,50,0,0,25,0,0,0,0,0,0,-138.58084378,-8.66130273625,-0.6721021262500013,-672.1021262500013,-1344.2042525000027,2,,271.0066740233208,6.4634802204785915,6.4634802204785915,6.487048397341453,90.0,90.0,90.0,0.25,6.75,1.445,17.55,0.09457197487001007,1.675,0.3897114317029974,-10.5
Hf50Ru44Si6,./06_B2_Penalty_RuSubstitution/B2_PENALTY_121_Ru87Si12_Hf,16,0,0,0,50,0,0,44,6,0,0,0,0,0,-161.33479224,-10.083424515,-1.0769245752000014,-1076.9245752000013,-2153.8491504000026,2,,272.91389827967413,6.486472048510208,6.486472048510208,6.486472048510208,90.0,90.0,90.0,0.44,5.76,1.4498,18.422,0.09376028437756873,1.7320000000000002,0.4374654272053965,-12.3552
Hf50Ru38Si12,./06_B2_Penalty_RuSubstitution/B2_PENALTY_122_Ru75Si25_Hf,16,0,0,0,50,0,0,38,12,0,0,0,0,0,-156.23076449,-9.764422780625,-0.9865276060250014,-986.5276060250014,-1973.0552120500029,2,,274.22274737549657,6.614037811755892,6.438999659278328,6.438999659278328,90.0,90.0,90.0,0.38,5.52,1.4396,18.794,0.1038426921242283,1.7140000000000002,0.42379712127384733,-9.9408
Hf50Ru31Si19,./06_B2_Penalty_RuSubstitution/B2_PENALTY_123_Ru62Si37_Hf,16,0,0,0,50,0,0,31,19,0,0,0,0,0,-151.00625694,-9.43789105875,-0.9267014435499998,-926.7014435499998,-1853.4028870999996,2,,275.77654214099357,6.608692084678828,6.314315629170823,6.608692084678828,90.0,90.0,90.0,0.31,5.24,1.4277,19.228,0.11423560639387513,1.693,0.4062646920420233,-7.4152000000000005
Hf50Ru25Si25,./06_B2_Penalty_RuSubstitution/B2_PENALTY_124_Ru50Si50_Hf,16,0,0,0,50,0,0,25,25,0,0,0,0,0,-145.85277851,-9.115798656875,-0.8332138068750012,-833.2138068750012,-1666.4276137500024,2,,277.28200773548036,6.68234489057754,6.68234489057754,6.209604161562835,90.0,90.0,90.0,0.25,5.0,1.4175,19.6,0.12222871173896784,1.6750000000000003,0.3897114317029974,-5.5
Ru50Ti50,./06_B2_Penalty_RuSubstitution/B2_PENALTY_125_Ru100Al0_Ti,16,0,0,0,0,0,0,50,0,0,50,0,0,0,-147.83710377,-9.239818985625,-1.0575054806250002,-1057.5054806250002,-2115.0109612500005,2,,232.67236419503595,6.150563891230959,6.150563891230959,6.150563891230959,90.0,90.0,90.0,0.5,6.0,1.405,15.75,0.0462633451957295,1.87,0.33000000000000007,-10.0
Al6Ru44Ti50,./06_B2_Penalty_RuSubstitution/B2_PENALTY_126_Ru87Al12_Ti,16,6,0,0,0,0,0,44,0,0,50,0,0,0,-141.28959372,-8.8305996075,-0.9563276360999993,-956.3276360999993,-1912.6552721999985,2,,235.4145460331038,6.174632265430055,6.174632265430055,6.174632265430055,90.0,90.0,90.0,0.44,5.699999999999999,1.4104,15.918000000000001,0.044729135765992106,1.8346,0.3242974560492266,-10.912
Al12Ru38Ti50,./06_B2_Penalty_RuSubstitution/B2_PENALTY_127_Ru75Al25_Ti,16,12,0,0,0,0,0,38,0,0,50,0,0,0,-134.81888615,-8.426180384375,-0.859949946575,-859.949946575,-1719.89989315,2,,238.2577331665196,6.20000577052204,6.1981605010458685,6.20000577052204,90.0,90.0,90.0,0.38,5.4,1.4158,16.086000000000002,0.042825960106141536,1.7992000000000001,0.3145335594177512,-11.248
Al19Ru31Ti50,./06_B2_Penalty_RuSubstitution/B2_PENALTY_128_Ru62Al37_Ti,16,19,0,0,0,0,0,31,0,0,50,0,0,0,-128.33165058,-8.02072816125,-0.8138795126500007,-813.8795126500007,-1627.7590253000014,2,,241.51042100957437,6.202524811458468,6.277675381163747,6.202524811458468,90.0,90.0,90.0,0.31,5.050000000000001,1.4221000000000001,16.282,0.0400790404298587,1.7579,0.2974669561480737,-10.912
Al25Ru25Ti50,./06_B2_Penalty_RuSubstitution/B2_PENALTY_129_Ru50Al50_Ti,16,25,0,0,0,0,0,25,0,0,50,0,0,0,-121.73141631,-7.608213519375,-0.7094064043749997,-709.4064043749997,-1418.8128087499995,2,,244.56872515700422,6.304276321837933,6.304276321837933,6.153616668554981,90.0,90.0,90.0,0.25,4.75,1.4275,16.45,0.037192225186681756,1.7225000000000001,0.27716195626384227,-10.0
Cr6Ru44Ti50,./06_B2_Penalty_RuSubstitution/B2_PENALTY_130_Ru87Cr12_Ti,16,0,6,0,0,0,0,44,0,0,50,0,0,0,-146.76471371,-9.172794606875,-0.9429349220749987,-942.9349220749988,-1885.8698441499976,2,,230.83129975136015,6.134298411099071,6.134298411099071,6.134298411099071,90.0,90.0,90.0,0.44,5.88,1.4014,15.66,0.049929861972695166,1.8376,0.32243176022222136,-8.272
Cr12Ru38Ti50,./06_B2_Penalty_RuSubstitution/B2_PENALTY_131_Ru75Cr25_Ti,16,0,12,0,0,0,0,38,0,0,50,0,0,0,-145.455583,-9.0909739375,-0.813568072899999,-813.568072899999,-1627.136145799998,2,,229.54666721967334,6.139432491084354,6.0899613326557045,6.139432491084354,90.0,90.0,90.0,0.38,5.76,1.3978,15.57,0.053254377085037254,1.8052000000000001,0.31132773728018526,-6.688
Cr19Ru31Ti50,./06_B2_Penalty_RuSubstitution/B2_PENALTY_132_Ru62Cr37_Ti,16,0,19,0,0,0,0,31,0,0,50,0,0,0,-144.08219378,-9.00513711125,-0.6722607035500019,-672.2607035500018,-1344.5214071000037,2,,228.01877665857734,6.097574845617488,6.132765116805501,6.097574845617488,90.0,90.0,90.0,0.31,5.620000000000001,1.3936000000000002,15.465,0.0567786551293567,1.7673999999999999,0.29336196072429027,-5.022
Cr25Ru25Ti50,./06_B2_Penalty_RuSubstitution/B2_PENALTY_133_Ru50Cr50_Ti,16,0,25,0,0,0,0,25,0,0,50,0,0,0,-142.66770703,-8.916731689375,-0.5363091018750001,-536.3091018750001,-1072.6182037500002,2,,226.43604667387552,6.099223620081919,6.099223620081919,6.086903981593016,90.0,90.0,90.0,0.25,5.5,1.39,15.375,0.05954296891095989,1.735,0.27290108097990384,-3.75
Cu6Ru44Ti50,./06_B2_Penalty_RuSubstitution/B2_PENALTY_134_Ru87Cu12_Ti,16,0,0,6,0,0,0,44,0,0,50,0,0,0,-140.66366658,-8.79147916125,-0.9081826390500005,-908.1826390500005,-1816.365278100001,2,,232.79955868649222,6.151684458824373,6.151684458824373,6.151684458824373,90.0,90.0,90.0,0.44,6.18,1.4014,15.63,0.049929861972695166,1.8519999999999999,0.3195246469366644,-10.067200000000001
Cu12Ru38Ti50,./06_B2_Penalty_RuSubstitution/B2_PENALTY_135_Ru75Cu25_Ti,16,0,0,12,0,0,0,38,0,0,50,0,0,0,-133.75020253,-8.359387658125,-0.775108118725,-775.1081187249999,-1550.2162374499999,2,,232.5346317582596,6.137246675405377,6.1736283788762405,6.137246675405377,90.0,90.0,90.0,0.38,6.359999999999999,1.3978,15.510000000000002,0.053254377085037254,1.834,0.30764264983906253,-9.7888
Cu19Ru31Ti50,./06_B2_Penalty_RuSubstitution/B2_PENALTY_136_Ru62Cu37_Ti,16,0,0,19,0,0,0,31,0,0,50,0,0,0,-126.80420076,-7.9252625475,-0.6898361547000009,-689.836154700001,-1379.672309400002,2,,232.47880529655413,6.168893891254951,6.108980864571463,6.168893891254951,90.0,90.0,90.0,0.31,6.57,1.3936000000000002,15.370000000000001,0.0567786551293567,1.813,0.2917721713940519,-9.0272
Cu25Ru25Ti50,./06_B2_Penalty_RuSubstitution/B2_PENALTY_137_Ru50Cu50_Ti,16,0,0,25,0,0,0,25,0,0,50,0,0,0,-119.84922445,-7.490576528125,-0.5541671181250001,-554.1671181250001,-1108.3342362500002,2,,232.335749101176,6.136679939052335,6.136679939052335,6.169487560973065,90.0,90.0,90.0,0.25,6.75,1.39,15.25,0.05954296891095989,1.7950000000000002,0.27617928959282956,-8.0
Ru44Si6Ti50,./06_B2_Penalty_RuSubstitution/B2_PENALTY_138_Ru87Si12_Ti,16,0,0,0,0,0,0,44,6,0,50,0,0,0,-142.93224684,-8.9332654275,-0.9795566876999997,-979.5566876999997,-1959.1133753999993,2,,233.53012976378247,6.15811280670232,6.15811280670232,6.15811280670232,90.0,90.0,90.0,0.44,5.76,1.3948,16.122,0.060754620874189494,1.8519999999999999,0.3195246469366644,-7.9552000000000005
Ru38Si12Ti50,./06_B2_Penalty_RuSubstitution/B2_PENALTY_139_Ru75Si25_Ti,16,0,0,0,0,0,0,38,12,0,50,0,0,0,-138.24489046,-8.64030565375,-0.91520167915,-915.2016791499999,-1830.4033582999998,2,,234.21198329854337,6.260523035464642,6.1164474233338275,6.1164474233338275,90.0,90.0,90.0,0.38,5.52,1.3846,16.494,0.07196559639580584,1.834,0.30764264983906253,-6.1408
Ru31Si19Ti50,./06_B2_Penalty_RuSubstitution/B2_PENALTY_140_Ru62Si37_Ti,16,0,0,0,0,0,0,31,19,0,50,0,0,0,-133.37236303,-8.335772689375,-0.8773742741750006,-877.3742741750006,-1754.748548350001,2,,234.8575366304929,6.27802812175735,5.9587887321603255,6.27802812175735,90.0,90.0,90.0,0.31,5.24,1.3727,16.928,0.08264992990505912,1.813,0.2917721713940519,-4.3152
Ru25Si25Ti50,./06_B2_Penalty_RuSubstitution/B2_PENALTY_141_Ru50Si50_Ti,16,0,0,0,0,0,0,25,25,0,50,0,0,0,-128.55792676,-8.0348704225,-0.8050767724999996,-805.0767724999996,-1610.1535449999992,2,,235.52901349101143,6.321776709696195,6.321776709696195,5.8934025783965085,90.0,90.0,90.0,0.25,5.0,1.3625,17.3,0.09039374632479703,1.795,0.27617928959282956,-3.0
Ru50Zr50,./06_B2_Penalty_RuSubstitution/B2_PENALTY_142_Ru100Al0_Zr,16,0,0,0,0,0,0,50,0,0,0,0,0,50,-152.09976462,-9.50623528875,-0.9596915887499993,-959.6915887499993,-1919.3831774999985,2,,280.30602948014166,6.544515187622433,6.544515187622433,6.544515187622433,90.0,90.0,90.0,0.5,6.0,1.4700000000000002,18.55,0.08843537414965985,1.7650000000000001,0.43500000000000005,-18.0
Al6Ru44Zr50,./06_B2_Penalty_RuSubstitution/B2_PENALTY_143_Ru87Al12_Zr,16,6,0,0,0,0,0,44,0,0,0,0,0,50,-145.55663484,-9.0972896775,-0.8587875110999992,-858.7875110999992,-1717.5750221999983,2,,284.05946845490473,6.5735972156523514,6.5735972156523514,6.5735972156523514,90.0,90.0,90.0,0.44,5.699999999999999,1.4754,18.718,0.08560698967762283,1.7296,0.421971373436635,-17.951999999999998
Al12Ru38Zr50,./06_B2_Penalty_RuSubstitution/B2_PENALTY_144_Ru75Al25_Zr,16,12,0,0,0,0,0,38,0,0,0,0,0,50,-139.22180962,-8.70136310125,-0.7709024684499992,-770.9024684499992,-1541.8049368999984,2,,288.1205640040138,6.599363286239134,6.615614395269642,6.599363286239134,90.0,90.0,90.0,0.38,5.4,1.4808000000000001,18.886000000000003,0.08256307156057877,1.6942000000000002,0.4054483444287324,-17.328
Al19Ru31Zr50,./06_B2_Penalty_RuSubstitution/B2_PENALTY_145_Ru62Al37_Zr,16,19,0,0,0,0,0,31,0,0,0,0,0,50,-132.9483851,-8.30927406875,-0.7381952251499992,-738.1952251499993,-1476.3904502999985,2,,292.3370557532066,6.609942076208392,6.69096196684935,6.609942076208392,90.0,90.0,90.0,0.31,5.050000000000001,1.4871,19.082,0.07870991825375016,1.6529,0.381143791763686,-15.872
Al25Ru25Zr50,./06_B2_Penalty_RuSubstitution/B2_PENALTY_146_Ru50Al50_Zr,16,25,0,0,0,0,0,25,0,0,0,0,0,50,-126.64602837,-7.915376773125,-0.6523394631250001,-652.3394631250002,-1304.6789262500004,2,,296.20247034135235,6.765003799731716,6.765003799731716,6.4722097969049175,90.0,90.0,90.0,0.25,4.75,1.4925,19.25,0.07511587043476943,1.6175000000000002,0.35520240708643863,-14.0
Cr6Ru44Zr50,./06_B2_Penalty_RuSubstitution/B2_PENALTY_147_Ru87Cr12_Zr,16,0,6,0,0,0,0,44,0,0,0,0,0,50,-150.71080793,-9.419425495625,-0.8253356158249989,-825.335615824999,-1650.671231649998,2,,278.6858821880138,6.531881884947248,6.531881884947248,6.531881884947248,90.0,90.0,90.0,0.44,5.88,1.4664000000000001,18.46,0.09159130751183571,1.7326,0.4212875977286776,-15.312
Cr12Ru38Zr50,./06_B2_Penalty_RuSubstitution/B2_PENALTY_148_Ru75Cr25_Zr,16,0,12,0,0,0,0,38,0,0,0,0,0,50,-149.14848765,-9.321780478125,-0.6801444185249998,-680.1444185249999,-1360.2888370499998,2,,277.679692208896,6.543992739546611,6.484231350696765,6.543992739546611,90.0,90.0,90.0,0.38,5.76,1.4628,18.37,0.09460714329242224,1.7002000000000002,0.4045268347093924,-12.768
Cr19Ru31Zr50,./06_B2_Penalty_RuSubstitution/B2_PENALTY_149_Ru62Cr37_Zr,16,0,19,0,0,0,0,31,0,0,0,0,0,50,-147.52363167,-9.220226979375,-0.5231203766749992,-523.1203766749992,-1046.2407533499984,2,,276.5374843659665,6.500724393485508,6.543807269692184,6.500724393485508,90.0,90.0,90.0,0.31,5.620000000000001,1.4586000000000001,18.265,0.09796497137469608,1.6623999999999999,0.3805788223219995,-9.982
Cr25Ru25Zr50,./06_B2_Penalty_RuSubstitution/B2_PENALTY_150_Ru50Cr50_Zr,16,0,25,0,0,0,0,25,0,0,0,0,0,50,-145.93487143,-9.120929464375,-0.3762766818749981,-376.2766818749981,-752.5533637499962,2,,275.3458499738196,6.508996783611881,6.508996783611881,6.499058127120648,90.0,90.0,90.0,0.25,5.5,1.455,18.175,0.10071718824572407,1.6300000000000001,0.355598087733891,-7.75
Cu6Ru44Zr50,./06_B2_Penalty_RuSubstitution/B2_PENALTY_151_Ru87Cu12_Zr,16,0,0,6,0,0,0,44,0,0,0,0,0,50,-145.24988139,-9.078117586875,-0.8305908696750013,-830.5908696750013,-1661.1817393500025,2,,280.7685180260134,6.548112565556822,6.548112565556822,6.548112565556822,90.0,90.0,90.0,0.44,6.18,1.4664000000000001,18.43,0.09159130751183571,1.7469999999999999,0.4226594373724548,-17.1072
Cu12Ru38Zr50,./06_B2_Penalty_RuSubstitution/B2_PENALTY_152_Ru75Cu25_Zr,16,0,0,12,0,0,0,38,0,0,0,0,0,50,-138.67305922,-8.66706620125,-0.71855646685,-718.55646685,-1437.1129337,2,,280.51480057866695,6.539779756011886,6.558877737069893,6.539779756011886,90.0,90.0,90.0,0.38,6.359999999999999,1.4628,18.310000000000002,0.09460714329242224,1.729,0.4091564492953766,-15.8688
Cu19Ru31Zr50,./06_B2_Penalty_RuSubstitution/B2_PENALTY_153_Ru62Cu37_Zr,16,0,0,19,0,0,0,31,0,0,0,0,0,50,-132.04616725,-8.252885453125,-0.6532288653249996,-653.2288653249996,-1306.4577306499991,2,,280.4539746878064,6.551383005165443,6.534248093108709,6.551383005165443,90.0,90.0,90.0,0.31,6.57,1.4586000000000001,18.17,0.09796497137469608,1.708,0.3917728933961614,-13.9872
Cu25Ru25Zr50,./06_B2_Penalty_RuSubstitution/B2_PENALTY_154_Ru50Cu50_Zr,16,0,0,25,0,0,0,25,0,0,0,0,0,50,-125.4747861,-7.84217413125,-0.5415345262500004,-541.5345262500005,-1083.069052500001,2,,280.618973184175,6.5387417096279785,6.5387417096279785,6.56339688142271,90.0,90.0,90.0,0.25,6.75,1.455,18.05,0.10071718824572407,1.6900000000000002,0.3752998800959041,-12.0
Ru44Si6Zr50,./06_B2_Penalty_RuSubstitution/B2_PENALTY_155_Ru87Si12_Zr,16,0,0,0,0,0,0,44,6,0,0,0,0,50,-147.29555932,-9.2059724575,-0.8880335227000007,-888.0335227000007,-1776.0670454000015,2,,282.3492739879045,6.560378426543781,6.560378426543782,6.560378426543782,90.0,90.0,90.0,0.44,5.76,1.4598000000000002,18.922,0.0996987498196708,1.7469999999999999,0.4226594373724548,-14.9952
Ru38Si12Zr50,./06_B2_Penalty_RuSubstitution/B2_PENALTY_156_Ru75Si25_Zr,16,0,0,0,0,0,0,38,12,0,0,0,0,50,-142.79854565,-8.924909103125,-0.8355749335249989,-835.5749335249989,-1671.1498670499977,2,,283.7027813082298,6.7061768572411316,6.504206115964931,6.504206115964931,90.0,90.0,90.0,0.38,5.52,1.4496000000000002,19.294,0.10963083665020651,1.729,0.4091564492953766,-12.2208
Ru31Si19Zr50,./06_B2_Penalty_RuSubstitution/B2_PENALTY_157_Ru62Si37_Zr,16,0,0,0,0,0,0,31,19,0,0,0,0,50,-138.1986513,-8.63741570625,-0.814787096049999,-814.787096049999,-1629.574192099998,2,,285.11736082331595,6.703938437911766,6.344006617038329,6.703938437911766,90.0,90.0,90.0,0.31,5.24,1.4377,19.728,0.11996205506679426,1.708,0.3917728933961614,-9.2752
Ru25Si25Zr50,./06_B2_Penalty_RuSubstitution/B2_PENALTY_158_Ru50Si50_Zr,16,0,0,0,0,0,0,25,25,0,0,0,0,50,-133.76897303,-8.360560814375,-0.7665369693750002,-766.5369693750001,-1533.0739387500003,2,,285.9837980784935,6.789552494983132,6.789552494983132,6.203819143588075,90.0,90.0,90.0,0.25,5.0,1.4275,20.1,0.12796578117079907,1.69,0.37529988009590415,-7.0
Al6Hf25Ru44Ti25,./07_B2_HighOrder/B2_MULTI_159_A_Ru87_Al12_B_HfTi,16,6,0,0,25,0,0,44,0,0,25,0,0,0,-150.0420628,-9.377628925,-0.9769613536000001,-976.9613536000002,-1953.9227072000003,2,,255.55478571710006,6.340039332553067,6.348902253149807,6.348902253149807,89.97071303738706,90.19741878931757,89.80258121068243,0.44,5.699999999999999,1.4379,17.067999999999998,0.06787972178632848,1.7746000000000002,0.38899979434441867,-13.112
Al12Hf25Ru38Ti25,./07_B2_HighOrder/B2_MULTI_160_A_Ru75_Al25_B_HfTi,16,12,0,0,25,0,0,38,0,0,25,0,0,0,-143.422599,-8.9639124375,-0.8712863996999989,-871.2863996999989,-1742.5727993999978,2,,258.82735941390297,6.36944970839941,6.366285850570414,6.383125164770684,90.0,90.41197107667735,90.0,0.38,5.4,1.4433,17.236,0.06545977461288979,1.7392,0.37528037518633994,-13.148
Al6Hf25Ru44Zr25,./07_B2_HighOrder/B2_MULTI_161_A_Ru87_Al12_B_HfZr,16,6,0,0,25,0,0,44,0,0,0,0,0,25,-152.54460778,-9.53403798625,-0.9512553173500002,-951.2553173500003,-1902.5106347000005,2,,279.2683679824599,6.535267414962759,6.537010682735351,6.537010682735351,90.00901210964932,89.99967959164854,90.00032040835146,0.44,5.699999999999999,1.4704000000000002,18.468,0.08268538530755115,1.7221000000000002,0.42921159117619373,-16.631999999999998
Al12Hf25Ru38Zr25,./07_B2_HighOrder/B2_MULTI_162_A_Ru75_Al25_B_HfZr,16,12,0,0,25,0,0,38,0,0,0,0,0,25,-145.95950027,-9.122468766875,-0.8477276315749993,-847.7276315749994,-1695.4552631499987,2,,283.2874989378138,6.562811489996367,6.573907239065505,6.566202378469197,90.0,90.0732990679246,90.0,0.38,5.4,1.4758,18.636000000000003,0.07968732280304919,1.6867,0.4123349487976978,-16.188
Al19Hf6Ru25,./07_B2_HighOrder/B2_MULTI_163_A_Ru87_Al12_B_HfAl,16,19,0,0,6,0,0,25,0,0,0,0,0,0,-134.54117542,-8.40882346375,-4.97110837515,-4971.10837515,-9942.2167503,2,,248.59079166360354,6.293140687426691,6.293140578358911,6.277063500366627,89.80872787579051,90.19127242504358,89.84911136480451,0.5,5.620000000000001,1.403,15.884000000000002,0.05530655947132243,1.8678000000000001,0.3451393341825878,-18.799999999999997
Al31Hf25Ru44,./07_B2_HighOrder/B2_MULTI_163_A_Ru87_Al13_B_HfAl,16,31,0,0,25,0,0,44,0,0,0,0,0,0,-134.49003503,-8.405627189375,-1.0309814704750009,-1030.9814704750008,-2061.9629409500017,2,,248.49015363517245,6.221605270593955,6.419691055127517,6.221605270593955,90.0,90.3859171712323,90.0,0.44,5.45,1.4279,16.793,0.06711693159309146,1.7921,0.3795109879832204,-17.512
Al38Hf25Ru38,./07_B2_HighOrder/B2_MULTI_164_A_Ru75_Al25_B_HfAl,16,38,0,0,25,0,0,38,0,0,0,0,0,0,-127.58003595,-7.973752246875,-0.8715154913749998,-871.5154913749998,-1743.0309827499996,2,,252.6409645035517,6.2474731388368605,6.38648852974326,6.33201621247881,90.0,90.26886162406524,90.0,0.37623762376237624,5.128712871287129,1.4332673267326732,16.95742574257426,0.06472579791062588,1.7552475247524755,0.36559349296429444,-16.912067444368198
Al6Ru44Ti25Zr25,./07_B2_HighOrder/B2_MULTI_165_A_Ru87_Al12_B_TiZr,16,6,0,0,0,0,0,44,0,0,25,0,0,25,-142.77461837,-8.923413648125,-0.8670265792249996,-867.0265792249996,-1734.0531584499993,2,,260.23663851056335,6.370593974233042,6.391430001666931,6.39143000166693,89.94301190820356,89.76449060944594,90.23550939055407,0.44,5.699999999999999,1.4428999999999998,17.317999999999998,0.07276216174530345,1.7821000000000002,0.3799613006610016,-14.432
Al12Ru38Ti25Zr25,./07_B2_HighOrder/B2_MULTI_166_A_Ru75_Al25_B_TiZr,16,12,0,0,0,0,0,38,0,0,25,0,0,25,-136.45692078,-8.52855754875,-0.7802120134499999,-780.2120134499999,-1560.4240268999997,2,,263.71056507365273,6.403346845193853,6.399449753320711,6.435604615422873,90.0,89.58331119828009,90.0,0.38,5.4,1.4483,17.486,0.07030581829762035,1.7467000000000001,0.36662802675191114,-14.288
Al25Ru6Ti6,./07_B2_HighOrder/B2_MULTI_167_A_Ru87_Al12_B_TiAl,16,25,0,0,0,0,0,6,0,0,6,0,0,0,-125.85137488,-7.86571093,-5.9930190543999995,-5993.0190544,-11986.0381088,2,,228.04754661136528,6.096672404777834,6.115994173510331,6.115993388067714,90.14677061353879,89.972406761982,90.02759363881431,0.16216216216216217,3.9729729729729732,1.421891891891892,16.324324324324326,0.027303819943739985,1.6943243243243247,0.22390321920528394,-9.817384952520088
Al31Ru44Ti25,./07_B2_HighOrder/B2_MULTI_167_A_Ru87_Al13_B_TiAl,16,31,0,0,0,0,0,44,0,0,25,0,0,0,-125.71674105,-7.857296315625,-1.0090461967250004,-1009.0461967250004,-2018.0923934500008,2,,228.0187201481514,6.114031676988919,6.114031676988919,6.099793969071066,90.0151985936114,90.0151985936114,89.9961862390454,0.44,5.45,1.4003999999999999,15.643,0.03968033155359116,1.8521,0.309477931361834,-15.312000000000001
Al38Ru38Ti25,./07_B2_HighOrder/B2_MULTI_168_A_Ru75_Al25_B_TiAl,16,38,0,0,0,0,0,38,0,0,25,0,0,0,-119.30079863,-7.456299914375,-0.8804587588750001,-880.4587588750002,-1760.9175177500003,2,,231.67961233917956,6.123449659063313,6.105113905160818,6.197306278216325,90.0,90.0,90.2767211813099,0.37623762376237624,5.128712871287129,1.4060396039603962,15.818811881188118,0.038098056349280734,1.814653465346535,0.3004965012116891,-15.049504950495049
Al6Ru31Zr12,./07_B2_HighOrder/B2_MULTI_169_A_Ru87_Al12_B_ZrAl,16,6,0,0,0,0,0,31,0,0,0,0,0,12,-127.52523018,-7.97032688625,-4.05287728685,-4052.8772868500005,-8105.754573700001,2,,253.74895374349242,6.292185659814711,6.35065923443248,6.350658906898995,89.35083383745015,89.76884435366544,89.76884455699995,0.6326530612244898,6.408163265306123,1.4146938775510205,16.46938775510204,0.07732929021377342,1.9146938775510205,0.3828683476015858,-17.35276967930029
Al31Ru44Zr25,./07_B2_HighOrder/B2_MULTI_169_A_Ru87_Al13_B_ZrAl,16,31,0,0,0,0,0,44,0,0,0,0,0,25,-127.52523025,-7.970326890625,-0.9399616742250005,-939.9616742250006,-1879.9233484500012,2,,253.74868124531432,6.350656365458135,6.292184283924626,6.350656365458135,90.23116988833094,90.64917264342056,89.76883011166906,0.44,5.45,1.4329,17.043,0.07246117667060713,1.7996,0.3698862527859072,-18.832
Al38Ru38Zr25,./07_B2_HighOrder/B2_MULTI_170_A_Ru75_Al25_B_ZrAl,16,38,0,0,0,0,0,38,0,0,0,0,0,25,-121.32838871,-7.583024294375,-0.8250680413750002,-825.0680413750002,-1650.1360827500005,2,,257.28746786889377,6.3575105497094775,6.3575105497094775,6.368917381795092,90.0,90.0,88.17163325223036,0.37623762376237624,5.128712871287129,1.4382178217821782,17.204950495049506,0.06999292761258277,1.762673267326733,0.356461962724668,-18.02960494069209
