B2_Name,a_B2,B2_Formation_Energy,B2_VEC,B2_delta_r,B2_chi_avg,B2_delta_chi,B2_Hmix,B2_Ru,B2_Hf,B2_Ti,B2_Zr,B2_Al,B2_Mo,B2_Nb,B2_Ta,B2_W,B2_V,B2_Cr,B2_Cu,B2_Si
B2_014_RuHf,2.571059804,-1.190557465,6.0,0.0821917808219178,1.75,0.45,-15.0,0.5,0.5,0.0,0.0,0.0,0.0,0.0,0.0,0.0,0.0,0.0,0.0,0.0
B2_015_RuTi,2.43976227,-1.048598035,6.0,0.0462633451957295,1.87,0.33,-10.0,0.5,0.0,0.5,0.0,0.0,0.0,0.0,0.0,0.0,0.0,0.0,0.0,0.0
B2_016_RuZr,2.59472104,-0.959079125,6.0,0.0884353741496598,1.765,0.435,-18.0,0.5,0.0,0.0,0.5,0.0,0.0,0.0,0.0,0.0,0.0,0.0,0.0,0.0
B2_017_RuAl,2.388477153,-1.00191235,5.5,0.0324909747292418,1.905,0.295,-20.0,0.5,0.0,0.0,0.0,0.5,0.0,0.0,0.0,0.0,0.0,0.0,0.0,0.0
MATRIX_BIN_018_Nb12_Mo87,2.516452193,-0.074598622,5.875,0.0162666672861703,2.0928,0.1819784602638455,-0.8448,0.0,0.0,0.0,0.0,0.0,0.875,0.125,0.0,0.0,0.0,0.0,0.0,0.0
MATRIX_BIN_019_Nb25_Mo75,3.18846737,-0.093096702,5.75,0.0215352675896663,2.02,0.2424871130596428,-1.5,0.0,0.0,0.0,0.0,0.0,0.75,0.25,0.0,0.0,0.0,0.0,0.0,0.0
MATRIX_BIN_020_Nb50_Mo50,4.068360358,-0.068167471,5.5,0.0245614035087719,1.88,0.28,-2.0,0.0,0.0,0.0,0.0,0.0,0.5,0.5,0.0,0.0,0.0,0.0,0.0,0.0
MATRIX_BIN_021_Nb75_Mo25,3.276290931,-0.003897255,5.25,0.0210127480987559,1.7400000000000002,0.2424871130596428,-1.5,0.0,0.0,0.0,0.0,0.0,0.25,0.75,0.0,0.0,0.0,0.0,0.0,0.0
MATRIX_BIN_022_Nb87_Mo12,2.618850201,0.026755452,5.125,0.0156705067050018,1.6672000000000002,0.1819784602638455,-0.8448,0.0,0.0,0.0,0.0,0.0,0.125,0.875,0.0,0.0,0.0,0.0,0.0,0.0
MATRIX_BIN_023_Nb12_Ta87,2.629139739,0.01664066,5.0,0.0,1.512,0.0324961536185438,-0.4224,0.0,0.0,0.0,0.0,0.0,0.0,0.125,0.875,0.0,0.0,0.0,0.0,0.0
MATRIX_BIN_024_Nb25_Ta75,3.314659229,0.02257152,5.0,0.0,1.525,0.0433012701892219,-0.75,0.0,0.0,0.0,0.0,0.0,0.0,0.25,0.75,0.0,0.0,0.0,0.0,0.0
MATRIX_BIN_025_Nb50_Ta50,4.181529649,0.032388069,5.0,0.0,1.55,0.05,-1.0,0.0,0.0,0.0,0.0,0.0,0.0,0.5,0.5,0.0,0.0,0.0,0.0,0.0
MATRIX_BIN_026_Nb75_Ta25,3.322282844,0.043369138,5.0,0.0,1.5750000000000002,0.0433012701892219,-0.75,0.0,0.0,0.0,0.0,0.0,0.0,0.75,0.25,0.0,0.0,0.0,0.0,0.0
MATRIX_BIN_027_Nb87_Ta12,2.638087089,0.04776952,5.0,0.0,1.588,0.0324961536185438,-0.4224,0.0,0.0,0.0,0.0,0.0,0.0,0.875,0.125,0.0,0.0,0.0,0.0,0.0
MATRIX_BIN_028_Nb12_W87,2.53003601,-0.064576028,5.875,0.0162666672861703,2.2688,0.2469707675009331,-0.8448,0.0,0.0,0.0,0.0,0.0,0.0,0.125,0.0,0.875,0.0,0.0,0.0,0.0
MATRIX_BIN_029_Nb25_W75,3.202094355,-0.067975525,5.75,0.0215352675896663,2.17,0.3290896534380866,-1.5,0.0,0.0,0.0,0.0,0.0,0.0,0.25,0.0,0.75,0.0,0.0,0.0,0.0
MATRIX_BIN_030_Nb50_W50,4.077067638,-0.024208031,5.5,0.0245614035087719,1.98,0.3799999999999999,-2.0,0.0,0.0,0.0,0.0,0.0,0.0,0.5,0.0,0.5,0.0,0.0,0.0,0.0
MATRIX_BIN_031_Nb75_W25,3.278148285,0.026336168,5.25,0.0210127480987559,1.79,0.3290896534380866,-1.5,0.0,0.0,0.0,0.0,0.0,0.0,0.75,0.0,0.25,0.0,0.0,0.0,0.0
MATRIX_BIN_032_Nb87_W12,2.620036168,0.042204846,5.125,0.0156705067050018,1.6912,0.2469707675009331,-0.8448,0.0,0.0,0.0,0.0,0.0,0.0,0.875,0.0,0.125,0.0,0.0,0.0,0.0
MATRIX_BIN_033_Nb12_V87,2.406649618,0.08248568,5.0,0.0287916304948704,1.6263999999999998,0.009748846085563,-0.4224,0.0,0.0,0.0,0.0,0.0,0.0,0.125,0.0,0.0,0.875,0.0,0.0,0.0
MATRIX_BIN_034_Nb25_V75,3.080793662,0.119704924,5.0,0.0379281198737709,1.6225,0.0129903810567664,-0.75,0.0,0.0,0.0,0.0,0.0,0.0,0.25,0.0,0.0,0.75,0.0,0.0,0.0
MATRIX_BIN_035_Nb50_V50,3.997687259,0.146260085,5.0,0.0428571428571428,1.615,0.0149999999999999,-1.0,0.0,0.0,0.0,0.0,0.0,0.0,0.5,0.0,0.0,0.5,0.0,0.0,0.0
MATRIX_BIN_036_Nb75_V25,3.252526823,0.114812331,5.0,0.0363367302287176,1.6075000000000002,0.0129903810567664,-0.75,0.0,0.0,0.0,0.0,0.0,0.0,0.75,0.0,0.0,0.25,0.0,0.0,0.0
MATRIX_BIN_037_Nb87_V12,2.61019026,0.086073827,5.0,0.0269752243651442,1.6036,0.009748846085563,-0.4224,0.0,0.0,0.0,0.0,0.0,0.0,0.875,0.0,0.0,0.125,0.0,0.0,0.0
MATRIX_BIN_038_Mo12_Ta87,2.609440574,-0.021898875,5.125,0.0156705067050018,1.5792000000000002,0.2144746138823893,-0.8448,0.0,0.0,0.0,0.0,0.0,0.125,0.0,0.875,0.0,0.0,0.0,0.0,0.0
MATRIX_BIN_039_Mo25_Ta75,3.265007474,-0.045341345,5.25,0.0210127480987559,1.665,0.2857883832488648,-1.5,0.0,0.0,0.0,0.0,0.0,0.25,0.0,0.75,0.0,0.0,0.0,0.0,0.0
MATRIX_BIN_040_Mo50_Ta50,4.056611707,-0.115010835,5.5,0.0245614035087719,1.83,0.33,-2.0,0.0,0.0,0.0,0.0,0.0,0.5,0.0,0.5,0.0,0.0,0.0,0.0,0.0
MATRIX_BIN_041_Mo75_Ta25,3.183633813,-0.13445637,5.75,0.0215352675896663,1.995,0.2857883832488648,-1.5,0.0,0.0,0.0,0.0,0.0,0.75,0.0,0.25,0.0,0.0,0.0,0.0,0.0
MATRIX_BIN_042_Mo87_Ta12,2.514476987,-0.10635318,5.875,0.0162666672861703,2.0808,0.2144746138823893,-0.8448,0.0,0.0,0.0,0.0,0.0,0.875,0.0,0.125,0.0,0.0,0.0,0.0,0.0
MATRIX_BIN_043_Mo12_W87,2.515451896,-0.03228228,6.0,0.0,2.336,0.0649923072370876,-0.4224,0.0,0.0,0.0,0.0,0.0,0.125,0.0,0.0,0.875,0.0,0.0,0.0,0.0
MATRIX_BIN_044_Mo25_W75,3.166942287,-0.031021756,6.0,0.0,2.31,0.0866025403784437,-0.75,0.0,0.0,0.0,0.0,0.0,0.25,0.0,0.0,0.75,0.0,0.0,0.0,0.0
MATRIX_BIN_045_Mo50_W50,3.984201707,-0.031400886,6.0,0.0,2.26,0.0999999999999998,-1.0,0.0,0.0,0.0,0.0,0.0,0.5,0.0,0.0,0.5,0.0,0.0,0.0,0.0
MATRIX_BIN_046_Mo75_W25,3.157572258,-0.029765179,6.0,0.0,2.21,0.0866025403784437,-0.75,0.0,0.0,0.0,0.0,0.0,0.75,0.0,0.0,0.25,0.0,0.0,0.0,0.0
MATRIX_BIN_047_Mo87_W12,2.503991537,-0.029998622,6.0,0.0,2.184,0.0649923072370876,-0.4224,0.0,0.0,0.0,0.0,0.0,0.875,0.0,0.0,0.125,0.0,0.0,0.0,0.0
MATRIX_BIN_048_Mo12_V87,2.383028597,-0.006338223,5.125,0.0120713795016878,1.6936,0.1722296141782824,-0.4224,0.0,0.0,0.0,0.0,0.0,0.125,0.0,0.0,0.0,0.875,0.0,0.0,0.0
MATRIX_BIN_049_Mo25_V75,3.023152221,-0.037424369,5.25,0.0160078632862187,1.7625,0.2294967320028763,-0.75,0.0,0.0,0.0,0.0,0.0,0.25,0.0,0.0,0.0,0.75,0.0,0.0,0.0
MATRIX_BIN_050_Mo50_V50,3.861543353,-0.097449414,5.5,0.0183150183150182,1.895,0.2650000000000001,-1.0,0.0,0.0,0.0,0.0,0.0,0.5,0.0,0.0,0.0,0.5,0.0,0.0,0.0
MATRIX_BIN_051_Mo75_V25,3.107507677,-0.114008179,5.75,0.0157173394516231,2.0275,0.2294967320028763,-0.75,0.0,0.0,0.0,0.0,0.0,0.75,0.0,0.0,0.0,0.25,0.0,0.0,0.0
MATRIX_BIN_052_Mo87_V12,2.484453351,-0.088360288,5.875,0.0117399398910924,2.0964,0.1722296141782824,-0.4224,0.0,0.0,0.0,0.0,0.0,0.875,0.0,0.0,0.0,0.125,0.0,0.0,0.0
MATRIX_BIN_053_Ta12_W87,2.528354403,-0.093051999,5.875,0.0162666672861703,2.2568,0.279466921119477,-0.4224,0.0,0.0,0.0,0.0,0.0,0.0,0.0,0.125,0.875,0.0,0.0,0.0,0.0
MATRIX_BIN_054_Ta25_W75,3.197793083,-0.107372831,5.75,0.0215352675896663,2.145,0.3723909236273086,-0.75,0.0,0.0,0.0,0.0,0.0,0.0,0.0,0.25,0.75,0.0,0.0,0.0,0.0
MATRIX_BIN_055_Ta50_W50,4.068337625,-0.070797609,5.5,0.0245614035087719,1.93,0.4299999999999999,-1.0,0.0,0.0,0.0,0.0,0.0,0.0,0.0,0.5,0.5,0.0,0.0,0.0,0.0
MATRIX_BIN_056_Ta75_W25,3.268591838,-0.021707099,5.25,0.0210127480987559,1.715,0.3723909236273086,-0.75,0.0,0.0,0.0,0.0,0.0,0.0,0.0,0.75,0.25,0.0,0.0,0.0,0.0
MATRIX_BIN_057_Ta87_W12,2.610746034,-0.005622646,5.125,0.0156705067050018,1.6032,0.279466921119477,-0.4224,0.0,0.0,0.0,0.0,0.0,0.0,0.0,0.875,0.125,0.0,0.0,0.0,0.0
MATRIX_BIN_058_Ta12_V87,2.405896049,0.06873568,5.0,0.0287916304948704,1.6143999999999998,0.0422449997041069,0.0,0.0,0.0,0.0,0.0,0.0,0.0,0.0,0.125,0.0,0.875,0.0,0.0,0.0
MATRIX_BIN_059_Ta25_V75,3.080038888,0.103170482,5.0,0.0379281198737709,1.5975,0.0562916512459884,0.0,0.0,0.0,0.0,0.0,0.0,0.0,0.0,0.25,0.0,0.75,0.0,0.0,0.0
MATRIX_BIN_060_Ta50_V50,3.992176831,0.118279576,5.0,0.0428571428571428,1.565,0.0649999999999999,0.0,0.0,0.0,0.0,0.0,0.0,0.0,0.0,0.5,0.0,0.5,0.0,0.0,0.0
MATRIX_BIN_061_Ta75_V25,3.244245389,0.083356798,5.0,0.0363367302287176,1.5325,0.0562916512459884,0.0,0.0,0.0,0.0,0.0,0.0,0.0,0.0,0.75,0.0,0.25,0.0,0.0,0.0
MATRIX_BIN_062_Ta87_V12,2.601565119,0.048231505,5.0,0.0269752243651442,1.5156,0.0422449997041069,0.0,0.0,0.0,0.0,0.0,0.0,0.0,0.0,0.875,0.0,0.125,0.0,0.0,0.0
MATRIX_BIN_063_W12_V87,2.38658796,0.007573578,5.125,0.0120713795016878,1.7175999999999998,0.23722192141537,0.0,0.0,0.0,0.0,0.0,0.0,0.0,0.0,0.0,0.125,0.875,0.0,0.0,0.0
MATRIX_BIN_064_W25_V75,3.032485885,-0.010397496,5.25,0.0160078632862187,1.8125,0.3160992723813201,0.0,0.0,0.0,0.0,0.0,0.0,0.0,0.0,0.0,0.25,0.75,0.0,0.0,0.0
MATRIX_BIN_065_W50_V50,3.881757122,-0.05491275,5.5,0.0183150183150182,1.995,0.365,0.0,0.0,0.0,0.0,0.0,0.0,0.0,0.0,0.0,0.5,0.5,0.0,0.0,0.0
MATRIX_BIN_066_W75_V25,3.12710346,-0.09208095,5.75,0.0157173394516231,2.1775,0.3160992723813201,0.0,0.0,0.0,0.0,0.0,0.0,0.0,0.0,0.0,0.75,0.25,0.0,0.0,0.0
MATRIX_BIN_067_W87_V12,2.50019019,-0.084931073,5.875,0.0117399398910924,2.2724,0.23722192141537,0.0,0.0,0.0,0.0,0.0,0.0,0.0,0.0,0.0,0.875,0.125,0.0,0.0,0.0
MATRIX_TERN_068_Nb33_Mo33_Ta33,3.725584467,-0.065262171,5.333333333,0.0229686657461987,1.7533333333333334,0.2904402788105596,-2.2222222222222228,0.0,0.0,0.0,0.0,0.0,0.333333333,0.333333333,0.333333333,0.0,0.0,0.0,0.0,0.0
MATRIX_TERN_069_Nb33_Mo33_W33,3.674833441,-0.049686914,5.666666667,0.0233478654165369,2.0400000000000005,0.3216623488483951,-2.2222222222222223,0.0,0.0,0.0,0.0,0.0,0.333333333,0.333333333,0.0,0.333333333,0.0,0.0,0.0,0.0
MATRIX_TERN_070_Nb33_Mo33_V33,3.613773878,-0.013214523,5.333333333,0.0352382411938744,1.7966666666666669,0.2572072229848058,-1.777777777777778,0.0,0.0,0.0,0.0,0.0,0.333333333,0.333333333,0.0,0.0,0.333333333,0.0,0.0,0.0
MATRIX_TERN_071_Nb33_Ta33_W33,3.730310358,-0.031019427,5.333333333,0.0229686657461987,1.82,0.3840138886377244,-1.777777777777778,0.0,0.0,0.0,0.0,0.0,0.0,0.333333333,0.333333333,0.333333333,0.0,0.0,0.0,0.0
MATRIX_TERN_072_Nb33_Ta33_V33,3.685094771,0.08652521,5.0,0.0398370017569885,1.5766666666666669,0.0555777733351102,-0.8888888888888891,0.0,0.0,0.0,0.0,0.0,0.0,0.333333333,0.333333333,0.0,0.333333333,0.0,0.0,0.0
MATRIX_TERN_073_Nb33_W33_V33,3.622345558,0.018775382,5.333333333,0.0352382411938744,1.8633333333333333,0.351409858838492,-1.3333333333333337,0.0,0.0,0.0,0.0,0.0,0.0,0.333333333,0.0,0.333333333,0.333333333,0.0,0.0,0.0
MATRIX_TERN_074_Mo33_Ta33_W33,3.668257294,-0.093088097,5.666666667,0.0233478654165369,2.006666666666667,0.3674537007872178,-1.777777777777778,0.0,0.0,0.0,0.0,0.0,0.333333333,0.0,0.333333333,0.333333333,0.0,0.0,0.0,0.0
MATRIX_TERN_075_Mo33_Ta33_V33,3.607604365,-0.042224622,5.333333333,0.0352382411938744,1.7633333333333336,0.2854625875467553,-1.3333333333333337,0.0,0.0,0.0,0.0,0.0,0.333333333,0.0,0.333333333,0.0,0.333333333,0.0,0.0,0.0
MATRIX_TERN_076_Mo33_W33_V33,3.553840738,-0.074437179,5.666666667,0.0171627859511297,2.0500000000000003,0.3080043289739069,-0.8888888888888891,0.0,0.0,0.0,0.0,0.0,0.333333333,0.0,0.0,0.333333333,0.333333333,0.0,0.0,0.0
MATRIX_TERN_077_Ta33_W33_V33,3.616482912,-0.005449438,5.333333333,0.0352382411938744,1.83,0.3785058343892028,-0.4444444444444445,0.0,0.0,0.0,0.0,0.0,0.0,0.0,0.333333333,0.333333333,0.333333333,0.0,0.0,0.0
B2_TERN_SOL_078_Ru_Hf87_Nb12,2.562008656,-1.091011246,6.0625,0.079929319846275,1.7680000000000002,0.4374654272053965,-14.1168,0.5,0.4375,0.0,0.0,0.0,0.0,0.0625,0.0,0.0,0.0,0.0,0.0,0.0
B2_TERN_SOL_079_Ru_Hf75_Nb25,3.221161604,-0.990479496,6.125,0.0772310128363896,1.786,0.4237971212738473,-13.1472,0.5,0.375,0.0,0.0,0.0,0.0,0.125,0.0,0.0,0.0,0.0,0.0,0.0
B2_TERN_SOL_080_Ru_Hf87_Mo12,2.554397326,-1.011580317,6.125,0.0808002001785193,1.8016,0.4447172584912801,-14.16,0.5,0.4375,0.0,0.0,0.0,0.0625,0.0,0.0,0.0,0.0,0.0,0.0,0.0
B2_TERN_SOL_081_Ru_Hf75_Mo25,3.200127757,-0.833822359,6.25,0.0785362630419332,1.8532,0.4332686926146408,-13.32,0.5,0.375,0.0,0.0,0.0,0.125,0.0,0.0,0.0,0.0,0.0,0.0,0.0
B2_TERN_SOL_082_Ru_Hf87_Ta12,2.560296043,-1.113680888,6.0625,0.079929319846275,1.7620000000000002,0.4404043596514458,-13.68,0.5,0.4375,0.0,0.0,0.0,0.0,0.0,0.0625,0.0,0.0,0.0,0.0,0.0
B2_TERN_SOL_083_Ru_Hf75_Ta25,3.216563145,-1.032519678,6.125,0.0772310128363896,1.774,0.4302603862778911,-12.36,0.5,0.375,0.0,0.0,0.0,0.0,0.0,0.125,0.0,0.0,0.0,0.0,0.0
B2_TERN_SOL_084_Ru_Hf87_W12,2.554348108,-1.017173511,6.125,0.0808002001785193,1.8136,0.4567614694783263,-13.92,0.5,0.4375,0.0,0.0,0.0,0.0,0.0,0.0,0.0625,0.0,0.0,0.0,0.0
B2_TERN_SOL_085_Ru_Hf75_W25,3.200893611,-0.836868509,6.25,0.0785362630419332,1.8772,0.4546120983871855,-12.84,0.5,0.375,0.0,0.0,0.0,0.0,0.0,0.0,0.125,0.0,0.0,0.0,0.0
B2_TERN_SOL_086_Ru_Hf87_V12,2.545970218,-1.063735031,6.0625,0.0824106716944606,1.7698,0.4368317296167943,-13.44,0.5,0.4375,0.0,0.0,0.0,0.0,0.0,0.0,0.0,0.0625,0.0,0.0,0.0
B2_TERN_SOL_087_Ru_Hf75_V25,3.180813173,-0.946727169,6.125,0.0813951555025931,1.7896,0.4223266981851847,-11.88,0.5,0.375,0.0,0.0,0.0,0.0,0.0,0.0,0.0,0.125,0.0,0.0,0.0
B2_TERN_SOL_088_Ru_Ti87_Nb12,2.452124543,-0.983188993,6.0625,0.04588506177003,1.8736,0.3266910467092724,-9.6112,0.5,0.0,0.4375,0.0,0.0,0.0,0.0625,0.0,0.0,0.0,0.0,0.0,0.0
B2_TERN_SOL_089_Ru_Ti75_Nb25,3.102904429,-0.903188944,6.125,0.0454989552387946,1.8772,0.3233081502220444,-9.1648,0.5,0.0,0.375,0.0,0.0,0.0,0.125,0.0,0.0,0.0,0.0,0.0,0.0
B2_TERN_SOL_090_Ru_Ti87_Mo12,2.443019595,-0.92145562,6.125,0.0449536510398423,1.9072,0.3256196554263886,-9.760000000000002,0.5,0.0,0.4375,0.0,0.0,0.0625,0.0,0.0,0.0,0.0,0.0,0.0,0.0
B2_TERN_SOL_091_Ru_Ti75_Mo25,3.083886002,-0.762838311,6.25,0.0433128345312989,1.9444,0.3168416639269527,-9.52,0.5,0.0,0.375,0.0,0.0,0.125,0.0,0.0,0.0,0.0,0.0,0.0,0.0
B2_TERN_SOL_092_Ru_Ti87_Ta12,2.4505202,-1.012091649,6.0625,0.04588506177003,1.8676,0.3325270515311499,-9.28,0.5,0.0,0.4375,0.0,0.0,0.0,0.0,0.0625,0.0,0.0,0.0,0.0,0.0
B2_TERN_SOL_093_Ru_Ti75_Ta25,3.098798357,-0.958150623,6.125,0.0454989552387946,1.8652,0.3350178502706983,-8.559999999999999,0.5,0.0,0.375,0.0,0.0,0.0,0.0,0.125,0.0,0.0,0.0,0.0,0.0
B2_TERN_SOL_094_Ru_Ti87_W12,2.443767345,-0.933472753,6.125,0.0449536510398423,1.9192,0.338158779273879,-9.52,0.5,0.0,0.4375,0.0,0.0,0.0,0.0,0.0,0.0625,0.0,0.0,0.0,0.0
B2_TERN_SOL_095_Ru_Ti75_W25,3.082186007,-0.789613358,6.25,0.0433128345312989,1.9684,0.3390596407713546,-9.04,0.5,0.0,0.375,0.0,0.0,0.0,0.0,0.0,0.125,0.0,0.0,0.0,0.0
B2_TERN_SOL_096_Ru_Ti87_V12,2.432602346,-0.982724607,6.0625,0.0461854444311139,1.8754,0.3252581128888256,-9.04,0.5,0.0,0.4375,0.0,0.0,0.0,0.0,0.0,0.0,0.0625,0.0,0.0,0.0
B2_TERN_SOL_097_Ru_Ti75_V25,3.05499642,-0.905306641,6.125,0.0454154582679287,1.8808,0.3203550530271062,-8.08,0.5,0.0,0.375,0.0,0.0,0.0,0.0,0.0,0.0,0.125,0.0,0.0,0.0
B2_TERN_SOL_098_Ru_Zr87_Nb12,2.587326291,-0.890146496,6.0625,0.0860586382926536,1.7812,0.423370476060861,-16.756800000000002,0.5,0.0,0.0,0.4375,0.0,0.0,0.0625,0.0,0.0,0.0,0.0,0.0,0.0
B2_TERN_SOL_099_Ru_Zr75_Nb25,3.24867904,-0.818094975,6.125,0.0831528643327092,1.7974,0.4107739524361301,-15.4272,0.5,0.0,0.0,0.375,0.0,0.0,0.125,0.0,0.0,0.0,0.0,0.0,0.0
B2_TERN_SOL_100_Ru_Zr87_Mo12,2.579128061,-0.806967569,6.125,0.0870934949098326,1.8148,0.4298289892503762,-16.8,0.5,0.0,0.0,0.4375,0.0,0.0625,0.0,0.0,0.0,0.0,0.0,0.0,0.0
B2_TERN_SOL_101_Ru_Zr75_Mo25,3.227755359,-0.655458039,6.25,0.084783177312234,1.8646000000000005,0.4187133148109814,-15.6,0.5,0.0,0.0,0.375,0.0,0.125,0.0,0.0,0.0,0.0,0.0,0.0,0.0
B2_TERN_SOL_102_Ru_Zr87_Ta12,2.585601013,-0.911972703,6.0625,0.0860586382926536,1.7752,0.4265922643461787,-16.32,0.5,0.0,0.0,0.4375,0.0,0.0,0.0,0.0625,0.0,0.0,0.0,0.0,0.0
B2_TERN_SOL_103_Ru_Zr75_Ta25,3.244496924,-0.863325979,6.125,0.0831528643327091,1.7854,0.4177664898002233,-14.64,0.5,0.0,0.0,0.375,0.0,0.0,0.0,0.125,0.0,0.0,0.0,0.0,0.0
B2_TERN_SOL_104_Ru_Zr87_W12,2.579495061,-0.814514579,6.125,0.0870934949098326,1.8268,0.4419205358432667,-16.56,0.5,0.0,0.0,0.4375,0.0,0.0,0.0,0.0,0.0625,0.0,0.0,0.0,0.0
B2_TERN_SOL_105_Ru_Zr75_W25,3.229426942,-0.661370427,6.25,0.084783177312234,1.8886,0.4401409319752027,-15.12,0.5,0.0,0.0,0.375,0.0,0.0,0.0,0.0,0.125,0.0,0.0,0.0,0.0
B2_TERN_SOL_106_Ru_Zr87_V12,2.572114963,-0.856520623,6.0625,0.0887380403728719,1.783,0.4226594373724548,-16.08,0.5,0.0,0.0,0.4375,0.0,0.0,0.0,0.0,0.0,0.0625,0.0,0.0,0.0
B2_TERN_SOL_107_Ru_Zr75_V25,3.208378924,-0.759667971,6.125,0.0877123126458997,1.8010000000000002,0.4091564492953766,-14.16,0.5,0.0,0.0,0.375,0.0,0.0,0.0,0.0,0.0,0.125,0.0,0.0,0.0
B2_PENALTY_108_Ru100Al0_Hf,5.135083991,-1.187745448,6.0,0.0821917808219178,1.75,0.45,-15.0,0.5,0.5,0.0,0.0,0.0,0.0,0.0,0.0,0.0,0.0,0.0,0.0,0.0
B2_PENALTY_109_Ru87Al12_Hf,2.578995294,-1.06443911,5.6875,0.0794670531912796,1.7146,0.4362027510229618,-15.312,0.4375,0.5,0.0,0.0,0.0625,0.0,0.0,0.0,0.0,0.0,0.0,0.0,0.0
B2_PENALTY_110_Ru75Al25_Hf,3.264770933,-0.95574225,5.375,0.0765104674756606,1.6792000000000002,0.4189741758151689,-15.048,0.375,0.5,0.0,0.0,0.125,0.0,0.0,0.0,0.0,0.0,0.0,0.0,0.0
B2_PENALTY_111_Ru62Al37_Hf,2.60403723,-0.842813539,5.0625,0.072734714189907,1.6379,0.3939322149812072,-14.012,0.3125,0.5,0.0,0.0,0.1875,0.0,0.0,0.0,0.0,0.0,0.0,0.0,0.0
B2_PENALTY_112_Ru50Al50_Hf,4.152701731,-0.729649314,4.75,0.0691810843061248,1.6025,0.3674489760497368,-12.5,0.25,0.5,0.0,0.0,0.25,0.0,0.0,0.0,0.0,0.0,0.0,0.0,0.0
B2_PENALTY_113_Ru87Cr12_Hf,2.562502587,-1.035615577,5.875,0.0853931303142513,1.7176,0.4356446258132884,-12.672,0.4375,0.5,0.0,0.0,0.0,0.0,0.0,0.0,0.0,0.0,0.0625,0.0,0.0
B2_PENALTY_114_Ru75Cr25_Hf,3.225424668,-0.878162691,5.75,0.0884389348964152,1.6852000000000005,0.4182976930369089,-10.488,0.375,0.5,0.0,0.0,0.0,0.0,0.0,0.0,0.0,0.0,0.125,0.0,0.0
B2_PENALTY_115_Ru62Cr37_Hf,2.556723432,-0.716377173,5.625,0.0918154837201231,1.6474000000000002,0.3937476857074846,-8.122,0.3125,0.5,0.0,0.0,0.0,0.0,0.0,0.0,0.0,0.0,0.1875,0.0,0.0
B2_PENALTY_116_Ru50Cr50_Hf,4.053567315,-0.552796357,5.5,0.09457197487001,1.615,0.3683408747342603,-6.25,0.25,0.5,0.0,0.0,0.0,0.0,0.0,0.0,0.0,0.0,0.25,0.0,0.0
B2_PENALTY_117_Ru87Cu12_Hf,2.569438099,-1.045192975,6.1875,0.0853931303142513,1.7320000000000002,0.4374654272053965,-14.4672,0.4375,0.5,0.0,0.0,0.0,0.0,0.0,0.0,0.0,0.0,0.0,0.0625,0.0
B2_PENALTY_118_Ru75Cu25_Hf,3.236261822,-0.923389889,6.375,0.0884389348964152,1.7140000000000002,0.4237971212738473,-13.5888,0.375,0.5,0.0,0.0,0.0,0.0,0.0,0.0,0.0,0.0,0.0,0.125,0.0
B2_PENALTY_119_Ru62Cu37_Hf,2.568274935,-0.799684359,6.5625,0.0918154837201231,1.693,0.4062646920420233,-12.1272,0.3125,0.5,0.0,0.0,0.0,0.0,0.0,0.0,0.0,0.0,0.0,0.1875,0.0
B2_PENALTY_120_Ru50Cu50_Hf,4.076680397,-0.677358279,6.75,0.09457197487001,1.675,0.3897114317029974,-10.5,0.25,0.5,0.0,0.0,0.0,0.0,0.0,0.0,0.0,0.0,0.0,0.25,0.0
B2_PENALTY_121_Ru87Si12_Hf,2.574158138,-1.089550642,5.75,0.0937602843775687,1.7320000000000002,0.4374654272053965,-12.3552,0.4375,0.5,0.0,0.0,0.0,0.0,0.0,0.0,0.0,0.0,0.0,0.0,0.0625
B2_PENALTY_122_Ru75Si25_Hf,3.248412429,-1.009713639,5.5,0.1038426921242283,1.7140000000000002,0.4237971212738473,-9.9408,0.375,0.5,0.0,0.0,0.0,0.0,0.0,0.0,0.0,0.0,0.0,0.0,0.125
B2_PENALTY_123_Ru62Si37_Hf,2.583127124,-0.920694427,5.25,0.1142356063938751,1.693,0.4062646920420233,-7.4152,0.3125,0.5,0.0,0.0,0.0,0.0,0.0,0.0,0.0,0.0,0.0,0.0,0.1875
B2_PENALTY_124_Ru50Si50_Hf,4.107906653,-0.838327211,5.0,0.1222287117389678,1.6750000000000005,0.3897114317029974,-5.5,0.25,0.5,0.0,0.0,0.0,0.0,0.0,0.0,0.0,0.0,0.0,0.0,0.25
B2_PENALTY_125_Ru100Al0_Ti,4.881705796,-1.057956866,6.0,0.0462633451957295,1.87,0.33,-10.0,0.5,0.0,0.5,0.0,0.0,0.0,0.0,0.0,0.0,0.0,0.0,0.0,0.0
B2_PENALTY_126_Ru87Al12_Ti,2.450404438,-0.970267174,5.6875,0.0447291357659921,1.8346,0.3242974560492266,-10.912,0.4375,0.0,0.5,0.0,0.0625,0.0,0.0,0.0,0.0,0.0,0.0,0.0,0.0
B2_PENALTY_127_Ru75Al25_Ti,3.09969531,-0.88819063,5.375,0.0428259601061415,1.7992,0.3145335594177512,-11.248,0.375,0.0,0.5,0.0,0.125,0.0,0.0,0.0,0.0,0.0,0.0,0.0,0.0
B2_PENALTY_128_Ru62Al37_Ti,2.471374896,-0.804440265,5.0625,0.0400790404298587,1.7579,0.2974669561480737,-10.912,0.3125,0.0,0.5,0.0,0.1875,0.0,0.0,0.0,0.0,0.0,0.0,0.0,0.0
B2_PENALTY_129_Ru50Al50_Ti,3.939553259,-0.713701673,4.75,0.0371922251866817,1.7225,0.2771619562638422,-10.0,0.25,0.0,0.5,0.0,0.25,0.0,0.0,0.0,0.0,0.0,0.0,0.0,0.0
B2_PENALTY_130_Ru87Cr12_Ti,2.434397938,-0.94270459,5.875,0.0499298619726951,1.8376,0.3224317602222213,-8.272,0.4375,0.0,0.5,0.0,0.0,0.0,0.0,0.0,0.0,0.0,0.0625,0.0,0.0
B2_PENALTY_131_Ru75Cr25_Ti,3.061448806,-0.80961964,5.75,0.0532543770850372,1.8052,0.3113277372801852,-6.688,0.375,0.0,0.5,0.0,0.0,0.0,0.0,0.0,0.0,0.0,0.125,0.0,0.0
B2_PENALTY_132_Ru62Cr37_Ti,2.424470344,-0.675679922,5.625,0.0567786551293567,1.7674,0.2933619607242902,-5.022,0.3125,0.0,0.5,0.0,0.0,0.0,0.0,0.0,0.0,0.0,0.1875,0.0,0.0
B2_PENALTY_133_Ru50Cr50_Ti,3.839681408,-0.538077974,5.5,0.0595429689109598,1.735,0.2729010809799038,-3.75,0.25,0.0,0.5,0.0,0.0,0.0,0.0,0.0,0.0,0.0,0.25,0.0,0.0
B2_PENALTY_134_Ru87Cu12_Ti,2.441297595,-0.919729937,6.1875,0.0499298619726951,1.852,0.3195246469366644,-10.0672,0.4375,0.0,0.5,0.0,0.0,0.0,0.0,0.0,0.0,0.0,0.0,0.0625,0.0
B2_PENALTY_135_Ru75Cu25_Ti,3.074675013,-0.801717189,6.375,0.0532543770850372,1.834,0.3076426498390625,-9.7888,0.375,0.0,0.5,0.0,0.0,0.0,0.0,0.0,0.0,0.0,0.0,0.125,0.0
B2_PENALTY_136_Ru62Cu37_Ti,2.440175866,-0.680640909,6.5625,0.0567786551293567,1.813,0.2917721713940519,-9.0272,0.3125,0.0,0.5,0.0,0.0,0.0,0.0,0.0,0.0,0.0,0.0,0.1875,0.0
B2_PENALTY_137_Ru50Cu50_Ti,3.872743044,-0.557797759,6.75,0.0595429689109598,1.7950000000000002,0.2761792895928295,-8.0,0.25,0.0,0.5,0.0,0.0,0.0,0.0,0.0,0.0,0.0,0.0,0.25,0.0
B2_PENALTY_138_Ru87Si12_Ti,2.443848687,-0.989505902,5.75,0.0607546208741894,1.852,0.3195246469366644,-7.9552,0.4375,0.0,0.5,0.0,0.0,0.0,0.0,0.0,0.0,0.0,0.0,0.0,0.0625
B2_PENALTY_139_Ru75Si25_Ti,3.0820502,-0.93611645,5.5,0.0719655963958058,1.834,0.3076426498390625,-6.1408,0.375,0.0,0.5,0.0,0.0,0.0,0.0,0.0,0.0,0.0,0.0,0.0,0.125
B2_PENALTY_140_Ru62Si37_Ti,2.448470295,-0.869757039,5.25,0.0826499299050591,1.813,0.2917721713940519,-4.3152,0.3125,0.0,0.5,0.0,0.0,0.0,0.0,0.0,0.0,0.0,0.0,0.0,0.1875
B2_PENALTY_141_Ru50Si50_Ti,3.890404933,-0.808674347,5.0,0.090393746324797,1.795,0.2761792895928295,-3.0,0.25,0.0,0.5,0.0,0.0,0.0,0.0,0.0,0.0,0.0,0.0,0.0,0.25
B2_PENALTY_142_Ru100Al0_Zr,5.194385147,-0.960777489,6.0,0.0884353741496598,1.765,0.435,-18.0,0.5,0.0,0.0,0.5,0.0,0.0,0.0,0.0,0.0,0.0,0.0,0.0,0.0
B2_PENALTY_143_Ru87Al12_Zr,2.608733784,-0.873588029,5.6875,0.0856069896776228,1.7296,0.421971373436635,-17.951999999999998,0.4375,0.0,0.0,0.5,0.0625,0.0,0.0,0.0,0.0,0.0,0.0,0.0,0.0
B2_PENALTY_144_Ru75Al25_Zr,3.302387941,-0.797935587,5.375,0.0825630715605787,1.6942000000000002,0.4054483444287324,-17.328,0.375,0.0,0.0,0.5,0.125,0.0,0.0,0.0,0.0,0.0,0.0,0.0,0.0
B2_PENALTY_145_Ru62Al37_Zr,2.633831346,-0.726652657,5.0625,0.0787099182537501,1.6529,0.381143791763686,-15.872,0.3125,0.0,0.0,0.5,0.1875,0.0,0.0,0.0,0.0,0.0,0.0,0.0,0.0
B2_PENALTY_146_Ru50Al50_Zr,4.199293486,-0.654418284,4.75,0.0751158704347694,1.6175000000000002,0.3552024070864386,-14.0,0.25,0.0,0.0,0.5,0.25,0.0,0.0,0.0,0.0,0.0,0.0,0.0,0.0
B2_PENALTY_147_Ru87Cr12_Zr,2.592179044,-0.824075051,5.875,0.0915913075118357,1.7326,0.4212875977286776,-15.312,0.4375,0.0,0.0,0.5,0.0,0.0,0.0,0.0,0.0,0.0,0.0625,0.0,0.0
B2_PENALTY_148_Ru75Cr25_Zr,3.262005664,-0.675888976,5.75,0.0946071432924222,1.7002000000000002,0.4045268347093924,-12.768,0.375,0.0,0.0,0.5,0.0,0.0,0.0,0.0,0.0,0.0,0.125,0.0,0.0
B2_PENALTY_149_Ru62Cr37_Zr,2.585500791,-0.525764636,5.625,0.097964971374696,1.6624,0.3805788223219995,-9.982,0.3125,0.0,0.0,0.5,0.0,0.0,0.0,0.0,0.0,0.0,0.1875,0.0,0.0
B2_PENALTY_150_Ru50Cr50_Zr,4.09832298,-0.377855166,5.5,0.100717188245724,1.63,0.355598087733891,-7.75,0.25,0.0,0.0,0.5,0.0,0.0,0.0,0.0,0.0,0.0,0.25,0.0,0.0
B2_PENALTY_151_Ru87Cu12_Zr,2.598620194,-0.842497728,6.1875,0.0915913075118357,1.747,0.4226594373724548,-17.1072,0.4375,0.0,0.0,0.5,0.0,0.0,0.0,0.0,0.0,0.0,0.0,0.0625,0.0
B2_PENALTY_152_Ru75Cu25_Zr,3.273069781,-0.744916574,6.375,0.0946071432924222,1.729,0.4091564492953766,-15.8688,0.375,0.0,0.0,0.5,0.0,0.0,0.0,0.0,0.0,0.0,0.0,0.125,0.0
B2_PENALTY_153_Ru62Cu37_Zr,2.597649425,-0.643740809,6.5625,0.097964971374696,1.708,0.3917728933961614,-13.9872,0.3125,0.0,0.0,0.5,0.0,0.0,0.0,0.0,0.0,0.0,0.0,0.1875,0.0
B2_PENALTY_154_Ru50Cu50_Zr,4.124319928,-0.545283305,6.75,0.100717188245724,1.6900000000000002,0.3752998800959041,-12.0,0.25,0.0,0.0,0.5,0.0,0.0,0.0,0.0,0.0,0.0,0.0,0.25,0.0
B2_PENALTY_155_Ru87Si12_Zr,2.603487904,-0.898605077,5.75,0.0996987498196708,1.747,0.4226594373724548,-14.9952,0.4375,0.0,0.0,0.5,0.0,0.0,0.0,0.0,0.0,0.0,0.0,0.0,0.0625
B2_PENALTY_156_Ru75Si25_Zr,3.285422312,-0.857108746,5.5,0.1096308366502065,1.729,0.4091564492953766,-12.2208,0.375,0.0,0.0,0.5,0.0,0.0,0.0,0.0,0.0,0.0,0.0,0.0,0.125
B2_PENALTY_157_Ru62Si37_Zr,2.611968248,-0.806319256,5.25,0.1199620550667942,1.708,0.3917728933961614,-9.2752,0.3125,0.0,0.0,0.5,0.0,0.0,0.0,0.0,0.0,0.0,0.0,0.0,0.1875
B2_PENALTY_158_Ru50Si50_Zr,4.150436873,-0.770078956,5.0,0.127965781170799,1.69,0.3752998800959041,-7.0,0.25,0.0,0.0,0.5,0.0,0.0,0.0,0.0,0.0,0.0,0.0,0.0,0.25
B2_MULTI_159_A_Ru87_Al12_B_HfTi,2.518380484,-0.993246203,5.6875,0.0678797217863284,1.7746000000000002,0.3889997943444186,-13.112,0.4375,0.25,0.25,0.0,0.0625,0.0,0.0,0.0,0.0,0.0,0.0,0.0,0.0
B2_MULTI_160_A_Ru75_Al25_B_HfTi,3.186447237,-0.900034303,5.375,0.0654597746128897,1.7392,0.3752803751863399,-13.148,0.375,0.25,0.25,0.0,0.125,0.0,0.0,0.0,0.0,0.0,0.0,0.0,0.0
B2_MULTI_161_A_Ru87_Al12_B_HfZr,2.593983772,-0.966894404,5.6875,0.0826853853075511,1.7221000000000002,0.4292115911761937,-16.631999999999998,0.4375,0.25,0.0,0.25,0.0625,0.0,0.0,0.0,0.0,0.0,0.0,0.0,0.0
B2_MULTI_162_A_Ru75_Al25_B_HfZr,3.283818469,-0.87583034,5.375,0.0796873228030491,1.6867,0.4123349487976978,-16.188,0.375,0.25,0.0,0.25,0.125,0.0,0.0,0.0,0.0,0.0,0.0,0.0,0.0
B2_MULTI_163_A_Ru87_Al12_B_HfAl,2.495293785,-4.954411074,2.8125,0.0553065594713224,1.8678,0.3451393341825878,-18.8,0.25,0.0625,0.0,0.0,0.1875,0.0,0.0,0.0,0.0,0.0,0.0,0.0,0.0
B2_MULTI_163_A_Ru87_Al13_B_HfAl,2.494957013,-1.044063929,5.4375,0.0671169315930914,1.7921,0.3795109879832204,-17.512,0.4375,0.25,0.0,0.0,0.3125,0.0,0.0,0.0,0.0,0.0,0.0,0.0,0.0
B2_MULTI_164_A_Ru75_Al25_B_HfAl,3.160855152,-0.932800309,5.125,0.0647257979106258,1.7552475247524757,0.3655934929642944,-16.912067444368198,0.375,0.25,0.0,0.0,0.375,0.0,0.0,0.0,0.0,0.0,0.0,0.0,0.0
B2_MULTI_165_A_Ru87_Al12_B_TiZr,2.533666714,-0.881935538,5.6875,0.0727621617453034,1.7821000000000002,0.3799613006610016,-14.432,0.4375,0.0,0.25,0.25,0.0625,0.0,0.0,0.0,0.0,0.0,0.0,0.0,0.0
B2_MULTI_166_A_Ru75_Al25_B_TiZr,3.206361714,-0.808063227,5.375,0.0703058182976203,1.7467,0.3666280267519111,-14.288,0.375,0.0,0.25,0.25,0.125,0.0,0.0,0.0,0.0,0.0,0.0,0.0,0.0
B2_MULTI_167_A_Ru87_Al12_B_TiAl,2.424572308,-5.952786629,1.5,0.0273038199437399,1.694324324324325,0.2239032192052839,-9.817384952520088,0.0625,0.0,0.0625,0.0,0.25,0.0,0.0,0.0,0.0,0.0,0.0,0.0,0.0
B2_MULTI_167_A_Ru87_Al13_B_TiAl,2.424470144,-1.021190861,5.4375,0.0396803315535911,1.8521,0.309477931361834,-15.312,0.4375,0.0,0.25,0.0,0.3125,0.0,0.0,0.0,0.0,0.0,0.0,0.0,0.0
B2_MULTI_168_A_Ru75_Al25_B_TiAl,3.070901903,-0.941385339,5.125,0.0380980563492807,1.814653465346535,0.3004965012116891,-15.049504950495049,0.375,0.0,0.25,0.0,0.375,0.0,0.0,0.0,0.0,0.0,0.0,0.0,0.0
B2_MULTI_169_A_Ru87_Al12_B_ZrAl,2.512434563,-3.978965604,3.1875,0.0773292902137734,1.9146938775510205,0.3828683476015858,-17.35276967930029,0.3125,0.0,0.0,0.125,0.0625,0.0,0.0,0.0,0.0,0.0,0.0,0.0,0.0
B2_MULTI_169_A_Ru87_Al13_B_ZrAl,2.512433663,-0.95203949,5.4375,0.0724611766706071,1.7996,0.3698862527859072,-18.832,0.4375,0.0,0.0,0.25,0.3125,0.0,0.0,0.0,0.0,0.0,0.0,0.0,0.0
B2_MULTI_170_A_Ru75_Al25_B_ZrAl,3.180115415,-0.885427863,5.125,0.0699929276125827,1.762673267326733,0.356461962724668,-18.02960494069209,0.375,0.0,0.0,0.25,0.375,0.0,0.0,0.0,0.0,0.0,0.0,0.0,0.0
